{
    "title": "Bluey",
    "plot": "Blue Crtana Serija",
    "thumb": "https:\/\/m.media-amazon.com\/images\/M\/MV5BYWU1YmQzMjEtMDNjOS00MGIyLWExY2ItZDAzNmU5NWViMGZmXkEyXkFqcGc@._V1_.jpg",
    "type": "crtane-serije",
    "created_at": "2025-05-24 08:07:35",
    "year": 2018,
    "seasons": {
        "1": {
            "title": "Sezona 1",
            "episodes": [
                {
                    "episode_number": 1,
                    "title": "Epizoda 1",
                    "link_groups": {
                        "glavni": [
                            "https:\/\/www.file-upload.org\/jt3yrthbekod"
                        ],
                        "alternativni_1": [
                            "https:\/\/www.file-upload.org\/jt3yrthbekod"
                        ],
                        "alternativni_2": [
                            "https:\/\/www.file-upload.org\/jt3yrthbekod"
                        ]
                    }
                },
                {
                    "episode_number": 2,
                    "title": "Epizoda 2",
                    "link_groups": {
                        "glavni": [
                            "https:\/\/www.file-upload.org\/x9yd12wiwnfo"
                        ],
                        "alternativni_1": [
                            "https:\/\/www.file-upload.org\/x9yd12wiwnfo"
                        ],
                        "alternativni_2": [
                            "https:\/\/www.file-upload.org\/x9yd12wiwnfo"
                        ]
                    }
                },
                {
                    "episode_number": 3,
                    "title": "Epizoda 3",
                    "link_groups": {
                        "glavni": [
                            "https:\/\/www.file-upload.org\/yr2u11tryssy"
                        ],
                        "alternativni_1": [
                            "https:\/\/www.file-upload.org\/yr2u11tryssy"
                        ],
                        "alternativni_2": [
                            "https:\/\/www.file-upload.org\/yr2u11tryssy"
                        ]
                    }
                },
                {
                    "episode_number": 4,
                    "title": "Epizoda 4",
                    "link_groups": {
                        "glavni": [
                            "https:\/\/www.file-upload.org\/0qbbxtfduv9c"
                        ],
                        "alternativni_1": [
                            "https:\/\/www.file-upload.org\/0qbbxtfduv9c"
                        ],
                        "alternativni_2": [
                            "https:\/\/www.file-upload.org\/0qbbxtfduv9c"
                        ]
                    }
                },
                {
                    "episode_number": 5,
                    "title": "Epizoda 5",
                    "link_groups": {
                        "glavni": [
                            "https:\/\/www.file-upload.org\/icy6d9sfxiix"
                        ],
                        "alternativni_1": [
                            "https:\/\/www.file-upload.org\/icy6d9sfxiix"
                        ],
                        "alternativni_2": [
                            "https:\/\/www.file-upload.org\/icy6d9sfxiix"
                        ]
                    }
                },
                {
                    "episode_number": 6,
                    "title": "Epizoda 6",
                    "link_groups": {
                        "glavni": [
                            "https:\/\/www.file-upload.org\/f2hhtco7a61b"
                        ],
                        "alternativni_1": [
                            "https:\/\/www.file-upload.org\/f2hhtco7a61b"
                        ],
                        "alternativni_2": [
                            "https:\/\/www.file-upload.org\/f2hhtco7a61b"
                        ]
                    }
                },
                {
                    "episode_number": 7,
                    "title": "Epizoda 7",
                    "link_groups": {
                        "glavni": [
                            "https:\/\/www.file-upload.org\/62naa57vvtat"
                        ],
                        "alternativni_1": [
                            "https:\/\/www.file-upload.org\/62naa57vvtat"
                        ],
                        "alternativni_2": [
                            "https:\/\/www.file-upload.org\/62naa57vvtat"
                        ]
                    }
                },
                {
                    "episode_number": 8,
                    "title": "Epizoda 8",
                    "link_groups": {
                        "glavni": [
                            "https:\/\/www.file-upload.org\/dd4j0bffmmuq"
                        ],
                        "alternativni_1": [
                            "https:\/\/www.file-upload.org\/dd4j0bffmmuq"
                        ],
                        "alternativni_2": [
                            "https:\/\/www.file-upload.org\/dd4j0bffmmuq"
                        ]
                    }
                },
                {
                    "episode_number": 9,
                    "title": "Epizoda 9",
                    "link_groups": {
                        "glavni": [
                            "https:\/\/www.file-upload.org\/rk4u46dnv248"
                        ],
                        "alternativni_1": [
                            "https:\/\/www.file-upload.org\/rk4u46dnv248"
                        ],
                        "alternativni_2": [
                            "https:\/\/www.file-upload.org\/rk4u46dnv248"
                        ]
                    }
                },
                {
                    "episode_number": 10,
                    "title": "Epizoda 10",
                    "link_groups": {
                        "glavni": [
                            "https:\/\/www.file-upload.org\/hkae6cviiw31"
                        ],
                        "alternativni_1": [
                            "https:\/\/www.file-upload.org\/hkae6cviiw31"
                        ],
                        "alternativni_2": [
                            "https:\/\/www.file-upload.org\/hkae6cviiw31"
                        ]
                    }
                },
                {
                    "episode_number": 11,
                    "title": "Epizoda 11",
                    "link_groups": {
                        "glavni": [
                            "https:\/\/www.file-upload.org\/xzyo27azkizg"
                        ],
                        "alternativni_1": [
                            "https:\/\/www.file-upload.org\/xzyo27azkizg"
                        ],
                        "alternativni_2": [
                            "https:\/\/www.file-upload.org\/xzyo27azkizg"
                        ]
                    }
                },
                {
                    "episode_number": 12,
                    "title": "Epizoda 12",
                    "link_groups": {
                        "glavni": [
                            "https:\/\/www.file-upload.org\/vwpj65iv02rd"
                        ],
                        "alternativni_1": [
                            "https:\/\/www.file-upload.org\/vwpj65iv02rd"
                        ],
                        "alternativni_2": [
                            "https:\/\/www.file-upload.org\/vwpj65iv02rd"
                        ]
                    }
                },
                {
                    "episode_number": 13,
                    "title": "Epizoda 13",
                    "link_groups": {
                        "glavni": [
                            "https:\/\/www.file-upload.org\/6nyv8gn9uouf"
                        ],
                        "alternativni_1": [
                            "https:\/\/www.file-upload.org\/6nyv8gn9uouf"
                        ],
                        "alternativni_2": [
                            "https:\/\/www.file-upload.org\/6nyv8gn9uouf"
                        ]
                    }
                },
                {
                    "episode_number": 14,
                    "title": "Epizoda 14",
                    "link_groups": {
                        "glavni": [
                            "https:\/\/www.file-upload.org\/58mfhg35cfeq"
                        ],
                        "alternativni_1": [
                            "https:\/\/www.file-upload.org\/58mfhg35cfeq"
                        ],
                        "alternativni_2": [
                            "https:\/\/www.file-upload.org\/58mfhg35cfeq"
                        ]
                    }
                },
                {
                    "episode_number": 15,
                    "title": "Epizoda 15",
                    "link_groups": {
                        "glavni": [
                            "https:\/\/www.file-upload.org\/zeaqr1i1lzby"
                        ],
                        "alternativni_1": [
                            "https:\/\/www.file-upload.org\/zeaqr1i1lzby"
                        ],
                        "alternativni_2": [
                            "https:\/\/www.file-upload.org\/zeaqr1i1lzby"
                        ]
                    }
                },
                {
                    "episode_number": 16,
                    "title": "Epizoda 16",
                    "link_groups": {
                        "glavni": [
                            "https:\/\/www.file-upload.org\/p61aphdt30eb"
                        ],
                        "alternativni_1": [
                            "https:\/\/www.file-upload.org\/p61aphdt30eb"
                        ],
                        "alternativni_2": [
                            "https:\/\/www.file-upload.org\/p61aphdt30eb"
                        ]
                    }
                },
                {
                    "episode_number": 17,
                    "title": "Epizoda 17",
                    "link_groups": {
                        "glavni": [
                            "https:\/\/www.file-upload.org\/9syofm0iqq0h"
                        ],
                        "alternativni_1": [
                            "https:\/\/www.file-upload.org\/9syofm0iqq0h"
                        ],
                        "alternativni_2": [
                            "https:\/\/www.file-upload.org\/9syofm0iqq0h"
                        ]
                    }
                },
                {
                    "episode_number": 18,
                    "title": "Epizoda 18",
                    "link_groups": {
                        "glavni": [
                            "https:\/\/www.file-upload.org\/z9rcxatafqen"
                        ],
                        "alternativni_1": [
                            "https:\/\/www.file-upload.org\/z9rcxatafqen"
                        ],
                        "alternativni_2": [
                            "https:\/\/www.file-upload.org\/z9rcxatafqen"
                        ]
                    }
                },
                {
                    "episode_number": 19,
                    "title": "Epizoda 19",
                    "link_groups": {
                        "glavni": [
                            "https:\/\/www.file-upload.org\/hut91z34ox31"
                        ],
                        "alternativni_1": [
                            "https:\/\/www.file-upload.org\/hut91z34ox31"
                        ],
                        "alternativni_2": [
                            "https:\/\/www.file-upload.org\/hut91z34ox31"
                        ]
                    }
                },
                {
                    "episode_number": 20,
                    "title": "Epizoda 20",
                    "link_groups": {
                        "glavni": [
                            "https:\/\/www.file-upload.org\/s4huwunln1qc"
                        ],
                        "alternativni_1": [
                            "https:\/\/www.file-upload.org\/s4huwunln1qc"
                        ],
                        "alternativni_2": [
                            "https:\/\/www.file-upload.org\/s4huwunln1qc"
                        ]
                    }
                },
                {
                    "episode_number": 21,
                    "title": "Epizoda 21",
                    "link_groups": {
                        "glavni": [
                            "https:\/\/www.file-upload.org\/usogpt0zmsti"
                        ],
                        "alternativni_1": [
                            "https:\/\/www.file-upload.org\/usogpt0zmsti"
                        ],
                        "alternativni_2": [
                            "https:\/\/www.file-upload.org\/usogpt0zmsti"
                        ]
                    }
                },
                {
                    "episode_number": 22,
                    "title": "Epizoda 22",
                    "link_groups": {
                        "glavni": [
                            "https:\/\/www.file-upload.org\/0ks3gxcz9g0p"
                        ],
                        "alternativni_1": [
                            "https:\/\/www.file-upload.org\/0ks3gxcz9g0p"
                        ],
                        "alternativni_2": [
                            "https:\/\/www.file-upload.org\/0ks3gxcz9g0p"
                        ]
                    }
                },
                {
                    "episode_number": 23,
                    "title": "Epizoda 23",
                    "link_groups": {
                        "glavni": [
                            "https:\/\/www.file-upload.org\/io546ld613bc"
                        ],
                        "alternativni_1": [
                            "https:\/\/www.file-upload.org\/io546ld613bc"
                        ],
                        "alternativni_2": [
                            "https:\/\/www.file-upload.org\/io546ld613bc"
                        ]
                    }
                },
                {
                    "episode_number": 24,
                    "title": "Epizoda 24",
                    "link_groups": {
                        "glavni": [
                            "https:\/\/www.file-upload.org\/ic5b5fy4pm6s"
                        ],
                        "alternativni_1": [
                            "https:\/\/www.file-upload.org\/ic5b5fy4pm6s"
                        ],
                        "alternativni_2": [
                            "https:\/\/www.file-upload.org\/ic5b5fy4pm6s"
                        ]
                    }
                },
                {
                    "episode_number": 25,
                    "title": "Epizoda 25",
                    "link_groups": {
                        "glavni": [
                            "https:\/\/www.file-upload.org\/ft329ei70hs5"
                        ],
                        "alternativni_1": [
                            "https:\/\/www.file-upload.org\/ft329ei70hs5"
                        ],
                        "alternativni_2": [
                            "https:\/\/www.file-upload.org\/ft329ei70hs5"
                        ]
                    }
                },
                {
                    "episode_number": 26,
                    "title": "Epizoda 26",
                    "link_groups": {
                        "glavni": [
                            "https:\/\/www.file-upload.org\/ll3zuut65zyr"
                        ],
                        "alternativni_1": [
                            "https:\/\/www.file-upload.org\/ll3zuut65zyr"
                        ],
                        "alternativni_2": [
                            "https:\/\/www.file-upload.org\/ll3zuut65zyr"
                        ]
                    }
                },
                {
                    "episode_number": 27,
                    "title": "Epizoda 27",
                    "link_groups": {
                        "glavni": [
                            "https:\/\/www.file-upload.org\/xk7j1nxatcz5"
                        ],
                        "alternativni_1": [
                            "https:\/\/www.file-upload.org\/xk7j1nxatcz5"
                        ],
                        "alternativni_2": [
                            "https:\/\/www.file-upload.org\/xk7j1nxatcz5"
                        ]
                    }
                },
                {
                    "episode_number": 28,
                    "title": "Epizoda 28",
                    "link_groups": {
                        "glavni": [
                            "https:\/\/www.file-upload.org\/ksphhh5m1fyn"
                        ],
                        "alternativni_1": [
                            "https:\/\/www.file-upload.org\/ksphhh5m1fyn"
                        ],
                        "alternativni_2": [
                            "https:\/\/www.file-upload.org\/ksphhh5m1fyn"
                        ]
                    }
                },
                {
                    "episode_number": 29,
                    "title": "Epizoda 29",
                    "link_groups": {
                        "glavni": [
                            "https:\/\/www.file-upload.org\/k03qy8fkh7k4"
                        ],
                        "alternativni_1": [
                            "https:\/\/www.file-upload.org\/k03qy8fkh7k4"
                        ],
                        "alternativni_2": [
                            "https:\/\/www.file-upload.org\/k03qy8fkh7k4"
                        ]
                    }
                },
                {
                    "episode_number": 30,
                    "title": "Epizoda 30",
                    "link_groups": {
                        "glavni": [
                            "https:\/\/www.file-upload.org\/97f7w5yfkuyx"
                        ],
                        "alternativni_1": [
                            "https:\/\/www.file-upload.org\/97f7w5yfkuyx"
                        ],
                        "alternativni_2": [
                            "https:\/\/www.file-upload.org\/97f7w5yfkuyx"
                        ]
                    }
                },
                {
                    "episode_number": 31,
                    "title": "Epizoda 31",
                    "link_groups": {
                        "glavni": [
                            "https:\/\/www.file-upload.org\/97rzndmnymos"
                        ],
                        "alternativni_1": [
                            "https:\/\/www.file-upload.org\/97rzndmnymos"
                        ],
                        "alternativni_2": [
                            "https:\/\/www.file-upload.org\/97rzndmnymos"
                        ]
                    }
                },
                {
                    "episode_number": 32,
                    "title": "Epizoda 32",
                    "link_groups": {
                        "glavni": [
                            "https:\/\/www.file-upload.org\/1ldza7uwjdtr"
                        ],
                        "alternativni_1": [
                            "https:\/\/www.file-upload.org\/1ldza7uwjdtr"
                        ],
                        "alternativni_2": [
                            "https:\/\/www.file-upload.org\/1ldza7uwjdtr"
                        ]
                    }
                },
                {
                    "episode_number": 33,
                    "title": "Epizoda 33",
                    "link_groups": {
                        "glavni": [
                            "https:\/\/www.file-upload.org\/2yynab9inm7y"
                        ],
                        "alternativni_1": [
                            "https:\/\/www.file-upload.org\/2yynab9inm7y"
                        ],
                        "alternativni_2": [
                            "https:\/\/www.file-upload.org\/2yynab9inm7y"
                        ]
                    }
                },
                {
                    "episode_number": 34,
                    "title": "Epizoda 34",
                    "link_groups": {
                        "glavni": [
                            "https:\/\/www.file-upload.org\/5d4cgibrbr89"
                        ],
                        "alternativni_1": [
                            "https:\/\/www.file-upload.org\/5d4cgibrbr89"
                        ],
                        "alternativni_2": [
                            "https:\/\/www.file-upload.org\/5d4cgibrbr89"
                        ]
                    }
                },
                {
                    "episode_number": 35,
                    "title": "Epizoda 35",
                    "link_groups": {
                        "glavni": [
                            "https:\/\/www.file-upload.org\/2ylbgwj0t57p"
                        ],
                        "alternativni_1": [
                            "https:\/\/www.file-upload.org\/2ylbgwj0t57p"
                        ],
                        "alternativni_2": [
                            "https:\/\/www.file-upload.org\/2ylbgwj0t57p"
                        ]
                    }
                },
                {
                    "episode_number": 36,
                    "title": "Epizoda 36",
                    "link_groups": {
                        "glavni": [
                            "https:\/\/www.file-upload.org\/v4x22g54b1oj"
                        ],
                        "alternativni_1": [
                            "https:\/\/www.file-upload.org\/v4x22g54b1oj"
                        ],
                        "alternativni_2": [
                            "https:\/\/www.file-upload.org\/v4x22g54b1oj"
                        ]
                    }
                },
                {
                    "episode_number": 37,
                    "title": "Epizoda 37",
                    "link_groups": {
                        "glavni": [
                            "https:\/\/www.file-upload.org\/esw8eh0o81ov"
                        ],
                        "alternativni_1": [
                            "https:\/\/www.file-upload.org\/esw8eh0o81ov"
                        ],
                        "alternativni_2": [
                            "https:\/\/www.file-upload.org\/esw8eh0o81ov"
                        ]
                    }
                },
                {
                    "episode_number": 38,
                    "title": "Epizoda 38",
                    "link_groups": {
                        "glavni": [
                            "https:\/\/www.file-upload.org\/n78wj0erd2cu"
                        ],
                        "alternativni_1": [
                            "https:\/\/www.file-upload.org\/n78wj0erd2cu"
                        ],
                        "alternativni_2": [
                            "https:\/\/www.file-upload.org\/n78wj0erd2cu"
                        ]
                    }
                },
                {
                    "episode_number": 39,
                    "title": "Epizoda 39",
                    "link_groups": {
                        "glavni": [
                            "https:\/\/www.file-upload.org\/g8j2nrwxtumt"
                        ],
                        "alternativni_1": [
                            "https:\/\/www.file-upload.org\/g8j2nrwxtumt"
                        ],
                        "alternativni_2": [
                            "https:\/\/www.file-upload.org\/g8j2nrwxtumt"
                        ]
                    }
                },
                {
                    "episode_number": 40,
                    "title": "Epizoda 40",
                    "link_groups": {
                        "glavni": [
                            "https:\/\/www.file-upload.org\/pomkl5hzwu3u"
                        ],
                        "alternativni_1": [
                            "https:\/\/www.file-upload.org\/pomkl5hzwu3u"
                        ],
                        "alternativni_2": [
                            "https:\/\/www.file-upload.org\/pomkl5hzwu3u"
                        ]
                    }
                },
                {
                    "episode_number": 41,
                    "title": "Epizoda 41",
                    "link_groups": {
                        "glavni": [
                            "https:\/\/www.file-upload.org\/l058csc838hp"
                        ],
                        "alternativni_1": [
                            "https:\/\/www.file-upload.org\/l058csc838hp"
                        ],
                        "alternativni_2": [
                            "https:\/\/www.file-upload.org\/l058csc838hp"
                        ]
                    }
                },
                {
                    "episode_number": 42,
                    "title": "Epizoda 42",
                    "link_groups": {
                        "glavni": [
                            "https:\/\/www.file-upload.org\/e5o3a1ep84e6"
                        ],
                        "alternativni_1": [
                            "https:\/\/www.file-upload.org\/e5o3a1ep84e6"
                        ],
                        "alternativni_2": [
                            "https:\/\/www.file-upload.org\/e5o3a1ep84e6"
                        ]
                    }
                },
                {
                    "episode_number": 43,
                    "title": "Epizoda 43",
                    "link_groups": {
                        "glavni": [
                            "https:\/\/www.file-upload.org\/x69ldup5u5qm"
                        ],
                        "alternativni_1": [
                            "https:\/\/www.file-upload.org\/x69ldup5u5qm"
                        ],
                        "alternativni_2": [
                            "https:\/\/www.file-upload.org\/x69ldup5u5qm"
                        ]
                    }
                },
                {
                    "episode_number": 44,
                    "title": "Epizoda 44",
                    "link_groups": {
                        "glavni": [
                            "https:\/\/www.file-upload.org\/ibdr7ggil50l"
                        ],
                        "alternativni_1": [
                            "https:\/\/www.file-upload.org\/ibdr7ggil50l"
                        ],
                        "alternativni_2": [
                            "https:\/\/www.file-upload.org\/ibdr7ggil50l"
                        ]
                    }
                },
                {
                    "episode_number": 45,
                    "title": "Epizoda 45",
                    "link_groups": {
                        "glavni": [
                            "https:\/\/www.file-upload.org\/babj2yfzqxk8"
                        ],
                        "alternativni_1": [
                            "https:\/\/www.file-upload.org\/babj2yfzqxk8"
                        ],
                        "alternativni_2": [
                            "https:\/\/www.file-upload.org\/babj2yfzqxk8"
                        ]
                    }
                },
                {
                    "episode_number": 46,
                    "title": "Epizoda 46",
                    "link_groups": {
                        "glavni": [
                            "https:\/\/www.file-upload.org\/k2023f3u64hw"
                        ],
                        "alternativni_1": [
                            "https:\/\/www.file-upload.org\/k2023f3u64hw"
                        ],
                        "alternativni_2": [
                            "https:\/\/www.file-upload.org\/k2023f3u64hw"
                        ]
                    }
                },
                {
                    "episode_number": 47,
                    "title": "Epizoda 47",
                    "link_groups": {
                        "glavni": [
                            "https:\/\/www.file-upload.org\/qx2x7v25jw21"
                        ],
                        "alternativni_1": [
                            "https:\/\/www.file-upload.org\/qx2x7v25jw21"
                        ],
                        "alternativni_2": [
                            "https:\/\/www.file-upload.org\/qx2x7v25jw21"
                        ]
                    }
                },
                {
                    "episode_number": 48,
                    "title": "Epizoda 48",
                    "link_groups": {
                        "glavni": [
                            "https:\/\/www.file-upload.org\/ddmldcujofpt"
                        ],
                        "alternativni_1": [
                            "https:\/\/www.file-upload.org\/ddmldcujofpt"
                        ],
                        "alternativni_2": [
                            "https:\/\/www.file-upload.org\/ddmldcujofpt"
                        ]
                    }
                },
                {
                    "episode_number": 49,
                    "title": "Epizoda 49",
                    "link_groups": {
                        "glavni": [
                            "https:\/\/www.file-upload.org\/vwul5qk6a03z"
                        ],
                        "alternativni_1": [
                            "https:\/\/www.file-upload.org\/vwul5qk6a03z"
                        ],
                        "alternativni_2": [
                            "https:\/\/www.file-upload.org\/vwul5qk6a03z"
                        ]
                    }
                },
                {
                    "episode_number": 50,
                    "title": "Epizoda 50",
                    "link_groups": {
                        "glavni": [
                            "https:\/\/www.file-upload.org\/razzzu3ok0pn"
                        ],
                        "alternativni_1": [
                            "https:\/\/www.file-upload.org\/razzzu3ok0pn"
                        ],
                        "alternativni_2": [
                            "https:\/\/www.file-upload.org\/razzzu3ok0pn"
                        ]
                    }
                },
                {
                    "episode_number": 51,
                    "title": "Epizoda 51",
                    "link_groups": {
                        "glavni": [
                            "https:\/\/www.file-upload.org\/eed556b3onle"
                        ],
                        "alternativni_1": [
                            "https:\/\/www.file-upload.org\/eed556b3onle"
                        ],
                        "alternativni_2": [
                            "https:\/\/www.file-upload.org\/eed556b3onle"
                        ]
                    }
                }
            ]
        },
        "2": {
            "title": "Sezona 2",
            "episodes": [
                {
                    "episode_number": 1,
                    "title": "Epizoda 1",
                    "link_groups": {
                        "glavni": [
                            "https:\/\/www.file-upload.org\/sojdo82pcell"
                        ],
                        "alternativni_1": [
                            "https:\/\/www.file-upload.org\/sojdo82pcell"
                        ],
                        "alternativni_2": [
                            "https:\/\/www.file-upload.org\/sojdo82pcell"
                        ]
                    }
                },
                {
                    "episode_number": 2,
                    "title": "Epizoda 2",
                    "link_groups": {
                        "glavni": [
                            "https:\/\/www.file-upload.org\/3z29ytucqvgz"
                        ],
                        "alternativni_1": [
                            "https:\/\/www.file-upload.org\/3z29ytucqvgz"
                        ],
                        "alternativni_2": [
                            "https:\/\/www.file-upload.org\/3z29ytucqvgz"
                        ]
                    }
                },
                {
                    "episode_number": 3,
                    "title": "Epizoda 3",
                    "link_groups": {
                        "glavni": [
                            "https:\/\/www.file-upload.org\/zf0x9o953hd8"
                        ],
                        "alternativni_1": [
                            "https:\/\/www.file-upload.org\/zf0x9o953hd8"
                        ],
                        "alternativni_2": [
                            "https:\/\/www.file-upload.org\/zf0x9o953hd8"
                        ]
                    }
                },
                {
                    "episode_number": 4,
                    "title": "Epizoda 4",
                    "link_groups": {
                        "glavni": [
                            "https:\/\/www.file-upload.org\/7d5g8f29ss22"
                        ],
                        "alternativni_1": [
                            "https:\/\/www.file-upload.org\/7d5g8f29ss22"
                        ],
                        "alternativni_2": [
                            "https:\/\/www.file-upload.org\/7d5g8f29ss22"
                        ]
                    }
                },
                {
                    "episode_number": 5,
                    "title": "Epizoda 5",
                    "link_groups": {
                        "glavni": [
                            "https:\/\/www.file-upload.org\/u2itjctw2o1c"
                        ],
                        "alternativni_1": [
                            "https:\/\/www.file-upload.org\/u2itjctw2o1c"
                        ],
                        "alternativni_2": [
                            "https:\/\/www.file-upload.org\/u2itjctw2o1c"
                        ]
                    }
                },
                {
                    "episode_number": 6,
                    "title": "Epizoda 6",
                    "link_groups": {
                        "glavni": [
                            "https:\/\/www.file-upload.org\/2wxymmsmnep5"
                        ],
                        "alternativni_1": [
                            "https:\/\/www.file-upload.org\/2wxymmsmnep5"
                        ],
                        "alternativni_2": [
                            "https:\/\/www.file-upload.org\/2wxymmsmnep5"
                        ]
                    }
                },
                {
                    "episode_number": 7,
                    "title": "Epizoda 7",
                    "link_groups": {
                        "glavni": [
                            "https:\/\/www.file-upload.org\/ccdnve58eozo"
                        ],
                        "alternativni_1": [
                            "https:\/\/www.file-upload.org\/ccdnve58eozo"
                        ],
                        "alternativni_2": [
                            "https:\/\/www.file-upload.org\/ccdnve58eozo"
                        ]
                    }
                },
                {
                    "episode_number": 8,
                    "title": "Epizoda 8",
                    "link_groups": {
                        "glavni": [
                            "https:\/\/www.file-upload.org\/icoxfm67235s"
                        ],
                        "alternativni_1": [
                            "https:\/\/www.file-upload.org\/icoxfm67235s"
                        ],
                        "alternativni_2": [
                            "https:\/\/www.file-upload.org\/icoxfm67235s"
                        ]
                    }
                },
                {
                    "episode_number": 9,
                    "title": "Epizoda 9",
                    "link_groups": {
                        "glavni": [
                            "https:\/\/www.file-upload.org\/eko7n78sv3lo"
                        ],
                        "alternativni_1": [
                            "https:\/\/www.file-upload.org\/eko7n78sv3lo"
                        ],
                        "alternativni_2": [
                            "https:\/\/www.file-upload.org\/eko7n78sv3lo"
                        ]
                    }
                },
                {
                    "episode_number": 10,
                    "title": "Epizoda 10",
                    "link_groups": {
                        "glavni": [
                            "https:\/\/www.file-upload.org\/gffjfz929l0g"
                        ],
                        "alternativni_1": [
                            "https:\/\/www.file-upload.org\/gffjfz929l0g"
                        ],
                        "alternativni_2": [
                            "https:\/\/www.file-upload.org\/gffjfz929l0g"
                        ]
                    }
                },
                {
                    "episode_number": 11,
                    "title": "Epizoda 11",
                    "link_groups": {
                        "glavni": [
                            "https:\/\/www.file-upload.org\/fjbluyora7d5"
                        ],
                        "alternativni_1": [
                            "https:\/\/www.file-upload.org\/fjbluyora7d5"
                        ],
                        "alternativni_2": [
                            "https:\/\/www.file-upload.org\/fjbluyora7d5"
                        ]
                    }
                },
                {
                    "episode_number": 12,
                    "title": "Epizoda 12",
                    "link_groups": {
                        "glavni": [
                            "https:\/\/www.file-upload.org\/jrafiup36w0w"
                        ],
                        "alternativni_1": [
                            "https:\/\/www.file-upload.org\/jrafiup36w0w"
                        ],
                        "alternativni_2": [
                            "https:\/\/www.file-upload.org\/jrafiup36w0w"
                        ]
                    }
                },
                {
                    "episode_number": 13,
                    "title": "Epizoda 13",
                    "link_groups": {
                        "glavni": [
                            "https:\/\/www.file-upload.org\/y0md4dm7kxg3"
                        ],
                        "alternativni_1": [
                            "https:\/\/www.file-upload.org\/y0md4dm7kxg3"
                        ],
                        "alternativni_2": [
                            "https:\/\/www.file-upload.org\/y0md4dm7kxg3"
                        ]
                    }
                },
                {
                    "episode_number": 14,
                    "title": "Epizoda 14",
                    "link_groups": {
                        "glavni": [
                            "https:\/\/www.file-upload.org\/x9qith42ln68"
                        ],
                        "alternativni_1": [
                            "https:\/\/www.file-upload.org\/x9qith42ln68"
                        ],
                        "alternativni_2": [
                            "https:\/\/www.file-upload.org\/x9qith42ln68"
                        ]
                    }
                },
                {
                    "episode_number": 15,
                    "title": "Epizoda 15",
                    "link_groups": {
                        "glavni": [
                            "https:\/\/www.file-upload.org\/kw3w32w3tlmm"
                        ],
                        "alternativni_1": [
                            "https:\/\/www.file-upload.org\/kw3w32w3tlmm"
                        ],
                        "alternativni_2": [
                            "https:\/\/www.file-upload.org\/kw3w32w3tlmm"
                        ]
                    }
                },
                {
                    "episode_number": 16,
                    "title": "Epizoda 16",
                    "link_groups": {
                        "glavni": [
                            "https:\/\/www.file-upload.org\/feblc4sz3p89"
                        ],
                        "alternativni_1": [
                            "https:\/\/www.file-upload.org\/feblc4sz3p89"
                        ],
                        "alternativni_2": [
                            "https:\/\/www.file-upload.org\/feblc4sz3p89"
                        ]
                    }
                },
                {
                    "episode_number": 17,
                    "title": "Epizoda 17",
                    "link_groups": {
                        "glavni": [
                            "https:\/\/www.file-upload.org\/k4jsjogp1d38"
                        ],
                        "alternativni_1": [
                            "https:\/\/www.file-upload.org\/k4jsjogp1d38"
                        ],
                        "alternativni_2": [
                            "https:\/\/www.file-upload.org\/k4jsjogp1d38"
                        ]
                    }
                },
                {
                    "episode_number": 18,
                    "title": "Epizoda 18",
                    "link_groups": {
                        "glavni": [
                            "https:\/\/www.file-upload.org\/5jx6tewsilwj"
                        ],
                        "alternativni_1": [
                            "https:\/\/www.file-upload.org\/5jx6tewsilwj"
                        ],
                        "alternativni_2": [
                            "https:\/\/www.file-upload.org\/5jx6tewsilwj"
                        ]
                    }
                },
                {
                    "episode_number": 19,
                    "title": "Epizoda 19",
                    "link_groups": {
                        "glavni": [
                            "https:\/\/www.file-upload.org\/9aox9zt32shb"
                        ],
                        "alternativni_1": [
                            "https:\/\/www.file-upload.org\/9aox9zt32shb"
                        ],
                        "alternativni_2": [
                            "https:\/\/www.file-upload.org\/9aox9zt32shb"
                        ]
                    }
                },
                {
                    "episode_number": 20,
                    "title": "Epizoda 20",
                    "link_groups": {
                        "glavni": [
                            "https:\/\/www.file-upload.org\/3cm7rys4ujhc"
                        ],
                        "alternativni_1": [
                            "https:\/\/www.file-upload.org\/3cm7rys4ujhc"
                        ],
                        "alternativni_2": [
                            "https:\/\/www.file-upload.org\/3cm7rys4ujhc"
                        ]
                    }
                },
                {
                    "episode_number": 21,
                    "title": "Epizoda 21",
                    "link_groups": {
                        "glavni": [
                            "https:\/\/www.file-upload.org\/mo42cui2aszp"
                        ],
                        "alternativni_1": [
                            "https:\/\/www.file-upload.org\/mo42cui2aszp"
                        ],
                        "alternativni_2": [
                            "https:\/\/www.file-upload.org\/mo42cui2aszp"
                        ]
                    }
                },
                {
                    "episode_number": 22,
                    "title": "Epizoda 22",
                    "link_groups": {
                        "glavni": [
                            "https:\/\/www.file-upload.org\/d4rpt93mlyx2"
                        ],
                        "alternativni_1": [
                            "https:\/\/www.file-upload.org\/d4rpt93mlyx2"
                        ],
                        "alternativni_2": [
                            "https:\/\/www.file-upload.org\/d4rpt93mlyx2"
                        ]
                    }
                },
                {
                    "episode_number": 23,
                    "title": "Epizoda 23",
                    "link_groups": {
                        "glavni": [
                            "https:\/\/www.file-upload.org\/3holh7arohs6"
                        ],
                        "alternativni_1": [
                            "https:\/\/www.file-upload.org\/3holh7arohs6"
                        ],
                        "alternativni_2": [
                            "https:\/\/www.file-upload.org\/3holh7arohs6"
                        ]
                    }
                },
                {
                    "episode_number": 24,
                    "title": "Epizoda 24",
                    "link_groups": {
                        "glavni": [
                            "https:\/\/www.file-upload.org\/wl92cgy0f826"
                        ],
                        "alternativni_1": [
                            "https:\/\/www.file-upload.org\/wl92cgy0f826"
                        ],
                        "alternativni_2": [
                            "https:\/\/www.file-upload.org\/wl92cgy0f826"
                        ]
                    }
                },
                {
                    "episode_number": 25,
                    "title": "Epizoda 25",
                    "link_groups": {
                        "glavni": [
                            "https:\/\/www.file-upload.org\/64jsa92myrd9"
                        ],
                        "alternativni_1": [
                            "https:\/\/www.file-upload.org\/64jsa92myrd9"
                        ],
                        "alternativni_2": [
                            "https:\/\/www.file-upload.org\/64jsa92myrd9"
                        ]
                    }
                },
                {
                    "episode_number": 26,
                    "title": "Epizoda 26",
                    "link_groups": {
                        "glavni": [
                            "https:\/\/www.file-upload.org\/tamyaqke3oa2"
                        ],
                        "alternativni_1": [
                            "https:\/\/www.file-upload.org\/tamyaqke3oa2"
                        ],
                        "alternativni_2": [
                            "https:\/\/www.file-upload.org\/tamyaqke3oa2"
                        ]
                    }
                },
                {
                    "episode_number": 27,
                    "title": "Epizoda 27",
                    "link_groups": {
                        "glavni": [
                            "https:\/\/www.file-upload.org\/m10jkshg4mih"
                        ],
                        "alternativni_1": [
                            "https:\/\/www.file-upload.org\/m10jkshg4mih"
                        ],
                        "alternativni_2": [
                            "https:\/\/www.file-upload.org\/m10jkshg4mih"
                        ]
                    }
                },
                {
                    "episode_number": 28,
                    "title": "Epizoda 28",
                    "link_groups": {
                        "glavni": [
                            "https:\/\/www.file-upload.org\/v3regma8al4x"
                        ],
                        "alternativni_1": [
                            "https:\/\/www.file-upload.org\/v3regma8al4x"
                        ],
                        "alternativni_2": [
                            "https:\/\/www.file-upload.org\/v3regma8al4x"
                        ]
                    }
                },
                {
                    "episode_number": 29,
                    "title": "Epizoda 29",
                    "link_groups": {
                        "glavni": [
                            "https:\/\/www.file-upload.org\/5djaevx7obke"
                        ],
                        "alternativni_1": [
                            "https:\/\/www.file-upload.org\/5djaevx7obke"
                        ],
                        "alternativni_2": [
                            "https:\/\/www.file-upload.org\/5djaevx7obke"
                        ]
                    }
                },
                {
                    "episode_number": 30,
                    "title": "Epizoda 30",
                    "link_groups": {
                        "glavni": [
                            "https:\/\/www.file-upload.org\/3o0d94sh9pns"
                        ],
                        "alternativni_1": [
                            "https:\/\/www.file-upload.org\/3o0d94sh9pns"
                        ],
                        "alternativni_2": [
                            "https:\/\/www.file-upload.org\/3o0d94sh9pns"
                        ]
                    }
                },
                {
                    "episode_number": 31,
                    "title": "Epizoda 31",
                    "link_groups": {
                        "glavni": [
                            "https:\/\/www.file-upload.org\/t6xo2fgppjzv"
                        ],
                        "alternativni_1": [
                            "https:\/\/www.file-upload.org\/t6xo2fgppjzv"
                        ],
                        "alternativni_2": [
                            "https:\/\/www.file-upload.org\/t6xo2fgppjzv"
                        ]
                    }
                },
                {
                    "episode_number": 32,
                    "title": "Epizoda 32",
                    "link_groups": {
                        "glavni": [
                            "https:\/\/www.file-upload.org\/s2ou2s1cr2fl"
                        ],
                        "alternativni_1": [
                            "https:\/\/www.file-upload.org\/s2ou2s1cr2fl"
                        ],
                        "alternativni_2": [
                            "https:\/\/www.file-upload.org\/s2ou2s1cr2fl"
                        ]
                    }
                },
                {
                    "episode_number": 33,
                    "title": "Epizoda 33",
                    "link_groups": {
                        "glavni": [
                            "https:\/\/www.file-upload.org\/drfx47awzh8l"
                        ],
                        "alternativni_1": [
                            "https:\/\/www.file-upload.org\/drfx47awzh8l"
                        ],
                        "alternativni_2": [
                            "https:\/\/www.file-upload.org\/drfx47awzh8l"
                        ]
                    }
                },
                {
                    "episode_number": 34,
                    "title": "Epizoda 34",
                    "link_groups": {
                        "glavni": [
                            "https:\/\/www.file-upload.org\/vbrn4uvksegn"
                        ],
                        "alternativni_1": [
                            "https:\/\/www.file-upload.org\/vbrn4uvksegn"
                        ],
                        "alternativni_2": [
                            "https:\/\/www.file-upload.org\/vbrn4uvksegn"
                        ]
                    }
                },
                {
                    "episode_number": 35,
                    "title": "Epizoda 35",
                    "link_groups": {
                        "glavni": [
                            "https:\/\/www.file-upload.org\/rcafjo5bxeb9"
                        ],
                        "alternativni_1": [
                            "https:\/\/www.file-upload.org\/rcafjo5bxeb9"
                        ],
                        "alternativni_2": [
                            "https:\/\/www.file-upload.org\/rcafjo5bxeb9"
                        ]
                    }
                },
                {
                    "episode_number": 36,
                    "title": "Epizoda 36",
                    "link_groups": {
                        "glavni": [
                            "https:\/\/www.file-upload.org\/ujm43dk7gry8"
                        ],
                        "alternativni_1": [
                            "https:\/\/www.file-upload.org\/ujm43dk7gry8"
                        ],
                        "alternativni_2": [
                            "https:\/\/www.file-upload.org\/ujm43dk7gry8"
                        ]
                    }
                },
                {
                    "episode_number": 37,
                    "title": "Epizoda 37",
                    "link_groups": {
                        "glavni": [
                            "https:\/\/www.file-upload.org\/s2aos2f3efqy"
                        ],
                        "alternativni_1": [
                            "https:\/\/www.file-upload.org\/s2aos2f3efqy"
                        ],
                        "alternativni_2": [
                            "https:\/\/www.file-upload.org\/s2aos2f3efqy"
                        ]
                    }
                },
                {
                    "episode_number": 38,
                    "title": "Epizoda 38",
                    "link_groups": {
                        "glavni": [
                            "https:\/\/www.file-upload.org\/hbl76nxbqnob"
                        ],
                        "alternativni_1": [
                            "https:\/\/www.file-upload.org\/hbl76nxbqnob"
                        ],
                        "alternativni_2": [
                            "https:\/\/www.file-upload.org\/hbl76nxbqnob"
                        ]
                    }
                },
                {
                    "episode_number": 39,
                    "title": "Epizoda 39",
                    "link_groups": {
                        "glavni": [
                            "https:\/\/www.file-upload.org\/fiy2vx7u74yw"
                        ],
                        "alternativni_1": [
                            "https:\/\/www.file-upload.org\/fiy2vx7u74yw"
                        ],
                        "alternativni_2": [
                            "https:\/\/www.file-upload.org\/fiy2vx7u74yw"
                        ]
                    }
                },
                {
                    "episode_number": 40,
                    "title": "Epizoda 40",
                    "link_groups": {
                        "glavni": [
                            "https:\/\/www.file-upload.org\/7d1apweltcmm"
                        ],
                        "alternativni_1": [
                            "https:\/\/www.file-upload.org\/7d1apweltcmm"
                        ],
                        "alternativni_2": [
                            "https:\/\/www.file-upload.org\/7d1apweltcmm"
                        ]
                    }
                },
                {
                    "episode_number": 41,
                    "title": "Epizoda 41",
                    "link_groups": {
                        "glavni": [
                            "https:\/\/www.file-upload.org\/rcuswxzvnkii"
                        ],
                        "alternativni_1": [
                            "https:\/\/www.file-upload.org\/rcuswxzvnkii"
                        ],
                        "alternativni_2": [
                            "https:\/\/www.file-upload.org\/rcuswxzvnkii"
                        ]
                    }
                },
                {
                    "episode_number": 42,
                    "title": "Epizoda 42",
                    "link_groups": {
                        "glavni": [
                            "https:\/\/www.file-upload.org\/fn1469woqmgf"
                        ],
                        "alternativni_1": [
                            "https:\/\/www.file-upload.org\/fn1469woqmgf"
                        ],
                        "alternativni_2": [
                            "https:\/\/www.file-upload.org\/fn1469woqmgf"
                        ]
                    }
                },
                {
                    "episode_number": 43,
                    "title": "Epizoda 43",
                    "link_groups": {
                        "glavni": [
                            "https:\/\/www.file-upload.org\/y4u5x13jd2wd"
                        ],
                        "alternativni_1": [
                            "https:\/\/www.file-upload.org\/y4u5x13jd2wd"
                        ],
                        "alternativni_2": [
                            "https:\/\/www.file-upload.org\/y4u5x13jd2wd"
                        ]
                    }
                },
                {
                    "episode_number": 44,
                    "title": "Epizoda 44",
                    "link_groups": {
                        "glavni": [
                            "https:\/\/www.file-upload.org\/jv8cl1vf55f5"
                        ],
                        "alternativni_1": [
                            "https:\/\/www.file-upload.org\/jv8cl1vf55f5"
                        ],
                        "alternativni_2": [
                            "https:\/\/www.file-upload.org\/jv8cl1vf55f5"
                        ]
                    }
                },
                {
                    "episode_number": 45,
                    "title": "Epizoda 45",
                    "link_groups": {
                        "glavni": [
                            "https:\/\/www.file-upload.org\/paowi3y96n8m"
                        ],
                        "alternativni_1": [
                            "https:\/\/www.file-upload.org\/paowi3y96n8m"
                        ],
                        "alternativni_2": [
                            "https:\/\/www.file-upload.org\/paowi3y96n8m"
                        ]
                    }
                },
                {
                    "episode_number": 46,
                    "title": "Epizoda 46",
                    "link_groups": {
                        "glavni": [
                            "https:\/\/www.file-upload.org\/90cwg84tbyud"
                        ],
                        "alternativni_1": [
                            "https:\/\/www.file-upload.org\/90cwg84tbyud"
                        ],
                        "alternativni_2": [
                            "https:\/\/www.file-upload.org\/90cwg84tbyud"
                        ]
                    }
                },
                {
                    "episode_number": 47,
                    "title": "Epizoda 47",
                    "link_groups": {
                        "glavni": [
                            "https:\/\/www.file-upload.org\/xaehmjgyp1mb"
                        ],
                        "alternativni_1": [
                            "https:\/\/www.file-upload.org\/xaehmjgyp1mb"
                        ],
                        "alternativni_2": [
                            "https:\/\/www.file-upload.org\/xaehmjgyp1mb"
                        ]
                    }
                },
                {
                    "episode_number": 48,
                    "title": "Epizoda 48",
                    "link_groups": {
                        "glavni": [
                            "https:\/\/www.file-upload.org\/5xl7gge7pr6n"
                        ],
                        "alternativni_1": [
                            "https:\/\/www.file-upload.org\/5xl7gge7pr6n"
                        ],
                        "alternativni_2": [
                            "https:\/\/www.file-upload.org\/5xl7gge7pr6n"
                        ]
                    }
                },
                {
                    "episode_number": 49,
                    "title": "Epizoda 49",
                    "link_groups": {
                        "glavni": [
                            "https:\/\/www.file-upload.org\/65na4mlh5w37"
                        ],
                        "alternativni_1": [
                            "https:\/\/www.file-upload.org\/65na4mlh5w37"
                        ],
                        "alternativni_2": [
                            "https:\/\/www.file-upload.org\/65na4mlh5w37"
                        ]
                    }
                },
                {
                    "episode_number": 50,
                    "title": "Epizoda 50",
                    "link_groups": {
                        "glavni": [
                            "https:\/\/www.file-upload.org\/5avu2ae6f1jz"
                        ],
                        "alternativni_1": [
                            "https:\/\/www.file-upload.org\/5avu2ae6f1jz"
                        ],
                        "alternativni_2": [
                            "https:\/\/www.file-upload.org\/5avu2ae6f1jz"
                        ]
                    }
                }
            ]
        }
    }
}