{
    "title": "Kaja, Ubit Cu Te!",
    "plot": "Dolazak rata i radikalnih političkih podela unese nemir u idilični dalmatinski gradić. Dojučerašnji prijatelji počinju životno ugrožavati jedni druge, tako i Piero, koji je postao crnokošuljaš, dolazi u sukob s dobrodušnim vlasnikom prodavnice Kajom, koji je saradnik pokreta otpora",
    "thumb": "https:\/\/upload.wikimedia.org\/wikipedia\/sr\/a\/af\/%D0%9A%D0%B0%D1%98%D0%B0%2C_%D1%83%D0%B1%D0%B8%D1%82_%D1%9B%D1%83_%D1%82%D0%B5%21.jpg",
    "type": "filmovi",
    "created_at": "2025-09-28 00:35:31",
    "year": 1967,
    "link_groups": {
        "glavni": "https:\/\/www.file-upload.org\/6l334janvt0l",
        "alternativni_1": "",
        "alternativni_2": ""
    }
}