{
    "title": "Servisna Stanica",
    "plot": "Servisna stanica je jugoslovenski televizijski film iz 1966. godine. Režirao ga je Radivoje Lola Đukić, a scenario je pisao Novak Novak. Posle filmova Sreća u torbi i Nema malih bogova predstavlja treći film čija se radnja nastavlja posle istoimene televizijske serije",
    "thumb": "https:\/\/m.media-amazon.com\/images\/M\/MV5BZTU2MThiN2ItOWE5Ny00NmNjLTk5OTQtZGYxYjVkNTc1YmVmXkEyXkFqcGc@._V1_FMjpg_UX1000_.jpg",
    "type": "filmovi",
    "created_at": "2025-08-08 17:30:48",
    "year": 1966,
    "link_groups": {
        "glavni": "https:\/\/www.file-upload.org\/aaquswkfo713",
        "alternativni_1": "",
        "alternativni_2": ""
    }
}