{
    "title": "Ciguli Miguli",
    "plot": "Partijski funkcioner Ivan Ivanović dolazi u mali provincijski grad kako bi privremeno zamenio odsutnog referenta za kulturu. Ivan je neverovatno uporan u nastojanju da kulturni život dovede u onu meru i na način koji on smatra socijalističkim, a samim tim i za narod najkorisnijim. On ukida svih pet muzičkih društava koje deluju u gradu, a pokreće i inicijativu da se s gradskog trga ukloni spomenik pokojnom lokalnom kompozitoru Ciguliju Miguliju. Ovakvi Ivanovićevi potezi počinju da izazivaju odlučan otpor građana, a na kraju i omladine",
    "thumb": "https:\/\/upload.wikimedia.org\/wikipedia\/en\/0\/02\/Ciguli_Miguli_poster.jpg",
    "type": "filmovi",
    "created_at": "2025-09-15 13:15:07",
    "year": 1952,
    "link_groups": {
        "glavni": "https:\/\/www.file-upload.org\/pofuznbc5ws8",
        "alternativni_1": "",
        "alternativni_2": ""
    }
}