{
    "title": "Svabica",
    "plot": "Švabica je jugoslovenska TV drama u produkciji RTV Beograd emitovana 1968. godine. Režirao ju je Vlada Petrić, a scenario su napisali Vlada Petrić i Ljudmila Stanojević na osnovu istoimene pripovetke Laze Lazarevića.",
    "thumb": "https:\/\/i.ytimg.com\/vi\/tJeUKsGvGuw\/hqdefault.jpg",
    "type": "filmovi",
    "created_at": "2025-09-28 14:18:22",
    "year": 1968,
    "link_groups": {
        "glavni": "https:\/\/www.file-upload.org\/wvti8v167gyb",
        "alternativni_1": "",
        "alternativni_2": ""
    }
}