{
    "title": "Kozara",
    "plot": "Radnja filma se zasniva na istorijskom događaju, bici na Kozari. Priča prati grupu partizana koji u šumama Kozare moraju da probiju jake nemačke snage, koje su u junu 1942. godine pokrenule ofanzivu protiv partizana u tom regionu. Iako malobrojni, dosta slabije naoružani, partizanima dodatni teret predstavlja veliki broj ranjenika i izbeglih civila o kojima moraju da brinu. Kako bi se spasili, brojne manje grupe se odlučuju na skrivanje u zemunicama, u nadi da će ih Nemci mimoići. Kozaru je branilo 3.500 boraca partizana, za leđima su imali 80.000 staraca, žena i dece i oko 600 ranjenika. Na Kozari, na njenim prilazima i šumovitim proplancima odigraće se žestoke bitke za odbranu Kozare čije su oličenje španski borac, komandir Vukša i njegova četa. Tu će se videti potresne scene kozaračkog zbega i tragedija golorukog naroda kog neprijatelj masakrira. Mnogi borci umiru herojskom smrću da bi njihovu pušku prihvatili goloruki seljaci i nastavili bitku.",
    "thumb": "https:\/\/m.media-amazon.com\/images\/M\/MV5BNDUxYWRmZWYtYjMxNC00Zjk4LWIyZjMtNzBmMWUyY2UwMzQ2XkEyXkFqcGc@._V1_.jpg",
    "type": "filmovi",
    "created_at": "2025-06-13 17:11:08",
    "year": 1962,
    "link_groups": {
        "glavni": "https:\/\/www.file-upload.org\/bdc360gbrbke",
        "alternativni_1": "",
        "alternativni_2": ""
    }
}