{
    "title": "Maskarada",
    "plot": "„Maškarada” je jugoslovenski i slovenački film prvi put prikazan 13. maja 1971. godine. Režirao ga je Boštjan Hladnik a scenario je napisao Vitomil Zupan",
    "thumb": "https:\/\/i.ytimg.com\/vi\/LOc9V2BP7q0\/mqdefault.jpg",
    "type": "filmovi",
    "created_at": "2025-06-15 19:50:23",
    "year": 1971,
    "link_groups": {
        "glavni": "https:\/\/www.file-upload.org\/gp9saus6euqk",
        "alternativni_1": "",
        "alternativni_2": ""
    }
}