{
    "title": "Bice Skoro Propast Sveta",
    "plot": "U jednom vojvođanskom selu kafedžija je u svađi sa svinjarem. Da bi mu se osvetio, kafedžija sa drugovima nagovori polupijanog svinjara da se oženi intelektualno ometenom devojkom. U međuvremenu, u selo dolazi mlada učiteljica u koju se svinjar zaljubi. Misleći da mu sada žena smeta, on je ubije. Njegov otac prima krivicu na sebe, ali, vremenom, seljaci otkriju pravog ubicu, namame ga u zvonik, vežu ga među zvona i svinjar umire rastrgnut.",
    "thumb": "https:\/\/upload.wikimedia.org\/wikipedia\/sh\/8\/84\/Bice_skoro_propast_sveta.jpg",
    "type": "filmovi",
    "created_at": "2025-09-28 13:50:55",
    "year": 1968,
    "link_groups": {
        "glavni": "https:\/\/www.file-upload.org\/xlb69flqunfm",
        "alternativni_1": "",
        "alternativni_2": ""
    }
}