{
    "title": "Ljubav I Bijes",
    "plot": "Simeon, najbogatiji srpski trgovac u Sarajevu je imao sve u životu. Imao je silno bogatstvo, sanduke zlata, magacine i prodavnice robe po čitavoj Baščaršiji, te najveću kuću u Sarajevu koja je zauzimala pola ulice. U poznim godina se zaljubljuje u mladu i lijepu ćerku pekara Gvozde sa Alifakovca. Mladu Simeonovicu dovodi u svoju kuću i priređuje najveću i najbogatiju svadbu koje je Sarajevo zapamtilo. Nakon povratka sa trgovačkog puta zatiče bolesnu Simeonovicu u koju je ušao „bijes",
    "thumb": "https:\/\/m.media-amazon.com\/images\/M\/MV5BMjMyMTZkY2YtZDA0Ni00MGQ5LTk5OTctYmM4ZWU5NGZjODJjXkEyXkFqcGc@._V1_.jpg",
    "type": "filmovi",
    "created_at": "2025-06-17 15:46:27",
    "year": 1978,
    "link_groups": {
        "glavni": "https:\/\/www.file-upload.org\/ph2ee2ypjfca",
        "alternativni_1": "",
        "alternativni_2": ""
    }
}