{
    "title": "Jutro",
    "plot": "Rat je ostavio duboke tragove u ljudima. Prolazeći kroz različite sukobe prvih dana mira i obračunavanja sa bivšim saradnicima okupatora i streljanja izdajnika, a nekadašnji ratnik otkriva da i mir nije bez ubijanja.",
    "thumb": "https:\/\/upload.wikimedia.org\/wikipedia\/sh\/f\/f2\/Jutro_%281967%29.jpg",
    "type": "filmovi",
    "created_at": "2025-06-15 13:25:29",
    "year": 1967,
    "link_groups": {
        "glavni": "https:\/\/www.file-upload.org\/862gc1xee006",
        "alternativni_1": "",
        "alternativni_2": ""
    }
}