{
    "title": "Rat",
    "plot": "Rat je jugoslovenski science fiction film snimljen 1960. godine u režiji Veljka Bulajića. Radnja se događa u bliskoj budućnosti u neimenovanoj zemlji koja ulazi u sukob sa susjednom državom koji će na kraju eskalirati do nuklearnog rata. Protagonist, čiji lik tumači Antun Vrdoljak, je mladić koji se upravo tada nastoji vjenčati sa svojom djevojkom. Rat, koji je velikim dijelom bio inspiriran hladnoratovskom tjeskobom i imao izraženi pacifistički stav, kombinirao je prikaze apokaliptičkog razaranja sa satirom. Bio je prikazan u konkurenciji venecijanske Mostre.",
    "thumb": "https:\/\/m.media-amazon.com\/images\/M\/MV5BMjgwM2U2NjAtZTU2ZC00YTI0LWFjZjctMmUwNzRkOWI1NzBlXkEyXkFqcGc@._V1_.jpg",
    "type": "filmovi",
    "created_at": "2025-07-18 12:59:10",
    "year": 1960,
    "link_groups": {
        "glavni": "https:\/\/www.file-upload.org\/sff9bty79wor",
        "alternativni_1": "",
        "alternativni_2": ""
    }
}