{
    "title": "Zvizduk U Osam",
    "plot": "Nekoliko filmskih radnika su hteli da snime psihološku dramu. Umesto kredita, koji su tražili dobili su savet: „Snimajte nešto smešno i tada ćete dobiti novac!“ prihvatili su ideju i drama je postala muzička komedija.",
    "thumb": "https:\/\/m.media-amazon.com\/images\/M\/MV5BOWViY2M5ZTUtYTdhYS00Y2UzLWE4YTgtNzlmYTcwODczMWQ3XkEyXkFqcGc@._V1_.jpg",
    "type": "filmovi",
    "created_at": "2025-09-26 23:06:06",
    "year": 1962,
    "link_groups": {
        "glavni": "https:\/\/www.file-upload.org\/dx03vqltf7s2",
        "alternativni_1": "",
        "alternativni_2": ""
    }
}