{
    "title": "Specijalno Vaspitanje",
    "plot": "Pera „Trta” (Slavko Štimac), maloletni delinkvent iz provincije, dolazi u Beograd, na prevaspitavanje. Istovremeno u popravni dom za maloletnike dolazi i novi vaspitač Žarko (Bekim Fehmiju), koji pokušava da uvede nove metode u radu sa štićenicima. Njihove sudbine se spajaju oko Ljupčeta (Aleksandar Berček), štićenika Doma, koji od svog dolaska ćuti i odbija kontakt s okolinom",
    "thumb": "https:\/\/blogger.googleusercontent.com\/img\/b\/R29vZ2xl\/AVvXsEgVitg44g2dxml9EDdMriiKA7mM4GN6S26jWVlpQOzW7HfJN1MrJp7aQCWPXq_ezAAvIikgTfhQxJn93IC6713444IRF_JYu3u-IxcmHpQAxHE79HkJvkUQLgYo7PKHN2bpgJQ5POAVpWQw\/s1600\/1.jpg",
    "type": "filmovi",
    "created_at": "2025-06-17 14:08:30",
    "year": 1977,
    "link_groups": {
        "glavni": "https:\/\/www.file-upload.org\/fpo0yhn1zf3e",
        "alternativni_1": "",
        "alternativni_2": ""
    }
}