{
    "title": "Veliki Talenat",
    "plot": "„Veliki talenat” je jugoslovenski TV film iz 1984. godine. Režirao ga je Nikola Stojanović koji je napisao i scenario.",
    "thumb": "https:\/\/encrypted-tbn0.gstatic.com\/images?q=tbn:ANd9GcTtScv9wZbxuk1jCy2CEdKSfEh-Odp-D7e7IQ&s",
    "type": "filmovi",
    "created_at": "2025-08-25 19:22:32",
    "year": 1984,
    "link_groups": {
        "glavni": "https:\/\/www.file-upload.org\/om6j9yjqver4",
        "alternativni_1": "",
        "alternativni_2": ""
    }
}