{
    "title": "Stepenice Hrabrosti",
    "plot": "Nikša, pripadnik lokalnog pokreta otpora, nosi crvenu zastavu i eksploziv do vrha crkvenog tornja ali je nepažljiv i skreće pažnju italijanskih agenata. To onemogućuje njegov i Vjekin izlazak iz tornja. Do prvomajskog jutra, koje donosi isticanje crvene zastave nad okupiranim Splitom, Vjeka i Nikša tada provode noć zajedno posle dugo očekivanog zbližavanja.",
    "thumb": "https:\/\/upload.wikimedia.org\/wikipedia\/sh\/1\/1c\/%D0%A1%D1%82%D0%B5%D0%BF%D0%B5%D0%BD%D0%B8%D1%86%D0%B5_%D1%85%D1%80%D0%B0%D0%B1%D1%80%D0%BE%D1%81%D1%82%D0%B8.png",
    "type": "filmovi",
    "created_at": "2025-09-26 22:56:18",
    "year": 1961,
    "link_groups": {
        "glavni": "https:\/\/www.file-upload.org\/k8l2fa3xdj2e",
        "alternativni_1": "",
        "alternativni_2": ""
    }
}