{
    "title": "Krvava Bajka",
    "plot": "Sećanje na žrtve kragujevačkog masakra opisano kroz događaje koji se odnose na grupu dečaka, uličnih čistača cipela. Njihova sudbina je utkana u atmosferu grada i okupacije, kada su pale prve nevine žrtve. Tada su hiljade radnika odbile da rade za okupatora, pa je ceo grad izložen surovim represalijama, progonima, maltretiranjem nedužnih građana i ukidanjem redovnih sledovanja hrane. Deca su se dovijala na različite načine, pa je dečak po imenu Mali Piljak, došao na ideju da sa svojom družinom organizuje pred kasarnom čišćenje cipela okupatorskim vojnicima i oficirima. To je bio način da mališani dođu do zarade. Ali u jednom okršaju sa partizanskim odredom na domak grada, gine više neprijateljskih vojnika.",
    "thumb": "https:\/\/upload.wikimedia.org\/wikipedia\/sh\/thumb\/0\/04\/Krvava_bajka.jpg\/250px-Krvava_bajka.jpg",
    "type": "filmovi",
    "created_at": "2025-06-15 19:16:01",
    "year": 1969,
    "link_groups": {
        "glavni": "https:\/\/www.file-upload.org\/0yozvp0g53gg",
        "alternativni_1": "",
        "alternativni_2": ""
    }
}