{
    "title": "Cudna Devojka",
    "plot": "Devetnaestogodišnja Minja, razočarana posle afere sa profesorom crtanja, napušta provincijski gradić i živi u velikom gradu nipodaštavajući ljubav. Naišavši na Nenada, ona se menja pod dejstvom njegove i sopstvene ljubavi.",
    "thumb": "https:\/\/m.media-amazon.com\/images\/M\/MV5BMTRlYjM1NWQtMzM1Ni00NDM2LWEyYjAtNTI4ZWU5OWNkMWNlXkEyXkFqcGc@._V1_.jpg",
    "type": "filmovi",
    "created_at": "2025-06-13 17:11:55",
    "year": 1962,
    "link_groups": {
        "glavni": "https:\/\/www.file-upload.org\/euddmiexb5d7",
        "alternativni_1": "",
        "alternativni_2": ""
    }
}