{
    "title": "Gavran",
    "plot": "Pred nama je još jedan filmski ponedeljak za sve prave ljubitelje i poznavaoce koji od filma očekuju nešto više od puke zabave.\r\n\r\n\r\nOvoga puta, tragamo za suštinom filma kao medija. Na ovo putovanje od kraja 19. veka pa sve do današnjih dana, vodiće nas Jovan Marković, filmski kritičar i istraživač iz Jugoslovenske kinoteke.",
    "thumb": "https:\/\/a.ltrbxd.com\/resized\/film-poster\/2\/1\/0\/4\/6\/1\/210461-the-raven-0-230-0-345-crop.jpg?v=8c4c8143ed",
    "type": "filmovi",
    "created_at": "2025-08-25 18:59:17",
    "year": 1973,
    "link_groups": {
        "glavni": "https:\/\/www.file-upload.org\/q9lmnozva1jp",
        "alternativni_1": "",
        "alternativni_2": ""
    },
    "last_updated": "2025-10-16 01:24:07"
}