{
    "title": "Covik Od Svita",
    "plot": "„Čovik od svita“ je jugoslavenska crno-bijela filmska komedija snimljena 1965. godine u režiji Obrada Gluščevića, koji je napisao i scenario. Protagonist, čiji lik tumači Boris Dvornik, je mladić iz turističkog mjesta na dalmatinskoj obali čiji se bezbrižni život vrti oko galebarenja. Radnja prikazuje kako na kraju za promjenu odluči sreću pokušati ostvariti kao gastarbajter u Zapadnoj Njemačkoj.",
    "thumb": "https:\/\/m.media-amazon.com\/images\/M\/MV5BODQ0YTk3NTQtNzYxYS00NWIzLTg3MmYtOWVlMTljNDExNTdlXkEyXkFqcGc@._V1_.jpg",
    "type": "filmovi",
    "created_at": "2025-09-27 23:46:39",
    "year": 1965,
    "link_groups": {
        "glavni": "https:\/\/www.file-upload.org\/1s5t6gzti3hx",
        "alternativni_1": "",
        "alternativni_2": ""
    }
}