{
    "title": "Djecak Je Isao Za Suncem",
    "plot": "Dečak je išao za suncem je jugoslovenski film iz 1982. godine. Režirao ga je Branislav Bastać, a scenario je pisao Stevan Bulajić.",
    "thumb": "https:\/\/m.media-amazon.com\/images\/M\/MV5BZjgzNGI4ZjMtNDQyMS00MGQyLWJhMGMtMDFlZjIzMDU5MDA3XkEyXkFqcGc@._V1_FMjpg_UX1000_.jpg",
    "type": "filmovi",
    "created_at": "2025-06-17 21:45:43",
    "year": 1982,
    "link_groups": {
        "glavni": "https:\/\/www.file-upload.org\/89bvsksazkgd",
        "alternativni_1": "",
        "alternativni_2": ""
    }
}