{
    "title": "Makedonska Krvava Svadba",
    "plot": "„Makedonska krvava svadba” je jugoslovenski i makedonski film iz 1967. godine, prvi put prikazan 28. februara 1969 godine. Režirao ga je Trajče Popov a scenario je napisao Slavko Janevski.",
    "thumb": "https:\/\/upload.wikimedia.org\/wikipedia\/sr\/thumb\/e\/ed\/Makedonska_krvava_svadba.jpeg\/250px-Makedonska_krvava_svadba.jpeg",
    "type": "filmovi",
    "created_at": "2025-09-28 00:28:48",
    "year": 1967,
    "link_groups": {
        "glavni": "https:\/\/www.file-upload.org\/jgkudzvsmdeb",
        "alternativni_1": "",
        "alternativni_2": ""
    }
}