{
    "title": "Dobra Kob",
    "plot": "U lovište stiže nepoznat stranac Higins sa ženom Keti. Po mnogim stvarnim i prividnim komponentama, to bi mogao biti ubica lovočuvarevog oca kojeg je jedan sličan Nemac ustrelio za vreme rata. To nije bila obična smrt, već smrt za opkladu. Lovočuvara Marka počinju da more sumnje, dok njegov stric od prvog momenta veruje da mu je bratov ubica stupio pred oči. Čitav film je isprepleten reminiscencijama koje nas vraćaju u ratno doba i Marka podsećaju na porodičnu tragediju.",
    "thumb": "https:\/\/cinesseum.com\/img\/auto\/auto\/movie\/dobraKob\/dobra-kob-ogimage.jpg",
    "type": "filmovi",
    "created_at": "2025-09-27 23:41:44",
    "year": 1964,
    "link_groups": {
        "glavni": "https:\/\/www.file-upload.org\/e70key8v1djc",
        "alternativni_1": "",
        "alternativni_2": ""
    }
}