{
    "title": "Svoga Tela Gospodar",
    "plot": "Seoska djevojka Roža nije preterano lepa, a kako je još uz to i šepava teško će naći muža. U susednom selu živi siromašni Jakob koji ima sina Ivu. Nakon što Jakovinom sinu ugine krava, Jakov ga nagovara da se oženi bogatom devojkom Rozom koja bi im donela veliki miraz. Ivo nevoljno pristaje, ali Rozi stavlja do znanja da ne želi da živi sa njom, i kaže joj da je on svoga tela gospodar. Roza želi se vratiti svojim roditeljima, a oni misle da je njeno mesto uz muža",
    "thumb": "https:\/\/m.media-amazon.com\/images\/M\/MV5BN2Y5NTRjZGYtNTkzOC00OWM2LWJhOWYtYTA0ZjRjNGZkOTEzXkEyXkFqcGc@._V1_FMjpg_UX1000_.jpg",
    "type": "filmovi",
    "created_at": "2025-09-22 22:21:13",
    "year": 1957,
    "link_groups": {
        "glavni": "https:\/\/www.file-upload.org\/ge5zxcle72mj",
        "alternativni_1": "",
        "alternativni_2": ""
    }
}