{
    "title": "Crne Ptice",
    "plot": "Poslednji dani 2. svjetskog rata. Partizani se približavaju ustaškom logoru, u kojem glavnina čuvara odlazi na front. Oni koji su ostali nameravaju likvidirati logoraše tako što će ih prebaciti vozom do obližnjeg mosta, i zatim ga dići u vazduh, kako bi zadržali prodor partizana. Ali i logoraši imaju plan kako da spase živote..",
    "thumb": "https:\/\/upload.wikimedia.org\/wikipedia\/sh\/thumb\/a\/a5\/Crnepticeposter67.jpg\/250px-Crnepticeposter67.jpg",
    "type": "filmovi",
    "created_at": "2025-09-28 00:13:18",
    "year": 1967,
    "link_groups": {
        "glavni": "https:\/\/www.file-upload.org\/8hzecwrqvdws",
        "alternativni_1": "",
        "alternativni_2": ""
    }
}