{
    "title": "Pucanj",
    "plot": "Tomo Bradić i Petar Zorić su komšije i prijatelji iz detinjstva. Po povratku iz lova, Tomina puška opali i rani Petra. Petar je u bolnici teško ranjen, a Tomo u istražnom zatvoru. Taj pucanj unosi veliki nemir u njihovom selu",
    "thumb": "https:\/\/m.media-amazon.com\/images\/M\/MV5BNzdmMmIzYjEtYmI0NC00ZDQ1LTg3M2ItMTYzYTZkYWE0NDE0XkEyXkFqcGc@._V1_QL75_UX190_CR0,11,190,281_.jpg",
    "type": "filmovi",
    "created_at": "2025-08-29 00:32:15",
    "year": 1977,
    "link_groups": {
        "glavni": "https:\/\/www.file-upload.org\/dc5r72kit8or",
        "alternativni_1": "",
        "alternativni_2": ""
    }
}