{
    "title": "Desant Na Drvar",
    "plot": "Početkom 1944. godine Hitler naređuje svome generalu Renduliću da u najkraćem roku likvidira Josipa Broza Tita i ustanički pokret u Jugoslaviji, koji predstavlja za Nemce stalnu opasnost. Iznenadni nemački desant na Drvar nije uspeo zbog hrabrosti boraca u završnoj bici kod Titove pećine, koju Nemci žele da osvoje po svaku cenu.",
    "thumb": "https:\/\/m.media-amazon.com\/images\/M\/MV5BMmZiNjJmMDItNjRhOS00MWNkLTk4MmItMjkxZTUwOWEwZGYyXkEyXkFqcGc@._V1_QL75_UY281_CR4,0,190,281_.jpg",
    "type": "filmovi",
    "created_at": "2025-06-13 17:16:45",
    "year": 1963,
    "link_groups": {
        "glavni": "https:\/\/www.file-upload.org\/rw903gnqxqul",
        "alternativni_1": "",
        "alternativni_2": ""
    }
}