{
    "title": "Povratak",
    "plot": "Film je zasnovan na istinitim događajima koji su se odigrali u Dalmatinskom gradiću tokom 1942. godine. Drugi svetski rat, većina ljudi gleda svoja posla, ali se sve menja kada policija uhapsi grupu omladinaca pod sumnjom da su simpatizeri pokreta otpora. Ogorčeni sugrađani organizuju opsadu policijske stanice.[3]",
    "thumb": "https:\/\/m.media-amazon.com\/images\/M\/MV5BYzhiOWVhZDEtZmUwMy00MTY2LTlhZWUtMGRkMGJhZWZlNjQ1XkEyXkFqcGc@._V1_FMjpg_UX1000_.jpg",
    "type": "filmovi",
    "created_at": "2025-06-15 13:04:18",
    "year": 1966,
    "link_groups": {
        "glavni": "https:\/\/www.file-upload.org\/b304ejhgryx4",
        "alternativni_1": "",
        "alternativni_2": ""
    }
}