{
    "title": "Lov U Mutnom",
    "plot": "Beogradsko divlje naselje[a], podignuto na obali Dunava, treba da se ruši, što izaziva zabrinutost vlasnika. Stole Haringa (Dragan Nikolić) nudi Paji Glavonji (Bata Živojinović) društveni stan koji je već tri godine prazan i on se sa ženom, decom i ocem useljava. Vreme prolazi i jednog dana se pojavi vlasnik stana. Otpočinju zavrzlame oko dokumentacije, oko stana građenog van projekta, oko preduzeća koje više ne postoji... I kad sve izgleda rešeno, na suđenju dolazi do neočekivanog obrta.",
    "thumb": "https:\/\/upload.wikimedia.org\/wikipedia\/sh\/0\/0b\/Lov_u_mutnom.jpg",
    "type": "filmovi",
    "created_at": "2025-06-17 21:12:28",
    "year": 1981,
    "link_groups": {
        "glavni": "https:\/\/www.file-upload.org\/5nq6a2offmsu",
        "alternativni_1": "",
        "alternativni_2": ""
    }
}