{
    "title": "Haloa - Praznik Kurvi",
    "plot": "Jednom godišnje, u staroj Grčkoj, kurve sa povezom na očima tražile su ispred hramova polne organe izrađene od keramike kako bi naletele na njih. Ako ih ne bi pronašle, ta godina bi bila loša. Ovu veselu svečanost stari Grci su nazivali Haloa. Na temelju ljubavnog trougla, film pokušava probiti svoje granice naglašavajući sveprisutnost sukoba između ljubavi i usamljenosti.",
    "thumb": "https:\/\/i1.wp.com\/fenomeni.me\/wp-content\/uploads\/2012\/05\/Aloha.jpg?resize=464%2C650&ssl=1",
    "type": "filmovi",
    "created_at": "2025-06-18 16:02:25",
    "year": 1988,
    "link_groups": {
        "glavni": "https:\/\/www.file-upload.org\/lwiirt3sb53j",
        "alternativni_1": "",
        "alternativni_2": ""
    }
}