{
    "title": "Brat Doktora Homera",
    "plot": "Radnja se odigrava sredinom 1945. godine, na Kosmetu, u atmosferi neizlečenih rana, lutanja, spaljenih domova, tifusa i drugih posleratnih muka. Ali isto tako i u atmosferi velikih napora da se poveže kraj s krajem i čovek sa čovekom. Jedna autentična priča iz tih dana uzeta je kao osnova za film.\r\n\r\nSimon Petrović je mladi muškarac koji se vraća u svoj rodni grad posle četiri godine provedene u nemačkom zarobljeničkom logoru te se suočava sa time da ga je verenica napustila i udala se za njegovog brata, uglednog lekara.\r\n\r\nSimona još više pogađa to što mu je otac, ugledni sudija, ubijen u sumnjivim okolnostima te, iako je za taj zločin pronađen i uhvaćen krivac, odlučuje da otkrije pravu istinu i na kraju se osveti počiniteljima.",
    "thumb": "https:\/\/m.media-amazon.com\/images\/M\/MV5BMTYxOWUxZjYtMDVhMC00NWRmLTllMGEtYjI1YzI4MGUyYTM1XkEyXkFqcGc@._V1_FMjpg_UX1000_.jpg",
    "type": "filmovi",
    "created_at": "2025-06-15 18:54:47",
    "year": 1968,
    "link_groups": {
        "glavni": "https:\/\/www.file-upload.org\/vdq4nqi8qbzb",
        "alternativni_1": "",
        "alternativni_2": ""
    }
}