{
    "title": "Mali Vojnici",
    "plot": "Film govori o velikoj tragediji kroz perspektivu maloletnika ostalih bez roditelja, smeštenih u domu za decu. Priča, lako primenjiva i na svet odraslih, svedočanstvo je o ljudskom ponašanju, osećaju mržnje prema neprijatelju i svesti o pripadnosti svojoj grupi. U adaptiranom samostanu u Jugoslaviji tokom Drugog svetskog rata smešteni su dečaci koji su izgubili roditelje.[1] Među njima je i novopridošli Boško Grubač, povučeni desetogodišnjak koji, iako sin poginulog vojnika, deluje finije i kulturnije od ostalih. Istina je da je on sin poginulog nemačkog komandanta koga je upravnik doma odlučio da spasi, zabranivši mu da ikome oda svoj pravi identitet. Biće veoma zahtevno živeti pod izmišljenim imenom među dečacima ionako napaćenima ratom i ubistvima njihovih najbližih...",
    "thumb": "https:\/\/www.fcs.rs\/wp-content\/uploads\/2018\/06\/MALI-VOJNICI.jpg",
    "type": "filmovi",
    "created_at": "2025-06-15 13:22:24",
    "year": 1967,
    "link_groups": {
        "glavni": "https:\/\/www.file-upload.org\/0f2fop3k6p63",
        "alternativni_1": "",
        "alternativni_2": ""
    }
}