{
    "title": "Cudotvorni Mac",
    "plot": "Radnja se odvija tokom Srednjeg veka. Dečak Nebojša i njegov deda Ivan love negde po šumi prekrivenoj snegom. Nebojša se izgubi sa psom te nailazi do napuštenog zamka unutar koga začuje tajnovit glas koji dopire iz bureta. Glas ga moli da mu neko da vode, pa ga Nebojša posluša. Nakon toga, bure se raspadne a iz njega pobegne zatočeni Baš-Čelik, koji dečaka proteruje iz kule. Puno godina kasnije, Nebojša je odrastao u mladića te je zaprosio svoju dugogodišnju ljubav, Vidu. Tokom njihovog venčanja, ljubomorni Gricko je naišao na Baš-Čelika i njegovu vojsku, te ih usmerio prema svadbi. Baš-Čelik obaveštava ljude da su sada njegovi robovi te uzme Vidu za sebe, a demonstrira da ga se običnim mačem ne može ubiti.",
    "thumb": "https:\/\/upload.wikimedia.org\/wikipedia\/commons\/1\/13\/Cudotvorni_Mac_Poster.jpg",
    "type": "filmovi",
    "created_at": "2025-06-13 00:13:51",
    "year": 1950,
    "link_groups": {
        "glavni": "https:\/\/www.file-upload.org\/99k9ogwkcv3f",
        "alternativni_1": "",
        "alternativni_2": ""
    }
}