{
    "title": "Divlje Seme",
    "plot": "Priča o bezumnoj ljubavi odbeglog robijaša prema jednoj ženi, zbog koje će postati višestruki ubica i zbog koje će, na kraju, zahvaljujući njenoj izdaji, izgubiti život.",
    "thumb": "https:\/\/upload.wikimedia.org\/wikipedia\/sh\/2\/2d\/%D0%94%D0%B8%D0%B2%D1%99%D0%B5_%D1%81%D0%B5%D0%BC%D0%B5.jpg",
    "type": "filmovi",
    "created_at": "2025-06-15 13:26:13",
    "year": 1967,
    "link_groups": {
        "glavni": "https:\/\/www.file-upload.org\/lbc3p9ylrt7c",
        "alternativni_1": "",
        "alternativni_2": ""
    }
}