{
    "title": "Cavka",
    "plot": "Prijateljstvo dvojice gradskih dečaka, jednog, koji je odrastao u materijalnom blagostanju, i drugog, koji je beskućnik i koga sele iz škole u školu jer pedagozima remeti predstavu o dečjoj podobnosti. Ono što je zajedničko za obojicu je što su iz razorenih porodica i željni topline. Oni druguju uprkos zabranama odraslih, stvarajući svoj svet malih tajni i radosti",
    "thumb": "https:\/\/m.media-amazon.com\/images\/M\/MV5BMjBmM2U5ZDctYzE0MS00NzMzLWE4N2EtMGVhZmQ5NWRkNmQ1XkEyXkFqcGc@._V1_.jpg",
    "type": "filmovi",
    "created_at": "2025-06-18 16:07:37",
    "year": 1988,
    "link_groups": {
        "glavni": "https:\/\/www.file-upload.org\/sg7290qmb8jn",
        "alternativni_1": "",
        "alternativni_2": ""
    }
}