{
    "title": "Ram Za Sliku Moje Drage",
    "plot": "Po žanru je drama, a protagonisti su grupa dečaka koja se sreće sa mladićem, koji se upravo doselio u susedstvo. Radnja prikazuje kako prvo sa njim sukobljuju, a potom sprijatelje, pa im on pomaže da pokušaju da se snađu sa iskušenjima koje donosi odrastanje i prva ljubav.",
    "thumb": "https:\/\/m.media-amazon.com\/images\/M\/MV5BMGNhMTBiM2UtYTliNi00M2FhLTg1MjUtNmMxMzJjZGIzYjFhXkEyXkFqcGc@._V1_FMjpg_UX1000_.jpg",
    "type": "filmovi",
    "created_at": "2025-06-15 19:11:33",
    "year": 1969,
    "link_groups": {
        "glavni": "https:\/\/www.file-upload.org\/d6bx29pry3q1",
        "alternativni_1": "",
        "alternativni_2": ""
    }
}