{
    "title": "Donator",
    "plot": "Godine 1942. njemački povjesničar umjetnosti, major Siegfried Handke, dobiva od Gestapoa zadatak da pronađe iznimno vrijednu zbirku umjetnina pokojnog francuskog kolekcionara Vollarda, kojoj se izgubio svaki trag. Handke saznaje da je dio zbirke naslijedio mladi beogradski Židov Erich Šlomović, koji je po Vollardovoj smrti napustio Francusku s namjerom da u domovini osnuje Muzej umjetnosti Istoka i Zapada. Handke se uspije približiti Šlomovićevoj prijateljici Juani te doznaje da se kolekcionar s majkom Rozom sklonio u selo Bačin u Srbiji.",
    "thumb": "https:\/\/m.media-amazon.com\/images\/M\/MV5BYTE2NjQ5ZTItNjQzOC00YzBhLTgxMjktOGM2MGQ4NjkyNDgyXkEyXkFqcGc@._V1_.jpg",
    "type": "filmovi",
    "created_at": "2025-09-28 20:52:56",
    "year": 1969,
    "link_groups": {
        "glavni": "https:\/\/www.file-upload.org\/o0qpvp0lvk7n",
        "alternativni_1": "",
        "alternativni_2": ""
    }
}