{
    "title": "Karolina Rijecka",
    "plot": "Da bi onemogućili opstanak trupa Napoleonove vojske, engleski brodovi se spremaju da bombarduju Rijeku. Karolina želi da pomogne svom gradu i odlazi na admiralski brod, ali njen šarm ne može da postigne bilo kakav rezultat kod starog admirala. Nagovorivši svoga muža na trgovačku transakciju sa admiralom, Karolina ipak sprečava bombardovanje Rijeke.",
    "thumb": "https:\/\/m.media-amazon.com\/images\/M\/MV5BY2EzOTYyNTktNzRiZi00ODg0LWFhODMtYzBjMzgyNDlkZGU3XkEyXkFqcGc@._V1_.jpg",
    "type": "filmovi",
    "created_at": "2025-06-13 17:00:54",
    "year": 1961,
    "link_groups": {
        "glavni": "https:\/\/www.file-upload.org\/lb1u5rq4nkrx",
        "alternativni_1": "",
        "alternativni_2": ""
    }
}