{
    "title": "Zenica",
    "plot": "Nagla industrijalizacija zemlje zahteva mnogo odricanja. Da bi nastavio sa izgradnjom prvih postrojenja u Zenici, mladi inženjer Bora spreman je da žrtvuje zajednički život sa ženom čiji se snovi sukobljavaju sa stvarnošću.",
    "thumb": "https:\/\/m.media-amazon.com\/images\/M\/MV5BMGVkZWRmMzItZTAyNS00YWQyLWE0NWMtYzY0MWQ3YzgzZGU5XkEyXkFqcGc@._V1_FMjpg_UX1000_.jpg",
    "type": "filmovi",
    "created_at": "2025-06-13 16:17:53",
    "year": 1957,
    "link_groups": {
        "glavni": "https:\/\/www.file-upload.org\/j866lsowv23o",
        "alternativni_1": "",
        "alternativni_2": ""
    }
}