{
    "title": "Cetiri Kilometra Na Sat",
    "plot": "Film govori o predratnoj Jugoslaviji u Palanci. Dva poslanička kandidata se bore za glasove svim sredstvima. Za život palanke, odnosi njenih građana i đačka ljubav mladića i devojke čiji su roditelji politički protivnici.",
    "thumb": "https:\/\/upload.wikimedia.org\/wikipedia\/sr\/8\/85\/4_km_na_sat.jpg",
    "type": "filmovi",
    "created_at": "2025-08-25 18:43:39",
    "year": 1958,
    "link_groups": {
        "glavni": "https:\/\/www.file-upload.org\/vnvdsigzyaap",
        "alternativni_1": "",
        "alternativni_2": ""
    }
}