{
    "title": "Vojnikova Ljubav",
    "plot": "Razmaženi mladić iz bogate porodice, koji je krenuo stranputicom života odlazi na odsluženje vojnog roka. U vojsci, gde vlada red i disciplina sukobi su za njega bili neizbežni. Ali to je i svet drugarstva i poštovanja ljudske ličnosti. Mladić otkriva nove vrednosti, menja se. Iz Armije će izaći kao novi čovek.",
    "thumb": "https:\/\/m.media-amazon.com\/images\/M\/MV5BZGFjODgyYjAtZGE5Ny00MzA3LWFhOTItOWEzYWI1N2JlMDlkXkEyXkFqcGc@._V1_FMjpg_UX1000_.jpg",
    "type": "filmovi",
    "created_at": "2025-06-17 13:39:03",
    "year": 1976,
    "link_groups": {
        "glavni": "https:\/\/www.file-upload.org\/gcicvn6u8k78",
        "alternativni_1": "",
        "alternativni_2": ""
    }
}