{
    "title": "Devetnaest Djevojaka I Jedan Mornar",
    "plot": "Devetnaest djevojaka i jedan mornar je jugoslavenski ratni film snimljen 1971. godine u režiji Milutina Kosovca. Radnja se događa za vrijeme Drugog svjetskog rata u planinama tadašnje Jugoslavije i prikazuje malu partizansku jedinicu sastavljenu isključivo od žena i zaduženu za brigu o ranjenicima koje treba dovesti na sigurno. Protagonist, koga tumači znameniti francuski pjevač i kompozitor Serge Gainsbourg, je jedini muškarac koji im dolazi pomoći izvršiti zadatak, ali i otkriti moguću izdajnicu u njihovim redovima.",
    "thumb": "https:\/\/static.titlovi.com\/img\/0189\/189171-tt0185134.jpg",
    "type": "filmovi",
    "created_at": "2025-06-15 19:51:32",
    "year": 1971,
    "link_groups": {
        "glavni": "https:\/\/www.file-upload.org\/k2dl0hk480bp",
        "alternativni_1": "",
        "alternativni_2": ""
    }
}