{
    "title": "Prirodna Granica",
    "plot": "Stari ratnik počinje da oseća teret godina. Njegova mlada žena hoće, po cenu najtragičnijih nesporazuma, da pomogne mužu. Aveti dobra, aveti zla. Njegovi prijatelji izginuli i nestali i njihove nedovršene ljubavi ih pritiskuju a mužu i ženi, posle velikog loma, postaje jasno - izlaza nema.",
    "thumb": "https:\/\/2img.net\/h\/s18.postimg.cc\/q79iqfjrd\/prirodna.jpg",
    "type": "filmovi",
    "created_at": "2025-06-15 19:28:49",
    "year": 1970,
    "link_groups": {
        "glavni": "https:\/\/www.file-upload.org\/fyopkfj68o9g",
        "alternativni_1": "",
        "alternativni_2": ""
    }
}