{
    "title": "Igmanski Mars",
    "plot": "Krajem januara 1942. Prva proleterska brigada, koja se na Romaniji našla opkoljena jakim nemačkim snagama, kreće u proboj obruča s namerom da pored Sarajeva i preko Igmana stigne do oslobođene Foče. Marš preko planine Igman izveden je u noći između 27. i 28. januara, po dubokom snegu i velikoj hladnoći i bio je koban za četrdeset teško promrzlih boraca kojima su u fočanskoj bolnici bez narkoze amputirani promrzli delovi tela.",
    "thumb": "https:\/\/upload.wikimedia.org\/wikipedia\/sr\/6\/64\/%D0%98%D0%B3%D0%BC%D0%B0%D0%BD%D1%81%D0%BA%D0%B8_%D0%BC%D0%B0%D1%80%D1%88.jpg",
    "type": "filmovi",
    "created_at": "2025-06-18 10:33:20",
    "year": 1983,
    "link_groups": {
        "glavni": "https:\/\/www.file-upload.org\/ljsj44e4fue5",
        "alternativni_1": "",
        "alternativni_2": ""
    }
}