{
    "title": "Tragovi Crne Devojke",
    "plot": "Železničar u gradu doživi ljubavnu noć sa periferijskom prostitutkom. Zatim oni počinju zajednički život ali ubrzo ona odlazi od njega. Očajan i ostavljen, pokušava da je nađe padajući sve niže u talog gradske periferije. I kada je naizgled vreme učinilo svoje ona se pojavljuje.",
    "thumb": "https:\/\/upload.wikimedia.org\/wikipedia\/sr\/4\/4e\/%D0%A2%D1%80%D0%B0%D0%B3%D0%BE%D0%B2%D0%B8_%D1%86%D1%80%D0%BD%D0%B5_%D0%B4%D0%B5%D0%B2%D0%BE%D1%98%D0%BA%D0%B5.jpg",
    "type": "filmovi",
    "created_at": "2025-06-15 20:05:51",
    "year": 1972,
    "link_groups": {
        "glavni": "https:\/\/www.file-upload.org\/c9yrnut7pouy",
        "alternativni_1": "",
        "alternativni_2": ""
    }
}