{
    "title": "Gravitacija I Fantasticna Mladost Cinovnika Borisa Horvata",
    "plot": "Nakon povratka s odsluženja vojnog roka, Boris Horvat nalazi se na životnoj prekretnici. Razmišlja o studiranju, ali već ga čeka posao u banci u kojoj je radio i njegov otac. Boris se zaljubljuje u umetnicu An, ali kada se zaposli u banci upušta se u vezu s kolegicom Natašom…",
    "thumb": "https:\/\/m.media-amazon.com\/images\/M\/MV5BMmViN2QwNWUtZTE2My00NDY2LWEyN2YtZDk3MzdlYTdkYWUzXkEyXkFqcGc@._V1_FMjpg_UX1000_.jpg",
    "type": "filmovi",
    "created_at": "2025-09-28 13:57:33",
    "year": 1968,
    "link_groups": {
        "glavni": "https:\/\/www.file-upload.org\/1c3ir9dp1i6m",
        "alternativni_1": "",
        "alternativni_2": ""
    }
}