{
    "title": "Sveti Pesak",
    "plot": "Čovek koji je bio nekada politički komesar brigade, ogrešio se o društvo. Dvadeset godina posle rata, na mesto gde se otkriva spomenik njegovim mrtvim drugovima, došao je i on, nepozvan i odbačen. Prozivali su mrtve i žive, ali njegovo ime nisu izgovorili. A on je ostao pred svojim drugovima, gledali su se u oči. Stajao je a kao da kad ga nikad nije bilo.",
    "thumb": "https:\/\/cinesseum.com\/img\/auto\/auto\/movie\/svetiPesak\/sveti-pesak-poster.jpg",
    "type": "filmovi",
    "created_at": "2025-06-15 18:45:03",
    "year": 1968,
    "link_groups": {
        "glavni": "https:\/\/www.file-upload.org\/5w0o5mm2s04u",
        "alternativni_1": "",
        "alternativni_2": ""
    }
}