{
    "title": "Panonski Vrh",
    "plot": "Belorus rođen u Jugoslaviji veliki je zaljubljenik, poput umrlog oca ruskog emigranta u planinske vrhove i operu. Iako ceni svoga oca, oseća se u potpunosti Jugoslovenom. Ali u trenutku važnih istorijskih promena, konkretno, za vreme Informbiroa njegovo poreklo će ipak odigrati važnu ulogu. I tako ovaj mali ali vredan, u sopstvenim očima duhovni čovek, biće sputan apsurdnim optužbama. Srećom a po nekima i nesrećom ovaj „ pentrač nizine“ nije bio osuđen na najtežu kaznu.",
    "thumb": "https:\/\/m.media-amazon.com\/images\/M\/MV5BMGJjNTNlZDAtODBkNC00NDVmLTgxYTYtZmRhMzk0ZmRhNjQ4XkEyXkFqcGc@._V1_.jpg",
    "type": "filmovi",
    "created_at": "2025-06-17 16:06:45",
    "year": 1980,
    "link_groups": {
        "glavni": "https:\/\/www.file-upload.org\/awef17xkklt5",
        "alternativni_1": "",
        "alternativni_2": ""
    },
    "last_updated": "2025-06-17 16:08:27"
}