{
    "title": "Roj",
    "plot": "Za vreme Prvog srpskog ustanka, 1804. godine, u tek oslobođenoj zemlji, sudi se Srpkinji, za izdaju muža, junaka, Turcima.",
    "thumb": "https:\/\/m.media-amazon.com\/images\/M\/MV5BYjkzZmU2NzYtYzViYy00N2I5LWI1NGItZWFkMTVhYzBkNTYwXkEyXkFqcGc@._V1_QL75_UY281_CR6,0,190,281_.jpg",
    "type": "filmovi",
    "created_at": "2025-06-15 13:02:36",
    "year": 1966,
    "link_groups": {
        "glavni": "https:\/\/www.file-upload.org\/vth6dlc4lemd",
        "alternativni_1": "",
        "alternativni_2": ""
    }
}