{
    "title": "Petrijin Venac",
    "plot": "Tridesetih godina prošlog veka, mlada seljanka Petrija (Mirjana Karanović), udaje se za seljaka Dobrivoja (Marko Nikolić). Dobrivojeva majka (Ljiljana Krstić) mrzi Petriju, jer je stupila u brak bez miraza. Zbog sukoba sa njegovom majkom, Dobrivoje preti da će izbaciti Petriju na ulicu, ali to ne čini kada saznaje da je Petrija trudna. Devet meseci kasnije, tokom žetve, Petrija počinje da se porađa i vraća se na imanje gde se porađa u štali. Zbog običaja koji nalaže da svekrva mora da preseče pupčanu vrpcu, Petrija ne seče pupčanu vrpcu nakon porođaja, čekajući da se njena svekrva vrati sa žetve, i zbog toga dete umire.",
    "thumb": "https:\/\/m.media-amazon.com\/images\/M\/MV5BYmNhMWQwYjgtZGY2YS00MTdkLTkxODktMTQ0MjJlNTVjYmEwXkEyXkFqcGc@._V1_FMjpg_UX1000_.jpg",
    "type": "filmovi",
    "created_at": "2025-06-17 16:18:01",
    "year": 1980,
    "link_groups": {
        "glavni": "https:\/\/www.file-upload.org\/qbck432iit79",
        "alternativni_1": "",
        "alternativni_2": ""
    }
}