{
    "title": "Njih Dvojica",
    "plot": "Trudeći se da prežive rat i da sačuvaju porodice i imanja, seljaci se klone bilo kakve aktivnosti protiv okupatora. Teror okupatora i njegovih saradnika ipak izaziva njihov otpor i uverenje da se samo borbom može doći do mira. Dvojica komšija prolaze put od prijateljstva do jasnih neprijatelja, jer jedan od njih rešava da sakrije ranjenog komunistu.",
    "thumb": "https:\/\/m.media-amazon.com\/images\/M\/MV5BNjdmOGY0NjMtN2FmMC00Zjc1LTk2YTctOWMxMzBjNWYzY2ZiXkEyXkFqcGc@._V1_QL75_UY281_CR6,0,190,281_.jpg",
    "type": "filmovi",
    "created_at": "2025-07-10 22:59:07",
    "year": 1955,
    "link_groups": {
        "glavni": "https:\/\/www.file-upload.org\/bebdcomkcpzw",
        "alternativni_1": "",
        "alternativni_2": ""
    }
}