{
    "title": "Tomo Bakran II",
    "plot": "„Томо Бакран” је југословенски ТВ филм из 1978. године. Режирао га је Едуард Галић а сценарио је написао Иво Штивичић по делу Мирослава Крлеже.",
    "thumb": "https:\/\/m.media-amazon.com\/images\/M\/MV5BNTljM2E1YjQtOGI5YS00MDA4LTkwNWItYWQ2OTA5N2QwMzMwXkEyXkFqcGc@._V1_FMjpg_UX1000_.jpg",
    "type": "filmovi",
    "created_at": "2025-06-17 15:27:35",
    "year": 1978,
    "link_groups": {
        "glavni": "https:\/\/www.file-upload.org\/pwgwlkbubmvb",
        "alternativni_1": "",
        "alternativni_2": ""
    }
}