{
    "title": "Majstor I Margarita",
    "plot": "Radnja filma se odvija u Moskvi, 1925. godine. Pisac Nikolaj Maksudov Maestro (u romanu nema ime, već je samo Maestro ili Majstor) je javno osuđen od strane proleterskih pisaca zbog dramskog dela „Pontije Pilat“, a zakazana premijera biva otkazana. Pometnju u zbivanja unosi Satana, sa svojim pomoćnicima. U najtežim trenucima uz pisca je Margareta, žena koju voli.",
    "thumb": "https:\/\/aleksandarpetrovic.org\/wp-content\/uploads\/2013\/04\/majstor-i-Margarita2-Aleksandar-Petrovic.png",
    "type": "filmovi",
    "created_at": "2025-09-28 22:01:57",
    "year": 1972,
    "link_groups": {
        "glavni": "https:\/\/www.file-upload.org\/1addthjwpbpk",
        "alternativni_1": "",
        "alternativni_2": ""
    }
}