{
    "title": "Crni Film",
    "plot": "Film se bavi socijalnim problemima beskućnika koji su prepušteni sami sebi. Radnja se dešava 29. januara 1971. u Novom Sadu. Želimir Žilnik pronalazi 6 beskućnika koje na nekoliko dana poziva u svoj stan od 48 kvadrata u kome stanuje sa ženom i ćerkom. Šest beskućnika govori o svojim problemima, a Žilnik pokušava da kod nadležnih jugoslovenskih organa pronađe smještaj za njih.",
    "thumb": "https:\/\/encrypted-tbn0.gstatic.com\/images?q=tbn:ANd9GcSuMRhMjmbBiYeN_lIhxQStTD8vVEOikDxBQA&s",
    "type": "filmovi",
    "created_at": "2025-06-15 19:53:40",
    "year": 1971,
    "link_groups": {
        "glavni": "https:\/\/www.file-upload.org\/jfwh2fee4etk",
        "alternativni_1": "",
        "alternativni_2": ""
    }
}