{
    "title": "Leptirica",
    "plot": "Stari vodeničar čuje čudne zvukove koji dolaze iz šume. Dok spava, vodenični točak iznenada prestaje da se okreće, a čudno čovekoliko stvorenje sa crnim rukama i dugim zubima i noktima ga ujeda za vrat.\r\n\r\nPosle uvodne scene, film se prebacuje na romansu između siromašnog mladića Strahinje (Petar Božović) i lepe devojke Radojke (Mirjana Nikolić). Radojka je kćerka gazda Živana (Slobodan Perović), koji ne dozvoljava Radojki da se uda za Strahinju. Razočaran, Strahinja napušta svoje selo i odlazi u Zarožje. Nailazi na seljake koji pričaju o ukletoj vodenici i prihvata njihovu ponudu da postane novi vodeničar. Strahinja provodi noć u vodenici i preživljava napad stvorenja, saznavši njegovo ime - Sava Savanović. Seljani posećuju najstariju ženu u susednom selu i pitaju je da li se u blizini nalazi grob nekoga po imenu Sava Savanović. Nakon što su pronašli mesto gde je njegovo telo sahranjeno, probijaju ga kocem kroz zatvoren kovčeg, ali iz njega uspeva da izleti leptir.",
    "thumb": "https:\/\/upload.wikimedia.org\/wikipedia\/sr\/9\/91\/Leptirica.jpg",
    "type": "filmovi",
    "created_at": "2025-06-15 20:32:40",
    "year": 1973,
    "link_groups": {
        "glavni": "https:\/\/www.file-upload.org\/98wob1fnc4v7",
        "alternativni_1": "",
        "alternativni_2": ""
    }
}