{
    "title": "Una",
    "plot": "Prodekan fakulteta spletkom uspeva da Unu uvuče u igru sa profesorom. Tako se jedan bezazlen intervju pretvara u dosije životnih, filosofskih i ideoloških stavova kontroverznog profesora, a zatim u zlonamerni izveštaj o njegovom životu, ponašanju, delovanju i kretanju..",
    "thumb": "https:\/\/upload.wikimedia.org\/wikipedia\/sr\/3\/37\/Una_film.jpg",
    "type": "filmovi",
    "created_at": "2025-06-18 11:45:40",
    "year": 1984,
    "link_groups": {
        "glavni": "https:\/\/www.file-upload.org\/tnqrls8dwgld",
        "alternativni_1": "",
        "alternativni_2": ""
    }
}