{
    "title": "Crno Seme",
    "plot": "Crno seme (makedonski: Crno seme ) je jugoslovenski film snimljen 1971. godine na makedonskom jeziku u režiji Kirila Cenevskog. Radnja je smeštena u Grčku na početku građanskog rata 1946. godine, a protagonisti su pripadnici vojske makedonske nacionalnosti, a koje monarhistička desničarska vlada smatra komunističkom petom kolonom te šalje u koncentracioni logor na jednom egejskom ostvru gdje će biti izloženi svakojakim zlostavljanjima. Film, napravljen u vreme kada je Grčkom vladala desničarka vojna diktatura je dobio brojne nagrade u Jugoslaviji, a posle je bio i jugoslovenski službeni kandidat za Oscara.",
    "thumb": "https:\/\/m.media-amazon.com\/images\/M\/MV5BMDJlZDQ3NTAtYWY1Ni00NzEyLWJmMjktOTFlNzFlMTVmNDQ4XkEyXkFqcGc@._V1_.jpg",
    "type": "filmovi",
    "created_at": "2025-06-15 19:52:45",
    "year": 1971,
    "link_groups": {
        "glavni": "https:\/\/www.file-upload.org\/s1s18bxxq6k8",
        "alternativni_1": "",
        "alternativni_2": ""
    }
}