{
    "title": "Lepa Parada",
    "plot": "Svi likovi u ovom filmu su tipični građani jedne male varošice. To su naravi i situacije rođene u dokolici kolotečine. Kako se ponašaju i o čemu misle građani i zašto je šinter veoma važan za jednu takvu sredinu.",
    "thumb": "https:\/\/m.media-amazon.com\/images\/M\/MV5BMzE1MzMzZTMtMzFiYi00N2U2LTg3OTgtMzRmZDMwMDdhYzhjXkEyXkFqcGc@._V1_.jpg",
    "type": "filmovi",
    "created_at": "2025-06-15 19:31:50",
    "year": 1970,
    "link_groups": {
        "glavni": "https:\/\/www.file-upload.org\/3vfn97129c89",
        "alternativni_1": "",
        "alternativni_2": ""
    }
}