{
    "title": "Kota 905",
    "plot": "U prvom posleratnom periodu kapetan Jugoslavenske armije Vladimir zadužen je za razbijanje naoružanih pristalica srušenog kraljevskog režima, predvođenih majorom Momirom. Nakon što je poginuo Vladimirov najbolji prijatelj i prvi vođa akcije, Vladimir se ubacuje u odmetničke redove, pretvarajući se da je jedan od njih. Ipak, Jelka, privlačna ćerka glavnog Momirova jataka Stanka, koji ju je obećao Momiru za ženu, zna da je Vladimir oficir Jugoslavenske armije, jer ga pre toga videla u uniformi u obližnjem gradu. Vladimir strepi hoće li ga ona izdati.",
    "thumb": "https:\/\/upload.wikimedia.org\/wikipedia\/sr\/0\/0c\/%D0%9A%D0%BE%D1%82%D0%B0_905.JPG",
    "type": "filmovi",
    "created_at": "2025-09-22 22:46:02",
    "year": 1960,
    "link_groups": {
        "glavni": "https:\/\/www.file-upload.org\/y8zep5p60sa8",
        "alternativni_1": "",
        "alternativni_2": ""
    }
}