{
    "title": "Na Mesto, Gradjanine Pokorni!",
    "plot": "Film prati život Culeta Pokornog, zaplašenog i pokornog građanina koji je ekonomista zaokupljen idejom da učini društvo boljim i bogatijim. Cule, kao moderni Don Kihot, pokušava da propoveda entuzijazam u kolektivu koji misli samo na sopstvene interese, te propoveda ljubav u porodici i među susedima i zbog svoje dobrote i naivnosti upliće se u aferu s velikim krijumčarima droge, malim lopovima i striptiz igračicom...",
    "thumb": "https:\/\/upload.wikimedia.org\/wikipedia\/sr\/thumb\/c\/c6\/%D0%9D%D0%B0_%D0%BC%D0%B5%D1%81%D1%82%D0%BE%2C_%D0%B3%D1%80%D0%B0%D1%92%D0%B0%D0%BD%D0%B8%D0%BD%D0%B5_%D0%9F%D0%BE%D0%BA%D0%BE%D1%80%D0%BD%D0%B8%21.jpg\/250px-%D0%9D%D0%B0_%D0%BC%D0%B5%D1%81%D1%82%D0%BE%2C_%D0%B3%D1%80%D0%B0%D1%92%D0%B0%D0%BD%D0%B8%D0%BD%D0%B5_%D0%9F%D0%BE%D0%BA%D0%BE%D1%80%D0%BD%D0%B8%21.jpg",
    "type": "filmovi",
    "created_at": "2025-09-27 23:43:24",
    "year": 1964,
    "link_groups": {
        "glavni": "https:\/\/www.file-upload.org\/4gzmmz7s2dcw",
        "alternativni_1": "",
        "alternativni_2": ""
    }
}