{
    "title": "Kad Cujes Zvona",
    "plot": "Prva godina rata. Tri sela u susedstvu i tri različite vere. Zvone tri zvona večernje i jutrenje u miru dok rat ne pretvori tri boga u tri noža. Uz unutrašnje otpore, zajednički neprijatelj će ujediniti ali i izbrisati predrasude.",
    "thumb": "https:\/\/upload.wikimedia.org\/wikipedia\/sr\/1\/1b\/%D0%9A%D0%B0%D0%B4_%D1%87%D1%83%D1%98%D0%B5%D1%88_%D0%B7%D0%B2%D0%BE%D0%BD%D0%B0.jpg",
    "type": "filmovi",
    "created_at": "2025-09-28 21:04:35",
    "year": 1969,
    "link_groups": {
        "glavni": "https:\/\/www.file-upload.org\/zxpg7m42hvq3",
        "alternativni_1": "",
        "alternativni_2": ""
    }
}