{
    "title": "Kise Zemlje Moje",
    "plot": "Dokumentarni film u stilu *cinéma vérité*, inspiriran filmom \"Kronika jednog ljeta\" Jeana Roucha i Edgara Morina.",
    "thumb": "https:\/\/m.media-amazon.com\/images\/M\/MV5BNTNkMzUwMGItNjA2Yy00N2JjLWFjZDctNTA2OGQyYTRhYTFkXkEyXkFqcGc@._V1_.jpg",
    "type": "filmovi",
    "created_at": "2025-09-27 23:36:33",
    "year": 1963,
    "link_groups": {
        "glavni": "https:\/\/www.file-upload.org\/glfmqcbm299g",
        "alternativni_1": "",
        "alternativni_2": ""
    }
}