{
    "title": "Giovanni",
    "plot": "Giovanni je jugoslavenska TV drama u produkciji RTV Zagreb emitirana 1976. godine. Radnja se događa u Splitu za vrijeme talijanske okupacije u Drugom svjetskom ratu. Protagonist, koga tumači Milan Srdoč, je starac koji je fasciniran talijanskim vojnikom (koga glumi Ratko Glavina), sve do trenutka kada shvati da se iz jedne od vojnih akcija u zaleđu Splita vratio krvavih ruku. TV-dramu je režirao Vanča Kljaković, a scenarij je napisao Živko Jeličić.",
    "thumb": "https:\/\/mojtv.hr\/thumb.ashx?path=\/images\/526a8976-f33d-498f-9c1a-0a7dff577130.jpg&w=360&h=180",
    "type": "filmovi",
    "created_at": "2025-06-17 14:00:51",
    "year": 1976,
    "link_groups": {
        "glavni": "https:\/\/www.file-upload.org\/q880kfa7nnyr",
        "alternativni_1": "",
        "alternativni_2": ""
    }
}