{
    "title": "Motel Mjesecina",
    "plot": "Motel mjesečina je jugoslavenski TV film snimljen 1976. u produkciji RTV Zagreb i režiji Krešimira Golika. Protagonisti su bračni par koji, u nastojanju da razbije bračnu monotoniju, odluči otići na romantični vikend u motel. Radnja prikazuje kako se ispostavi da je motel skoro prazan, pa supružnici počinju strahovati da će im netko opljačkati parkirani automobil.",
    "thumb": "https:\/\/m.media-amazon.com\/images\/M\/MV5BZjQwOWQ1OTQtZDNiMC00NGM4LWE1NzktN2E0ZmEzYjU5MTJlXkEyXkFqcGc@._V1_.jpg",
    "type": "filmovi",
    "created_at": "2025-06-17 13:51:02",
    "year": 1976,
    "link_groups": {
        "glavni": "https:\/\/www.file-upload.org\/2pzuz0rvoyoa",
        "alternativni_1": "",
        "alternativni_2": ""
    }
}