{
    "title": "Drzanje Za Vazduh",
    "plot": "Priča o ratnom siročetu koje se seća prvih poratnih dana, svoga boravka u domu za ratnu siročad, svojih vaspitača, drugova, a najviše svoga „jedinog brata“. To je u isto vreme priča o ljubavi i nesporazumima, o dečačkim snovima kroz koje se sagledava sva lepota i čistota dečjih duša, kao i prvi posleratni dani poleta i izgaranja.",
    "thumb": "https:\/\/m.media-amazon.com\/images\/M\/MV5BMTM0NzUzM2MtNDJiOS00OWUyLTgwZmQtYmVjOWUyNjUzMzY4XkEyXkFqcGc@._V1_QL75_UY281_CR7,0,190,281_.jpg",
    "type": "filmovi",
    "created_at": "2025-06-18 12:28:15",
    "year": 1985,
    "link_groups": {
        "glavni": "https:\/\/www.file-upload.org\/9vaiqs65rrr0",
        "alternativni_1": "",
        "alternativni_2": ""
    }
}