{
    "title": "Visnja Na Tasmajdanu",
    "plot": "Priča o rađanju jedne ljubavi između dvoje mladih, o njenom trajanju, sa svim teškoćama i lepotama koje ona nosi sa sobom, o gašenju te ljubavi usled sukoba sa prenaglašenom dinamikom i lažnim vrednostima savrmenog života.",
    "thumb": "https:\/\/encrypted-tbn0.gstatic.com\/images?q=tbn:ANd9GcR0CYYl67z3Q9OqhbSA7Ozbzc9c0stixy2HsQ&s",
    "type": "filmovi",
    "created_at": "2025-06-15 18:43:38",
    "year": 1968,
    "link_groups": {
        "glavni": "https:\/\/www.file-upload.org\/do6ffdil19pf",
        "alternativni_1": "",
        "alternativni_2": ""
    }
}