{
    "title": "Jagode U Grlu",
    "plot": "Filmska priča ponovno okuplja stare školske prijatelje koji su sada, nakon 15 godina, situirani i odrasli ljudi, no ne nužno ozbiljni i savesni. Čini se da je petnaest godina, posle izlaska iz školskih klupa, dovoljno vremena da se naprave nekakve životne rekapitulacije i vidi dokle je ko stigao. I tako se školski drugovi Bane Bumbar, njegova žena Biljka, Goca, Uške i Boca odluče da proslave dolazak iz inostranstva svoga druga Mikija Rubiroze. Planirana je luda noć, u samo za njih zakupljenoj kafani, uz sećanje na mladost šezdesetih godina. Sentimentalni sastanak starih drugara prerasta u noć neobičnih događaja — smešnih, tužnih, apsurdnih... Prijatelji piju i jedu te sentimentalan sastanak i nostalgična sećanja prerastu u turbulentnu noć svađa, rastava, mirenja, zameranja, igranja skrivača, a sve uz prateći bend koji izvodi evergrine poput O sole mio, El condor pasa, O, mladosti, Love Me Tender..",
    "thumb": "https:\/\/m.media-amazon.com\/images\/M\/MV5BZGE3YzQ4NzEtMDkzOS00MWIyLWJjNGEtNzUwZjU2Yzg5NDZmXkEyXkFqcGc@._V1_FMjpg_UX1000_.jpg",
    "type": "filmovi",
    "created_at": "2025-06-18 12:26:22",
    "year": 1985,
    "link_groups": {
        "glavni": "https:\/\/www.file-upload.org\/668dmin8h1r9",
        "alternativni_1": "",
        "alternativni_2": ""
    }
}