{
    "title": "Spadijer - Jedan Zivot",
    "plot": "Tridesetogodišnji novinar bez posla prihvata razne privremene poslove jer je njegova ćerka iz prvog braka je u bolnici. Na jednom konkursu upozna ženu koja živi sa desetogodišnjim sinom. Njih dvoje započinju zajednički život. Međutim njegovoj ćerki se zdravlje pogoršava, a san o novinarskom poslu sve je dalji, ali još veći problem nastaje kada sazna da ženi sa kojom živi dolazi muž iz Iraka.",
    "thumb": "https:\/\/m.media-amazon.com\/images\/M\/MV5BYTgxODZkMDAtOGJkYi00M2FlLTlhZjMtYTIwZmUxODFmNjg2XkEyXkFqcGc@._V1_.jpg",
    "type": "filmovi",
    "created_at": "2025-06-18 12:37:09",
    "year": 1986,
    "link_groups": {
        "glavni": "https:\/\/www.file-upload.org\/7jxhwy3q3ee7",
        "alternativni_1": "",
        "alternativni_2": ""
    }
}