{
    "title": "Aleksa Dundic",
    "plot": "Dundićevo poreklo je nejasno. Postoje dva mišljenja o njegovom poreklu. Po prvom Aleksa Dundić poreklom Srbin iz Grabovca čije je pravo ime Toma Dundić, dok je je po drugom verovanju on iz Kosjerića čije je pravo ime Milutin Čolić.\r\n\r\nPo Velikoj sovjetkoj enciklopediji Dundić je rođen 13. aprila 1896 (ili po drugim podacima 12. avgusta 1897) u Grabocu u Dalmaciji koja je tada bila deo Austro-Ugarske. Naučio je da jaše još kao dečak radeći kao pastir u Argentini i Brazilu.",
    "thumb": "https:\/\/upload.wikimedia.org\/wikipedia\/sr\/f\/fc\/Aleksa_Dundi%C4%87_%281958%29.jpg",
    "type": "filmovi",
    "created_at": "2025-06-13 16:25:21",
    "year": 1958,
    "link_groups": {
        "glavni": "https:\/\/www.file-upload.org\/9a1y4g9g3ywz",
        "alternativni_1": "",
        "alternativni_2": ""
    }
}