{
    "title": "Memento",
    "plot": "Memento je jugoslovenski film iz 1967. godine. Režirao ga je Dimitre Osmanli a scenario su napisali Jovan Boškovski, Taško Georgievski i Dimitre Osmanli.",
    "thumb": "https:\/\/m.media-amazon.com\/images\/M\/MV5BMTFmMzA0ZGMtNzUyZi00NDhhLTk1OGEtYmQxYWU1MGY0ZjUzXkEyXkFqcGc@._V1_.jpg",
    "type": "filmovi",
    "created_at": "2025-09-28 00:30:51",
    "year": 1967,
    "link_groups": {
        "glavni": "https:\/\/www.file-upload.org\/ummbfo2b7g17",
        "alternativni_1": "",
        "alternativni_2": ""
    }
}