{
    "title": "Denovi Na Iskusenie",
    "plot": "(Dani na iskušenje) je jugoslovenski film iz 1965. godine, u žanru drame i istorijskog trilera, režiran od strane Branka Gape. Film prati sudbinu stotina Makedonaca koji su se iselili u Bugarsku nakon završetka Balkanskih ratova i Prvog svetskog rata. Neki od tih doseljenika su bili pro-bugarski orijentisani i koristili su nove migrante za svoje političke ciljeve. U filmu se pominje i ubistvo Đorčeta Petrova u Sofiji.",
    "thumb": "https:\/\/m.media-amazon.com\/images\/M\/MV5BYzI1N2FlMjctM2NkNS00MDQ0LWJjNmUtMmY5YTljMmY1MzI4XkEyXkFqcGc@._V1_.jpg",
    "type": "filmovi",
    "created_at": "2025-06-14 00:31:18",
    "year": 1965,
    "link_groups": {
        "glavni": "https:\/\/www.file-upload.org\/n9kuyzw6efub",
        "alternativni_1": "",
        "alternativni_2": ""
    }
}