{
    "title": "Lelejska Gora",
    "plot": "Lado Tajović po zadatku Partije odlazi u svoj rodni kraj, u crnogorske planine, da kao ilegalac izvrši propagandu oslobodilačkog pokreta. Okružen neprijateljima, večito budan i na oprezi da izbegne zasede i hajke, Lado se bori protiv ljudi koji su kukavice, spremni na izdaju, bori se protiv sopstvenih iskušenja, protiv halucinacija koje ga u njegovoj samoći neprestano posećuju. I mada se istrajno pridržava partijskih direktiva, ne ubij i ne sveti se - Lado u jednom trenutku slabosti podleže iskonskom ljudskom činu - osveti.",
    "thumb": "https:\/\/upload.wikimedia.org\/wikipedia\/sh\/thumb\/d\/da\/%D0%9B%D0%B5%D0%BB%D0%B5%D1%98%D1%81%D0%BA%D0%B0_%D0%B3%D0%BE%D1%80%D0%B0.png\/250px-%D0%9B%D0%B5%D0%BB%D0%B5%D1%98%D1%81%D0%BA%D0%B0_%D0%B3%D0%BE%D1%80%D0%B0.png",
    "type": "filmovi",
    "created_at": "2025-06-15 18:50:34",
    "year": 1968,
    "link_groups": {
        "glavni": "https:\/\/www.file-upload.org\/zi945f43i5k7",
        "alternativni_1": "",
        "alternativni_2": ""
    }
}