{
    "title": "Zivjeti",
    "plot": "Živjeti je hrvatski televizijski film redatelja Danijela Marušića prema pjesmi Živjeti iz zbirka pripovjetki Orfej u maloj bašti Petra Šegedina za Televiziju Zagreb. Snimanje se odvijalo tijekom 1968. i završeno 1969. Film je trebao biti premijerno prikazan krajem lipnja 1969., ali je rad na filmu prekinut tijekom montaže i zabranjen za prikazivanje. Problem je bio sam Šegedin koji u to vrijeme zbog svojih radova i uloga pridonošenju deklaraciji o nazivu i položaju hrvatskog književnog jezika izbačen iz saveza komunista.",
    "thumb": "https:\/\/upload.wikimedia.org\/wikipedia\/hr\/thumb\/4\/49\/%C5%BDivjeti_1968.png\/260px-%C5%BDivjeti_1968.png",
    "type": "filmovi",
    "created_at": "2025-06-15 18:42:51",
    "year": 1968,
    "link_groups": {
        "glavni": "https:\/\/www.file-upload.org\/glepkarkz8cv",
        "alternativni_1": "",
        "alternativni_2": ""
    }
}