{
    "title": "Glineni Golub",
    "plot": "Sarajevo je pod okupacijom. Dva radnika iz ložionice, Predrag i Beli prilikom jedne racije padaju u ruke Gestapou. Šef Gestapoa, dr. Štal, uspeva mučeći Belog, da dobije informacije o nekim članovima ilegalne organizacije koja daje diverzantima precizne podatke o kretanju kompozicije sa nemačkim trupama i ratnim materijalima.[1] Gestapo ima strategiju da narodne heroje pretvori u izdajnike i osudi ih na linč.",
    "thumb": "https:\/\/m.media-amazon.com\/images\/M\/MV5BMTAwMWNjOTQtMjM2Yy00YWQ2LTgwZjgtYzZmZTA3YTljZmUyXkEyXkFqcGc@._V1_.jpg",
    "type": "filmovi",
    "created_at": "2025-09-27 23:55:41",
    "year": 1966,
    "link_groups": {
        "glavni": "https:\/\/www.file-upload.org\/bsd0fsyp6g94",
        "alternativni_1": "",
        "alternativni_2": ""
    }
}