{
    "title": "Dejstvo Zemljine Teze Na Naivna Bica",
    "plot": "Dejstvo Zemljine Teze Na Naivna Bica\" (Dejstvo zemljine teže na naivna bića) je jugoslovenski eksperimentalni kratki dokumentarni film iz 1984. godine, koji je režirao Miroslav Bata Petrović. Film je bio deo avangardnog i eksperimentalnog filma, poznat po upotrebi raznovrsnih formalnih efekata u slici i zvuku",
    "thumb": "https:\/\/i.ytimg.com\/vi\/MyFY_VqXPdI\/mqdefault.jpg",
    "type": "filmovi",
    "created_at": "2025-08-25 19:20:52",
    "year": 1984,
    "link_groups": {
        "glavni": "https:\/\/www.file-upload.org\/c1128lks5afe",
        "alternativni_1": "",
        "alternativni_2": ""
    }
}