{
    "title": "Druga Strana Medalje",
    "plot": "Eva Ružić je knjigovođa u velikom preduzeću, osuđena je na 7 godina zatvora zbog pronevere društvene imovine, tj. prisvajanja 5 miliona dinara. S obzirom na to da je Eva bivša partizanka i uzorna članica partije, istražitelj Hribar odlučio je da Evin slučaj istraži još jednom i potraži prave motive pljačke. Tokom istrage Hribar otkriva okolnosti u kojima živi skromna i povučena Eva, muž joj je kockar i ima ljubavnicu te nije neka podrška Evi, štaviše rado bi se razveo u takvim okolnostima. Ali takođe otkriva da su Evu ucenjivali",
    "thumb": "https:\/\/m.media-amazon.com\/images\/M\/MV5BYTc5OWEzOGEtODg0My00NmU1LWJkZmQtOGVjODc5NDcyYWNlXkEyXkFqcGc@._V1_.jpg",
    "type": "filmovi",
    "created_at": "2025-09-27 23:48:54",
    "year": 1965,
    "link_groups": {
        "glavni": "https:\/\/www.file-upload.org\/qzh8w4v2fgzp",
        "alternativni_1": "",
        "alternativni_2": ""
    }
}