{
    "title": "Kompozicija",
    "plot": "Eksperimentalni film bez radnje. Sastoji se uglavnom od statičnih kadrova koji prikazuju vagone. Riječ KOMPOZICIJA na srpskom ovdje ima trostruko značenje – kompozicija vlaka, kompozicija kadra i glazbena kompozicija.",
    "thumb": "https:\/\/images.mubicdn.net\/images\/film\/134636\/cache-121864-1745492561\/image-w1280.jpg?size=1280x",
    "type": "filmovi",
    "created_at": "2025-08-25 18:54:17",
    "year": 1970,
    "link_groups": {
        "glavni": "https:\/\/www.file-upload.org\/1lkwuxekjk8m",
        "alternativni_1": "",
        "alternativni_2": ""
    }
}