{
    "title": "Sabirni Centar",
    "plot": "Stari arheolog pronalazi rimsku nadgrobnu ploču za kojom je tragao čitavog života. Ona pokriva prolaz s „ovog” na „onaj” svet. Pri pokušaju da je pomakne profesor doživljava srčani udar i ubrzo umre. Ali, mrtav samo za okolinu, on se u stvari nalazi u nekoj vrsti stanja „između života i smrti”. Kako je i živ i mrtav u isto vreme, uspostavlja vezu između živih i mrtvih, pa mrtvi, vođeni željom da vide svoje rođake, kreću prolazom koji je profesor otkrio ispod rimske nadgrobne ploče, u susret svojim voljenim na „ovom” svetu. Ali, svet živih nije onakav kakvim su ga zamišljali.",
    "thumb": "https:\/\/static.kupindoslike.com\/Sabirni-Centar_slika_XL_17371641.jpg",
    "type": "filmovi",
    "created_at": "2025-06-19 00:14:50",
    "year": 1989,
    "link_groups": {
        "glavni": "https:\/\/www.file-upload.org\/g61qdcbuzfyo",
        "alternativni_1": "",
        "alternativni_2": ""
    }
}