{
    "title": "Rad Na Odredjeno Vreme",
    "plot": "Priča o životnim problemima nastavnika koji „privremeno“, to jest, deset godina, stanuje kod udate sestre, u pretrpanom jednosobnom stanu u kome, takođe „privremeno“, živi i sestra njegovog zeta. Ima diplomu, ali nema stalan posao. Nastavnik je na određeno vreme u školi koju pohađa dečak koji živi sam sa majkom. Dečak želi da ima oca, ali da on bude po njegovom izboru, a ne po ukusu njegove majke. Izgleda da baš nastavnik najviše odgovara dečakovoj predstavi o liku oca...[2] Film na dobrodušan način govori o uobičajenim problemima malog čoveka u razdoblju socijalizma. Bez stana i bez stalnog posla, nastavnik se mora snalaziti na različite načine, u čemu mu (ne)spremno pomaže porodica",
    "thumb": "https:\/\/m.media-amazon.com\/images\/M\/MV5BMTRmNmUyZmEtODJlMS00ODc5LWI2ZDgtNDdhNGVmMjUyNjBmXkEyXkFqcGc@._V1_FMjpg_UX1000_.jpg",
    "type": "filmovi",
    "created_at": "2025-06-17 16:13:39",
    "year": 1980,
    "link_groups": {
        "glavni": "https:\/\/www.file-upload.org\/4kp6ttdjl5zy",
        "alternativni_1": "",
        "alternativni_2": ""
    }
}