{
    "title": "Iskusavanje Djavola",
    "plot": "Zmajevići i Krstovići su susedi na brdu, sami i zavađeni. Iako je kula od Zmajevića, Krstovići polažu pravo na nju jer su jači. Zmajevići čekaju sina da se vrati iz Amerike, i da im spase kulu, čast i istoriju, ali i da se oženi za ženu koja ga čeka. Njega ruina od kule ne zanima, on iskušava svoju izabranicu tako da ona ne zna ko je on.",
    "thumb": "https:\/\/m.media-amazon.com\/images\/M\/MV5BMTc0MGE0ZGItZWQyMC00MDUzLTg5MTYtZjdkMzg1YjBjZjA2XkEyXkFqcGc@._V1_.jpg",
    "type": "filmovi",
    "created_at": "2025-06-19 00:36:37",
    "year": 1989,
    "link_groups": {
        "glavni": "https:\/\/www.file-upload.org\/fqrpueexzlkd",
        "alternativni_1": "",
        "alternativni_2": ""
    }
}