{
    "title": "W.R. - Misterije Organizma",
    "plot": "Mlada i lepa kozmetičarka se zaljubila u svetskog šampiona u umetničkom klizanju na ledu, i u toj svojoj zaljubljenosti potpuno gubi svest i glavu i to i u figurativnom, ali i u bukvalnom smislu. Film je mešavina crnohumorne komedije sa naučno fantastičnom groteskom, koji u sebi ima elemente pop-kviza, dokumentarnosti, političkog cirkusa i filozofskog eseja.",
    "thumb": "https:\/\/m.media-amazon.com\/images\/M\/MV5BNTU3ODViZDQtMTgxMi00ZmEwLWE3MWQtZGM5YTZhOTAzYjgzXkEyXkFqcGc@._V1_.jpg",
    "type": "filmovi",
    "created_at": "2025-06-15 19:45:54",
    "year": 1971,
    "link_groups": {
        "glavni": "https:\/\/www.file-upload.org\/3egtq2b9x8dk",
        "alternativni_1": "",
        "alternativni_2": ""
    }
}