{
    "title": "Dim",
    "plot": "Mladi čovek, poreklom Jevrej, duboko je opterećen posledicama rata u kojem je izgubio svoje najbliže. Smatra kako je njegova obaveza da se osveti bivšem zapovedniku koncentracionog logora u kome je stradala njegova porodica, nakon što se vratio iz zatvora posle izdržane minimalne kazne. Sticajem okolnosti, planirana osveta uzima drugačiji obrt.",
    "thumb": "https:\/\/m.media-amazon.com\/images\/M\/MV5BNzY5MThiMjYtYmJlYi00NTIyLWI1YzUtZWYyYTY1ZjYzN2Q4XkEyXkFqcGc@._V1_.jpg",
    "type": "filmovi",
    "created_at": "2025-06-15 13:26:58",
    "year": 1967,
    "link_groups": {
        "glavni": "https:\/\/www.file-upload.org\/dg43vojzf8ft",
        "alternativni_1": "",
        "alternativni_2": ""
    }
}