{
    "title": "Gorcina U Grlu",
    "plot": "Gorčina u grlu je jugoslavenski televizijski film snimljen u režiji Eduarda Galića i premijerno emitiran 1973. godine. Režirao ga je Eduard Galić, a scenario je pisao Zvonimir Majdak.",
    "thumb": "https:\/\/s1.dmcdn.net\/v\/RjBjQ1U0qmO4GBxJn\/x720",
    "type": "filmovi",
    "created_at": "2025-09-28 22:17:13",
    "year": 1973,
    "link_groups": {
        "glavni": "https:\/\/www.file-upload.org\/hhn7dk4hrj0s",
        "alternativni_1": "",
        "alternativni_2": ""
    }
}