{
    "title": "Muski Izlet",
    "plot": "Prilikom povratka sa Jadrana, grupa pripitih nemačkih turista zaluta u jedno crnogorsko selo, gde nailazi na neprijateljski doček udovica koje u njima vide ubice svojih muževa. Jedino od bola poludela Vlasta, kojoj je za vreme rata ubijen jedini sin, prijateljski dočekuje Nemce, u nadi da će joj vratiti sina. Nemci se u oštrom međusobnom sukobu razobličuju. Među njima ima i onih koji su zaista vršili odmazde. Jedan Nemac simbolišući mlade generacije, osuđuje prošlost, pun vere u lepšu i humaniju budućnost.",
    "thumb": "https:\/\/upload.wikimedia.org\/wikipedia\/sr\/2\/2a\/%D0%9C%D1%83%D1%88%D0%BA%D0%B8_%D0%B8%D0%B7%D0%BB%D0%B5%D1%82.jpg",
    "type": "filmovi",
    "created_at": "2025-09-27 23:42:31",
    "year": 1964,
    "link_groups": {
        "glavni": "https:\/\/www.file-upload.org\/7ukbjl9wvd9u",
        "alternativni_1": "",
        "alternativni_2": ""
    }
}