{
    "title": "Uzrok Smrti Ne Pominjati.",
    "plot": "Rat u Srbiji donosi smrt - masovna streljanja okupatora. Bojadžija u tuzi i nevolji hoće da pomogne svom narodu, da ga snabde crninom. Ali, nema dovoljno crnine za sve, jer je smrt brža od bojadžije. Bojadžija, veruje u poštene namere svoga kuma - crnoberzijanca, i deli, preko okupatora nabavljeno, platno narodu. Ali narod u svom bolu, ne može da razlikuje dobre od zlih namera.",
    "thumb": "https:\/\/digital.bms.rs\/ebiblioteka\/publications\/coverpage\/1538",
    "type": "filmovi",
    "created_at": "2025-06-15 18:44:20",
    "year": 1968,
    "link_groups": {
        "glavni": "https:\/\/www.file-upload.org\/yvlv1wt0dis0",
        "alternativni_1": "",
        "alternativni_2": ""
    }
}