{
    "title": "Nas Avto",
    "plot": "Naša kola (sloven. Naš avto) je jugoslovenski film prvi put prikazan 12. decembra 1962. godine. Režirao ga je František Čap koji je napisao i scenario.",
    "thumb": "https:\/\/m.media-amazon.com\/images\/M\/MV5BZWUxMGUzYzktMzY1ZS00YzJjLTg5ZDktMzcxNjlhNGU3NjFmXkEyXkFqcGc@._V1_.jpg",
    "type": "filmovi",
    "created_at": "2025-09-26 23:03:02",
    "year": 1962,
    "link_groups": {
        "glavni": "https:\/\/www.file-upload.org\/ycmvd3nnb9il",
        "alternativni_1": "",
        "alternativni_2": ""
    }
}