{
    "title": "Nevesinjska Puska",
    "plot": "Pred kraj 19. veka mladi, zapadnjački orijentisan vojvoda Mićo Ljubibratić podiže ustanak u istočnoj Hercegovini protiv turske vlasti, potpomognut i dobrovoljcima iz Rusije, Francuske i drugih zemalja. Daje jasno na znanje zapadnim silama, posebno Austrijancima, ali i Srbiji i Crnoj Gori, koje su poslale jedinice u pomoć ustanicima, da neće dopustiti instrumentalizaciju ustanka u korist tih zemalja, konkretno da ne dolazi u obzir pripojenje Hercegovine ni Austriji, ni Srbiji, ni Crnoj Gori ukoliko novoformirana Hercegovačka skupština samostalno ne donese takvu odluku. Austrijske vlasti zbog toga ne dopuštaju dolazak talijanskih dobrovoljaca preko svoje teritorija, a crnogorski i srpski knez naređuju jedinicama da napuste ustanak. Takav razvoj situacije pobuđuje netrpeljivost nekih hercegovačkih glavešina prema Mići. Mići je pri tom važna podrška njegove devojke strankinje Dženi.",
    "thumb": "https:\/\/upload.wikimedia.org\/wikipedia\/commons\/thumb\/d\/d0\/Nevesinjska_Puska_Poster.jpg\/250px-Nevesinjska_Puska_Poster.jpg",
    "type": "filmovi",
    "created_at": "2025-09-27 23:38:16",
    "year": 1963,
    "link_groups": {
        "glavni": "https:\/\/www.file-upload.org\/79isxxd00miz",
        "alternativni_1": "",
        "alternativni_2": ""
    }
}