{
    "title": "Dvoje",
    "plot": "Mirko je slučajno sreo Jovanu, i zaljubivši se u nju, nastavio je da je traži. Oni se upoznaju i zavole. Godinu dana traje njihova veza, dok jedne večeri Jovani ne preostaje ništa drugo osim da se suoči sa istinom da je ljubav prošla, da je Mirko ne voli više.",
    "thumb": "https:\/\/upload.wikimedia.org\/wikipedia\/sr\/thumb\/5\/5d\/Dvoje_%281961%29.jpg\/250px-Dvoje_%281961%29.jpg",
    "type": "filmovi",
    "created_at": "2025-09-26 22:47:14",
    "year": 1961,
    "link_groups": {
        "glavni": "https:\/\/www.file-upload.org\/3tea02gl4ro9",
        "alternativni_1": "",
        "alternativni_2": ""
    }
}