{
    "title": "Deseti Brat",
    "plot": "„Deseti brat” je jugoslovenski i slovenački film iz 1982. godine, prvi put prikazan 7. decembra 1984. godine. Režirao ga je Vojko Duletić a scenario su napisali Vojko Duletić i Josip Jurčić.",
    "thumb": "https:\/\/m.media-amazon.com\/images\/M\/MV5BYjJjYmIzZjgtODEzOS00ODZmLTljYmQtNGZjMzAzNmY2OTNlXkEyXkFqcGc@._V1_FMjpg_UX1000_.jpg",
    "type": "filmovi",
    "created_at": "2025-06-17 21:24:02",
    "year": 1982,
    "link_groups": {
        "glavni": "https:\/\/www.file-upload.org\/dk3n5jjhjbnc",
        "alternativni_1": "",
        "alternativni_2": ""
    }
}