{
    "title": "Licem U Lice",
    "plot": "Na sastanku građevinskog preduzeća se odlučuje o slučaju radnika Miluna koji se pobunio protiv nekih sumnjivih odluka direktora, svog nekadašnjeg ratnog suborca. Za vreme sastanka stiglo je anonimno pismo u komitet u kojemu se upozorava na loše stanje u kolektivu, loše međuljudske odnose i nepravilnosti u dodeli društvenih stanova",
    "thumb": "https:\/\/m.media-amazon.com\/images\/M\/MV5BZDk4NjhhOTUtNmM0OC00ZDEyLWI1MjItMjEwZTY4MTlmODZkXkEyXkFqcGc@._V1_FMjpg_UX1000_.jpg",
    "type": "filmovi",
    "created_at": "2025-09-27 23:37:22",
    "year": 1963,
    "link_groups": {
        "glavni": "https:\/\/www.file-upload.org\/djdnuy38hsms",
        "alternativni_1": "",
        "alternativni_2": ""
    }
}