{
    "title": "Prekobrojna",
    "plot": "Da bi bio što bliže studentkinji Nadi, Mikailo napušta seljačku brigadu i Malenu, devojku koja je za njim kao prekobrojna, krenula na radnu akciju. Ne uspevši u svom udvaranju, koje izaziva opšti smeh, Mikailo se vraća svojoj brigadi i Maleni koja je u međuvremenu završila krojački kurs. Kada Mikailo završi obuku za traktoristu vratiće se u selo, gde ga čeka Malena",
    "thumb": "https:\/\/upload.wikimedia.org\/wikipedia\/sr\/b\/b3\/Prekobrojna.JPG",
    "type": "filmovi",
    "created_at": "2025-06-13 17:08:51",
    "year": 1962,
    "link_groups": {
        "glavni": "https:\/\/www.file-upload.org\/j8kbxtphll3x",
        "alternativni_1": "",
        "alternativni_2": ""
    }
}