{
    "title": "Istrel",
    "plot": "Pucanj (makedonski: Istrel ) je jugoslovenski igrani film snimljen na makedonskom jeziku 1972. godine u režiji Branka Gape. Predstavlja adaptaciju romana Pod usvitenost Dimitra Soleva, koji je bio inspirisan stvarnim događajima za vreme Drugog svetskog rata, odnosno atentatom na Maneta Mačkova, agenta bugarske tajne policije u okupiranom Skoplju 1941. godine. Protagonisti su grupa omladinaca koja se priključila ilegalnom pokretu otpora i svojim akcijama u gradu nastoji pažnju vlasti skrenuti sa priprema za osnivanje Skopskog partizanskog odreda.",
    "thumb": "https:\/\/m.media-amazon.com\/images\/M\/MV5BMDFkMDk0NjEtZjYwMy00MDQ1LThiNTktODg5ZTY0Y2QwNWFlXkEyXkFqcGc@._V1_.jpg",
    "type": "filmovi",
    "created_at": "2025-09-30 01:41:29",
    "year": 1972,
    "link_groups": {
        "glavni": "https:\/\/www.file-upload.org\/16jhtvcwmw60",
        "alternativni_1": "",
        "alternativni_2": ""
    }
}