{
    "title": "Orgulje I Vatrogasci",
    "plot": "„Orgulje i vatrogasci” je jugoslovenski TV film iz 1973. godine. Režirao ga je Vanča Kljaković a scenario su napisali Obrad Gluščević i Krunoslav Kvin.",
    "thumb": "https:\/\/encrypted-tbn0.gstatic.com\/images?q=tbn:ANd9GcSQ9O5sz-BjoizBUA3WEjUyK1sPPLwgIREcJA&s",
    "type": "filmovi",
    "created_at": "2025-08-25 19:01:44",
    "year": 1974,
    "link_groups": {
        "glavni": "https:\/\/www.file-upload.org\/hl90q4kq9v5p",
        "alternativni_1": "",
        "alternativni_2": ""
    },
    "last_updated": "2025-08-25 19:06:19"
}