{
    "title": "Dubrovski",
    "plot": "Vladimir Dubrovski vraća se iz Sankt Peterburga na svoje obiteljsko imanje, gdje pronalazi oca na samrti i saznaje da je vlasnik susjednog imanja prijevarom oduzeo svu njegovu zemlju i kmetove. Organizirajući odred seljaka koji su odbili poslušati novog vlasnika, naš junak namjerava uspostaviti pravdu i osvetiti se svom prijestupniku.",
    "thumb": "https:\/\/static.kupindoslike.com\/DUBROVSKI-1959-Ilija-Dzuvalekovski-PLAKAT_slika_O_132087105.jpg",
    "type": "filmovi",
    "created_at": "2025-09-22 22:32:58",
    "year": 1959,
    "link_groups": {
        "glavni": "https:\/\/www.file-upload.org\/3l9hkynilt7v",
        "alternativni_1": "",
        "alternativni_2": ""
    }
}