{
    "title": "Azra",
    "plot": "Azra je žena major koja se u partizanima borila protiv Nemaca u Drugom svetskom ratu. Ona se vraća u svoje selo u čijem je oslobađanju učestvovala. Njen muž je takođe bio oficir visokog ranga, i uprkos tome ona shvata da će biti teže da je prihvate u selu i da se vrati porodičnom životu",
    "thumb": "https:\/\/m.media-amazon.com\/images\/M\/MV5BYjk0YzY4YjQtMzM4OS00Zjg2LWI4NTktNjYzM2Y3ODFlYjVjXkEyXkFqcGc@._V1_FMjpg_UX1000_.jpg",
    "type": "filmovi",
    "created_at": "2025-06-18 16:09:08",
    "year": 1988,
    "link_groups": {
        "glavni": "https:\/\/www.file-upload.org\/nabu7jpdyu1w",
        "alternativni_1": "",
        "alternativni_2": ""
    }
}