{
    "title": "Vlak u Snijegu",
    "plot": "Osnovna škola u Velikom Selu organizovana je na principu zadruge pa je deci ostavljena sloboda inicijative u mnogim poduhvatima. Odlaze na školski izlet u grad i prednost principa zadruge dolazi do izražaja na povratku sa izleta, kad je voz zahvatila snježna mećava. Bez učitelja koji se razbolio i ostao u gradu, učenici preuzimaju inicijativu i pokušavaju se izbaviti iz nezavidne situacije.",
    "thumb": "https:\/\/upload.wikimedia.org\/wikipedia\/sr\/f\/f8\/Vlak_u_snijegu.jpg",
    "type": "filmovi",
    "created_at": "2025-06-17 13:40:59",
    "year": 1976,
    "link_groups": {
        "glavni": "https:\/\/www.file-upload.org\/qo9bn5oy1yr3",
        "alternativni_1": "",
        "alternativni_2": ""
    }
}