{
    "title": "Ne Ogreci Se Sine",
    "plot": "Partizanski ilegalac, inženjer Neven Novak beži iz voza sa kojim ustaše prevoze zatvorenike u Jasenovac. Posle uspešnog bekstva on, iz zagrebačkog ustaškog dečjeg doma, pokušava izbaviti sina Zorana, dečaka koji je indoktriniran ustaškom i nacifašističkom ideologijom. Kada Zoran sazna da mu je otac neprijatelj režima, odbija da beži sa njim na partizansku teritoriju. Novak se suočava sa sinovljevim otporom i mrežom koju oko njega steže policija i agenti.",
    "thumb": "https:\/\/upload.wikimedia.org\/wikipedia\/sh\/1\/11\/Ne_okre%C4%87i_se_sine.jpg",
    "type": "filmovi",
    "created_at": "2025-09-30 01:38:01",
    "year": 1956,
    "link_groups": {
        "glavni": "https:\/\/www.file-upload.org\/2qzvxc2ohq87",
        "alternativni_1": "",
        "alternativni_2": ""
    }
}