{
    "title": "Svadba",
    "plot": "Radnja se odvija 1943. godine. Četnici zajedno sa Italijanima vode borbe protiv komunista. Četnički odredi pod zapovedništvom majora Pavla Đurišića (Limsko-sandžački odredi) su u Kolašinu. U ovom gradu nalazi se zatvor za zarobljene komuniste-partizane. Major Đurišić otkazuje poslušnost Vrhovnom zapovedništvu JV-a aprila iste godine i nastavlja borbu protiv komunista zajedno sa Nemcima. Međutim, Nemci pokreću operaciju \"Švarc\" protiv četnika. Major Đurišić sačekuje Nemce u Kolašinu računajući na savezništvo, a oni bez borbe zauzimaju grad i razoružavaju četnike.",
    "thumb": "https:\/\/m.media-amazon.com\/images\/M\/MV5BNDQ4ZThkMTYtNGM4Yi00ZWQ1LWFlYjktZDU2ZmFkYmYzODFiXkEyXkFqcGc@._V1_.jpg",
    "type": "filmovi",
    "created_at": "2025-06-15 20:19:18",
    "year": 1973,
    "link_groups": {
        "glavni": "https:\/\/www.file-upload.org\/s2bspcpsmwea",
        "alternativni_1": "",
        "alternativni_2": ""
    }
}