{
    "title": "Prozdrljivost",
    "plot": "„Proždrljivost” je jugoslovenski TV film iz 1972. godine. Režirao ga je Arsenije Jovanović a scenario je napisao Bora Ćosić.",
    "thumb": "https:\/\/sun9-23.userapi.com\/impg\/IznpNkmMopEBb2e_Jrguct3qJF-wlJC7rURrSA\/7jmGKOzC3uY.jpg?quality=90&proxy=1&sign=dc01524aa85dac65bdd8b86998217ac4&type=video_thumb",
    "type": "filmovi",
    "created_at": "2025-08-14 18:49:16",
    "year": 1972,
    "link_groups": {
        "glavni": "https:\/\/www.file-upload.org\/r6mozlvshjfm",
        "alternativni_1": "",
        "alternativni_2": ""
    }
}