{
    "title": "Farsa O Patlenu",
    "plot": "Farsa o Patlenu je jugoslovenska TV komedija u produkciji RTV Beograd emitovana 1970. godine. Predstavlja adaptaciju francuske srednjovekovne komedije La Farce de maître Pierre Pathelin. Režirao ju je Jovan Konjović, a scenario napisao Miroslav Karaulac.",
    "thumb": "https:\/\/i.servimg.com\/u\/f33\/14\/63\/21\/93\/tm\/09652610.jpg",
    "type": "filmovi",
    "created_at": "2025-08-22 10:45:02",
    "year": 1970,
    "link_groups": {
        "glavni": "https:\/\/www.file-upload.org\/94sv2d31lpsc",
        "alternativni_1": "",
        "alternativni_2": ""
    }
}