{
    "title": "Neuspela Mucka",
    "plot": "Rukometni tim iz Muljojevca 1984. treba da uđe u prvu ligu. Da bi bili sigurni u uspeh Javor, Sima i Bogoljub skupljaju veliki novac da potplate sudiju. U ovoj komediji Javor biva otkriven sa švalerkom, dok ga njegova žena vara sa prijateljem. Na kraju i švalerka vara Javora sa igračem iz ekipe u kojoj je Javor direktor",
    "thumb": "https:\/\/cdn-0.tvprofil.com\/img\/covers\/img1005375-tv223958.jpg",
    "type": "filmovi",
    "created_at": "2025-06-18 12:22:27",
    "year": 1985,
    "link_groups": {
        "glavni": "https:\/\/www.file-upload.org\/xq12eezkq6l4",
        "alternativni_1": "",
        "alternativni_2": ""
    }
}