{
    "title": "Vreme Leparda",
    "plot": "Borba mozambičkog naroda za nezavisnost i jedna nežna ljubav za vreme te borbe protiv kolonijalista 1971 godine. Buđenje iz letargije vekovnog ropstva, prepleteno strahom i rasnom mržnjom, požrtvovanjem, samopouzdanjem i izdajom.",
    "thumb": "https:\/\/m.media-amazon.com\/images\/M\/MV5BNWIzMmE0NmMtMTYzMC00NzA2LTg2NzctMTFhMWNhYjdlZTJjXkEyXkFqcGc@._V1_.jpg",
    "type": "filmovi",
    "created_at": "2025-06-18 12:17:25",
    "year": 1985,
    "link_groups": {
        "glavni": "https:\/\/www.file-upload.org\/zhgges3phjfh",
        "alternativni_1": "",
        "alternativni_2": ""
    }
}