{
    "title": "Da Capo",
    "plot": "Ispočetka (ital. Da capo) je jugoslovenski televizijski film iz 1988. godine. Režirao ga je Slobodan Šćepanović, a scenario su pisali Stanislav Gurka i Martin Jaroš.",
    "thumb": "https:\/\/i.ytimg.com\/vi\/HmGPOWiyEqE\/maxresdefault.jpg",
    "type": "filmovi",
    "created_at": "2025-06-18 16:06:56",
    "year": 1988,
    "link_groups": {
        "glavni": "https:\/\/www.file-upload.org\/rs7fnganpyda",
        "alternativni_1": "",
        "alternativni_2": ""
    }
}