{
    "title": "Zaseda",
    "plot": "Mladić, Dalmatinac, kome su Italijani ubili oca, školuje se u Srbiji kod rođaka. Svesrdno radi kao aktivist misleći da koristi višim ciljevima. Ne bi li se potpuno stavio u službu revolucije uključuje se u redove Ozne, ali kasnije razočaran zbog karijerizma pojedinaca, napušta službu",
    "thumb": "https:\/\/encrypted-tbn0.gstatic.com\/images?q=tbn:ANd9GcRBmmDTkYRrGn3ThbDm_7UO48xVuz__zUU_1Q&s",
    "type": "filmovi",
    "created_at": "2025-08-24 21:08:38",
    "year": 1969,
    "link_groups": {
        "glavni": "https:\/\/www.file-upload.org\/dbk972xbiska",
        "alternativni_1": "",
        "alternativni_2": ""
    }
}