{
    "title": "Kupanje",
    "plot": "„Kupanje“ je jugoslovenski film iz 1972. godine. Režirao ga je Jovan Aćin, a scenario je pisao Milan Šećerović.",
    "thumb": "https:\/\/images.mubicdn.net\/images\/film\/325522\/cache-733592-1745499250\/image-w1280.jpg?size=800x",
    "type": "filmovi",
    "created_at": "2025-09-28 22:00:02",
    "year": 1972,
    "link_groups": {
        "glavni": "https:\/\/www.file-upload.org\/jfb9hux665lk",
        "alternativni_1": "",
        "alternativni_2": ""
    }
}