{
    "title": "Puki",
    "plot": "Puki je jugoslavenska TV drama u produkciji TV Sarajevo emitirana 1989. godine. Režirao ju je Saša Mašić koji je napisao i scenario.",
    "thumb": "https:\/\/encrypted-tbn0.gstatic.com\/images?q=tbn:ANd9GcQX22hI05x_f40QSeFS197WfT5SjpvVuFV5AA&s",
    "type": "filmovi",
    "created_at": "2025-06-19 00:08:23",
    "year": 1989,
    "link_groups": {
        "glavni": "https:\/\/www.file-upload.org\/es9cjv13b1u2",
        "alternativni_1": "",
        "alternativni_2": ""
    }
}