{
    "title": "Protiv Kinga",
    "plot": "Deca malog grada skupljaju novac za čamac, koji im neprestano oduzima siledžija. Ne znajući kako da mu se odupru, u bolesnom skitnici, nekadašnjem bokseru, vide junaka svojih snova kome pružaju utočište u nadi da će oporavljen izaći na dvoboj sa siledžijom. Skitnica prihvata borbu sa mnogo jačim protivnikom iako je svestan da će tu bitku izgubiti, ali zna da će dobiti ljubav i poverenje sina koji se nalazio među decom.",
    "thumb": "https:\/\/m.media-amazon.com\/images\/M\/MV5BZDkzZTAwMTEtODcyYi00OTRiLTlkNzktZjA1MTRjZWRhODY1XkEyXkFqcGc@._V1_.jpg",
    "type": "filmovi",
    "created_at": "2025-06-17 12:10:36",
    "year": 1974,
    "link_groups": {
        "glavni": "https:\/\/www.file-upload.org\/tvae81tds6z4",
        "alternativni_1": "",
        "alternativni_2": ""
    }
}