{
    "title": "Rekvijem",
    "plot": "U planinama iznad Uskoplja, pred kraj rata opkoljena je partizanska brigada. Nemačke trupe očekuju pojačanje, koje može samo da se probije železničkom prugom. Stari diverzant Major, sa grupom partizana, probija se kroz planinu sa namerom da uništi nemački transport. Posle mnogih teških okolnosti, on uspeva da obavi zadatak.",
    "thumb": "https:\/\/upload.wikimedia.org\/wikipedia\/sr\/thumb\/0\/02\/%D0%A0%D0%B5%D0%BA%D0%B2%D0%B8%D1%98%D0%B5%D0%BC_%28%D1%84%D0%B8%D0%BB%D0%BC%29.jpg\/250px-%D0%A0%D0%B5%D0%BA%D0%B2%D0%B8%D1%98%D0%B5%D0%BC_%28%D1%84%D0%B8%D0%BB%D0%BC%29.jpg",
    "type": "filmovi",
    "created_at": "2025-09-28 21:31:13",
    "year": 1970,
    "link_groups": {
        "glavni": "https:\/\/www.file-upload.org\/rjavwcbahxoi",
        "alternativni_1": "",
        "alternativni_2": ""
    }
}