{
    "title": "Prometej S Otoka Visevice",
    "plot": "Sredovečni, pomalo već oronuli direktor važnog zagrebačkog preduzeća, Mate Bakula, otputuje sa suprugom na rodno ostrvo Viševicu kako bi prisustvovao svečanom otkrivanju spomen-ploče, posvećene partizanima tog kraja. Za vreme boravka na otoku, Matu sustižu uspomene iz prošlosti, na partizansku mladost, prvu ljubav tj. prvu suprugu i na veliki lični entuzijazam oko dovođenja struje na ostrvo, koji meštani nisu shvatili.",
    "thumb": "https:\/\/m.media-amazon.com\/images\/M\/MV5BZjI5YzZiZWYtMmM5NS00ZmIzLWJlYmUtNmEyMzQwOTg2MjQ3XkEyXkFqcGc@._V1_FMjpg_UX1000_.jpg",
    "type": "filmovi",
    "created_at": "2025-06-13 23:58:31",
    "year": 1964,
    "link_groups": {
        "glavni": "https:\/\/www.file-upload.org\/3r858klrsms8",
        "alternativni_1": "",
        "alternativni_2": ""
    }
}