{
    "title": "Vec Vidjeno",
    "plot": "Mihailo, nekada sjajan mladi pijanista, sada je nastavnik klavira u obrazovnom centru. Kolege ga smatraju čudakom, ali ga ostavljaju na miru da živi svoj usamljenički život. Sve se menja u trenutku kada se u njegovoj školi pojavi mlada devojka. Kontakt sa njom, novi, erotski intenzivan život, izaziva u njemu čudnu pojavu - kako je sve to već jedanput video. Naime, situacije koje proživljava, čine mu se ponovljenim. Njegova trauma, klavir, izaziva bolne emocije i patološki strah, stapanje prošlosti i sadašnjosti, gurajući ga u tragediju.",
    "thumb": "https:\/\/static.kupindoslike.com\/VEC-VIDJENO-Rez-Goran-Markovic-_slika_O_152381097.jpg",
    "type": "filmovi",
    "created_at": "2025-06-18 15:12:03",
    "year": 1987,
    "link_groups": {
        "glavni": "https:\/\/www.file-upload.org\/f304xgmbjyvs",
        "alternativni_1": "",
        "alternativni_2": ""
    }
}