{
    "title": "Siroko Je Lisce",
    "plot": "Mlada novinarka dobija zadatak da snimi reportažu o učesnicima narodnooslobodilačkog rata iz ovog kraja. U sremskom selu sreće obične, jednostavne ljude. Otkriva da se tu nalazila slobodna teritorija i partizanska škola. Preživljavajući sve događaje mlada novinarka sazreva identifikujući se sa učesnicima revolucije.",
    "thumb": "https:\/\/m.media-amazon.com\/images\/M\/MV5BMGViODVlMGQtMzVkZS00N2U0LWEzOGYtYmYyOTI5ZjVlMmM5XkEyXkFqcGc@._V1_FMjpg_UX1000_.jpg",
    "type": "filmovi",
    "created_at": "2025-06-17 20:59:58",
    "year": 1981,
    "link_groups": {
        "glavni": "https:\/\/www.file-upload.org\/s2n3rv2jfe9z",
        "alternativni_1": "",
        "alternativni_2": ""
    }
}