{
    "title": "Ljubavni Je Ceo Svet",
    "plot": "„Ljubavni je ceo svet” je jugoslovenski TV film iz 1967. godine. Režirao ga je Nebojša Komadina a scenario je napisao Aleksandar Popović.",
    "thumb": "https:\/\/images.mubicdn.net\/images\/film\/304077\/cache-672409-1745498456\/image-w1280.jpg",
    "type": "filmovi",
    "created_at": "2025-09-28 00:26:05",
    "year": 1967,
    "link_groups": {
        "glavni": "https:\/\/www.file-upload.org\/bptwt9dpcc18",
        "alternativni_1": "",
        "alternativni_2": ""
    }
}