{
    "title": "Kanarinceva Ljubovca 2",
    "plot": "„Kanarinčeva ljubovca” je jugoslovenski TV film iz 1988. godine. Režirao ga je Danijel Marušić a scenario je napisala Zora Dirnbah po delu Augusta Šenoe.",
    "thumb": "https:\/\/tinypic.host\/images\/2024\/12\/20\/Kanarinceva-Ljubovca-1988-1-deo.jpg",
    "type": "filmovi",
    "created_at": "2025-06-18 15:59:31",
    "year": 1988,
    "link_groups": {
        "glavni": "https:\/\/www.file-upload.org\/hesbrb8hsevx",
        "alternativni_1": "",
        "alternativni_2": ""
    }
}