{
    "title": "Odlazak Damjana Radovanovica",
    "plot": "„Odlazak Damjana Radovanovića” je jugoslovenski TV film iz 1974. godine. Režirao ga je Dimitrije Jovanović a scenario je napisao Miladin Ševarlić",
    "thumb": "https:\/\/m.media-amazon.com\/images\/M\/MV5BMTE2NWZhMGEtZDZjOC00MzljLTkyNjYtZmRhYjE5N2I0MjA4XkEyXkFqcGc@._V1_.jpg",
    "type": "filmovi",
    "created_at": "2025-08-30 13:19:01",
    "year": 1974,
    "link_groups": {
        "glavni": "https:\/\/www.file-upload.org\/bl4ikvx93sry",
        "alternativni_1": "",
        "alternativni_2": ""
    }
}