{
    "title": "Oj Zivote",
    "plot": "Oj, živote je jugoslavenska TV komedija u produkciji TV Sarajevo emitirana 1974. godine. Predstavlja adaptaciju istoimene monodrame Josipa Pejakovića koji nastupa u glavnoj ulozi. Režirao ju je Sulejman Kupusović.",
    "thumb": "https:\/\/m.media-amazon.com\/images\/M\/MV5BNTcyOWIyYjAtNzhkNi00ZjcyLTk5M2QtOWJmYWM2ZDE1NDZlXkEyXkFqcGc@._V1_FMjpg_UX1000_.jpg",
    "type": "filmovi",
    "created_at": "2025-06-17 12:05:56",
    "year": 1974,
    "link_groups": {
        "glavni": "https:\/\/www.file-upload.org\/ja626kl5zi2w",
        "alternativni_1": "",
        "alternativni_2": ""
    }
}