{
    "title": "Zvezde Su Oci Ratnika",
    "plot": "Deca iz jednog srpskog sela su za vreme Drugog svetskog rata htela da postanu zvezde, prema verovanju starih ratnika kad ratnik pogine, rodi se zvezda, kad pogine četa sazvežđe! Seljaci se kolebaju da davanjem potpisa spasu učitelja od streljanja. Potpise za svog učitelja stavljaju đaci. Nemci dolaze po potpisnike, a stari ratnici izvrše zamenu i umesto dece oni odlaze u smrt.",
    "thumb": "https:\/\/upload.wikimedia.org\/wikipedia\/sh\/a\/a1\/Zvezde_su_oci_ratnika.jpg",
    "type": "filmovi",
    "created_at": "2025-06-15 20:00:03",
    "year": 1972,
    "link_groups": {
        "glavni": "https:\/\/www.file-upload.org\/3bppcyvn790s",
        "alternativni_1": "",
        "alternativni_2": ""
    }
}