{
    "title": "Kapetan Lesi",
    "plot": "Ramiz Leši je kosovski Albanac i partizanski kapetan koji ima zadatak da sa jedinicama KNOJ-a likvidira zaostale balističke bande na Kosmetu (albanski separatisti), ali među balistima je i kapetanov brat. Smelim akcijama Leši uništava baliste i uspeva da vrati brata na pravi put.",
    "thumb": "https:\/\/upload.wikimedia.org\/wikipedia\/sr\/a\/a9\/Kapetan_Le%C5%A1i.jpg",
    "type": "filmovi",
    "created_at": "2025-06-13 16:35:48",
    "year": 1960,
    "link_groups": {
        "glavni": "https:\/\/www.file-upload.org\/ph8tzktz8k8f",
        "alternativni_1": "",
        "alternativni_2": ""
    }
}