{
    "title": "Pukovnikovica",
    "plot": "Pred kraj Prvog svetskog rata, austrougarskom pukovniku desetkovanog puka smeštenog na napuštenom salašu, koji uzaludno pokušava da uspostavi vezu sa pretpostavljenima, stiže neočekivana vest da mu u posetu dolazi supruga.Umesto toliko željenog sastanka sa mužem, pukovnikovica se susreće sa neslućenim prizorima raspadanja i propasti Austrougarske monarhije, čiji duh i stanje kao da sažimaju u sebi dvojica njenih pratilaca , vojnika njenog muža.",
    "thumb": "https:\/\/m.media-amazon.com\/images\/M\/MV5BNzNmNzA3ZDUtM2RjYy00NjY5LTg5ZjYtOGI4OGQzMGViMDNkXkEyXkFqcGc@._V1_FMjpg_UX1000_.jpg",
    "type": "filmovi",
    "created_at": "2025-09-28 22:13:43",
    "year": 1972,
    "link_groups": {
        "glavni": "https:\/\/www.file-upload.org\/9on91fqmsayk",
        "alternativni_1": "",
        "alternativni_2": ""
    }
}