{
    "title": "Ubica Na Odsustvu",
    "plot": "Na plaži morskog letovališta je nađen leš. Osumnjičena je porodica Žaslen. Glavni islednik, nekadašnji logoraš, smatra da je otac porodice ubica, jer je za vreme rata bio komandant koncentracionog logora u Norveškoj. Njegov mlađi saradnik u istrazi, neopterećen prošlošću svoga starijeg kolege, smatra da postoje indicije koje terete i druge članove porodice. Njihov intimni sukob se odvija do konačnog rešenja istrage",
    "thumb": "https:\/\/static.kupindoslike.com\/plakat-UBICA-NA-ODSUSTVU-Bosko-Boskovic-_slika_O_155301229.jpg",
    "type": "filmovi",
    "created_at": "2025-07-11 01:13:57",
    "year": 1965,
    "link_groups": {
        "glavni": "https:\/\/www.file-upload.org\/l5mogiihd6jm",
        "alternativni_1": "",
        "alternativni_2": ""
    }
}