{
    "title": "Naprava Koja Nicemu Ne Sluzi",
    "plot": "Vrlo čudna i nadrealna animacija koja prati čovjeka koji se teško osakaćuje koristeći svakodnevne obične predmete. \r\nPrilično bizarno. \r\nIzvrstan soundtrack s harfom i kazooom, ali kvaliteta zvuka nažalost nije baš dobra. \r\nNa trenutak mi je bilo smiješno i inteligentno. \r\nJedino što imam zamjeriti je da je malo predugo. Nije dosadno, daleko od toga.",
    "thumb": "https:\/\/i.ytimg.com\/vi\/RdV_1bFdWqU\/sddefault.jpg",
    "type": "filmovi",
    "created_at": "2025-08-25 19:00:46",
    "year": 1974,
    "link_groups": {
        "glavni": "https:\/\/www.file-upload.org\/8cnjoucmhlu7",
        "alternativni_1": "",
        "alternativni_2": ""
    }
}