{
    "title": "So",
    "plot": "Negde u Bosni, na oslobođenoj partizanskoj teritoriji, narod i vojska trpe nestašice soli. Komandant bataljona, koji čuva partizansku bolnicu, odvaja jednu četu i kreće da potraži so u Tuzli, koju drže jake neprijateljske jedinice. Povezujući se sa ilegalcima u gradu, i uz velike žrtve, desetkovana jedinica uspeva da dragoceni tovar soli prebaci na oslobođenu teritoriju.",
    "thumb": "https:\/\/m.media-amazon.com\/images\/M\/MV5BMThkZDJkZGQtNzEwZC00NDgxLTlmZWEtNGQ3NWZlZjY2ODJiXkEyXkFqcGc@._V1_FMjpg_UX1000_.jpg",
    "type": "filmovi",
    "created_at": "2025-06-15 20:26:52",
    "year": 1973,
    "link_groups": {
        "glavni": "https:\/\/www.file-upload.org\/1oj6hqj7cc89",
        "alternativni_1": "",
        "alternativni_2": ""
    }
}