{
    "title": "Dogodilo Se Na Dananji Dan",
    "plot": "Beograd šezdesetih godina; zgrada sa nekoliko ulaza i zajedničkim dvorištem u kome žive mladi ljudi, različiti po svom socijalnom statusu, načinu razmišljanja, ali sličnih stavova o ljubavi, prijateljstvu i samopotvrđivanju. Ti njihovi prirodni impulsi često su obojeni društvenim zbivanjima (radne akcije, prvomajske parade...). Međutim njihova sazrevanja odvijaju se ustaljenim pravilima. Sve što se događa u dvorištu ove sasvim obične beogradske zgrade postaje samo projekcija mogućeg iskustva jedne generacije.",
    "thumb": "https:\/\/m.media-amazon.com\/images\/M\/MV5BODNlMzI3YjYtNGVjYi00ZDBhLThlOWEtMjkzZTg3OWNmMzhiXkEyXkFqcGc@._V1_FMjpg_UX1000_.jpg",
    "type": "filmovi",
    "created_at": "2025-06-18 15:34:35",
    "year": 1987,
    "link_groups": {
        "glavni": "https:\/\/www.file-upload.org\/sbqdnrtccmhs",
        "alternativni_1": "",
        "alternativni_2": ""
    }
}