{
    "title": "Olovna Brigada",
    "plot": "Olovna brigada je jugoslovenski igrani film snimljen na makedonskom jeziku u režiji i po scenariju Kirila Cenevskog 1980. godine. Po žanru je drama, a radnja je smeštena u jedan rudnik gde se rudari sukobljavaju sa upravom zbog teških uslova rada i rizika kome su stalno izloženi na poslu.",
    "thumb": "https:\/\/encrypted-tbn0.gstatic.com\/images?q=tbn:ANd9GcT2Ts8NdssrAsrLD07xQeFJ-huDRDyoL2Z0iQ&s",
    "type": "filmovi",
    "created_at": "2025-06-19 00:26:20",
    "year": 1989,
    "link_groups": {
        "glavni": "https:\/\/www.file-upload.org\/94ch39wqzncz",
        "alternativni_1": "",
        "alternativni_2": ""
    }
}