{
    "title": "Nacionalna Klasa",
    "plot": "Mladić iz beogradskog predgrađa, Flojd (Dragan Nikolić), automobilski trkač u nacionalnoj klasi, u skladu sa svojom strašću, važi i kao veliki ljubavnik. Ali nije u skladu sa njegovim ambicijama da i dalje vozi u nacionalnoj klasi. Da bi prešao u višu klasu, mora da pobedi na važnoj trci, a da bi u tome uspeo mora da odloži služenje vojnog roka. Za to mu služi Mile (Bogdan Diklić), bubrežni bolesnik, koji umesto njega ide na preglede. Međutim, to ne uspeva, kao što ne uspeva ni izbegavanje braka sa „službenom“ devojkom Šiljom (Gorica Popović), koja je zatrudnela. Na kraju, on gubi trku, gubi slobodu, ali dobija prijatelja - na ispraćaj u vojsku dolazi mu samo Mile",
    "thumb": "https:\/\/m.media-amazon.com\/images\/M\/MV5BMmRjYjJiNmUtZTg2YS00M2Q0LTgyNzctOTQ0MjM0Mjg2Y2QyXkEyXkFqcGc@._V1_FMjpg_UX1000_.jpg",
    "type": "filmovi",
    "created_at": "2025-06-17 16:00:02",
    "year": 1979,
    "link_groups": {
        "glavni": "https:\/\/www.file-upload.org\/di8l54yz0npu",
        "alternativni_1": "",
        "alternativni_2": ""
    }
}