{
    "title": "Otac Na Sluzbenom Putu",
    "plot": "U filmu se opisuje Titov razlaz sa Staljinom 1948. godine, kao i početak ne samo lomova, već i veoma teških godina za mnoge jugoslovenske komuniste.\r\n\r\nNeoprezan komentar o novinarskoj karikaturi je dovoljan da glavni junak doživi mnoge zatvorske nesreće. Sada je njegova porodica prisiljena da se bori i čeka njegov izlazak iz zatvora. Film prati priča iz perspektive Malika, njegovog mlađeg sina, koji veruje u priču svoje majke o tatinom odlasku na službeni put.",
    "thumb": "https:\/\/upload.wikimedia.org\/wikipedia\/sr\/0\/08\/Otac_na_sluzbenom_putu.jpg",
    "type": "filmovi",
    "created_at": "2025-06-18 12:19:55",
    "year": 1985,
    "link_groups": {
        "glavni": "https:\/\/www.file-upload.org\/ss3033910xxj",
        "alternativni_1": "",
        "alternativni_2": ""
    }
}