{
    "title": "Sticenik",
    "plot": "Glavni junak je Ivan, mlad i ambiciozan čovek koji želi da se popne na vrh društvene lestvice. On ne bira sredstva da bi došao do cilja. Ivan dolazi u izdavačku kuću kod Vojina koji je zadužen za otkrivanje mladih talenata ali njega ne interesuju previše pesnici. Ivan upoznaje pesnikinju Kaću koja mu pomaže da se zaposli na televiziji, zatim počinje da vodi paralelni ljubavni život sa Draganom i Božicom. Postaje bezobrazniji prema ljudima iz svoje okoline i dolazi do svađe između njega i pesnikinje Kaće i zbog toga daje otkaz na televiziji.",
    "thumb": "https:\/\/m.media-amazon.com\/images\/M\/MV5BNzE5OWQzMGQtMmIzOC00ZmVlLTg3YTAtN2M3YzhmZjkwNTg1XkEyXkFqcGc@._V1_.jpg",
    "type": "filmovi",
    "created_at": "2025-06-15 13:00:46",
    "year": 1966,
    "link_groups": {
        "glavni": "https:\/\/www.file-upload.org\/rsfsnxpvlflu",
        "alternativni_1": "",
        "alternativni_2": ""
    }
}