{
    "title": "Vila Orhideja",
    "plot": "Radnja se odvija između dva rata. Mladi pisac sa verenicom doputuje u slavonsko selo kod ujaka, kod kojih je proveo detinjstvo. Uspomene na prvu dečačku ljubav u njemu prerastaju u privid realnog života a prošlo i sadašnje vreme iz realnog života i piščeve fikcije mešaju se i sukobljavaju i on ih doživljava kao drugu realnost stvarniju od postojeće",
    "thumb": "https:\/\/upload.wikimedia.org\/wikipedia\/sr\/7\/7f\/%D0%92%D0%B8%D0%BB%D0%B0_%D0%9E%D1%80%D1%85%D0%B8%D0%B4%D0%B5%D1%98%D0%B0.jpg",
    "type": "filmovi",
    "created_at": "2025-06-18 15:41:42",
    "year": 1988,
    "link_groups": {
        "glavni": "https:\/\/www.file-upload.org\/ctzohu3dywrt",
        "alternativni_1": "",
        "alternativni_2": ""
    }
}