{
    "title": "Lipanjska Gibanja",
    "plot": "Film se bavi Studentskim demonstracijama u junu 1968. u Jugoslaviji. Prvi dio filma sadrži svjedočenja učesnika demonstracija, studenata koji govore o tome kako ih je tukla milicija. Ostatak filma prikazije same demonstracije na kojima studenti govore o slobodi štampe i cenzuri, dok završnicu čini nastup glumca Steve Žigona, koji pred studentima izvodi dio komada Georga Bihnera „Dantonova smrt“, u kome nastupa kao Robespjer sa njegovim govorom na suđenju Dantonu. Žigonov nastup predstavlja kulminiciju prikaza studentskih demonstracija tokom koga svi studenti skandiraju.",
    "thumb": "https:\/\/m.media-amazon.com\/images\/M\/MV5BNGIyYjUyNzItZTM2Ny00OTgzLWE3ZDQtMjY3NGFiNDlkYzEzXkEyXkFqcGc@._V1_FMjpg_UX1000_.jpg",
    "type": "filmovi",
    "created_at": "2025-09-28 14:22:18",
    "year": 1968,
    "link_groups": {
        "glavni": "https:\/\/www.file-upload.org\/gaemrvyvgii4",
        "alternativni_1": "",
        "alternativni_2": ""
    }
}