{
    "title": "Ckalja Sa Vama",
    "plot": "Čkalja sa vama je jugoslovenski film iz 1989. godine. Režirao ga je Čedomir Petrović koji je napisao i scenario.",
    "thumb": "https:\/\/m.media-amazon.com\/images\/M\/MV5BMWEwMGM5NTktZDNmOC00Y2JmLWI4MzctN2YyZGUwMDVkNGQzXkEyXkFqcGc@._V1_FMjpg_UX1000_.jpg",
    "type": "filmovi",
    "created_at": "2025-06-19 00:41:41",
    "year": 1989,
    "link_groups": {
        "glavni": "https:\/\/www.file-upload.org\/fq515vbpby3o",
        "alternativni_1": "",
        "alternativni_2": ""
    }
}