{
    "title": "Erazem In Potepuh",
    "plot": "„Erazem in Potepuh” je jugoslovenska televizijska serija snimljena 1971. godine u produkciji TV Ljubljana.",
    "thumb": "https:\/\/m.media-amazon.com\/images\/M\/MV5BZDBhNDU2OTQtMWRiYy00YjM3LTg3OGItMzU3MjVmMThhYmM1XkEyXkFqcGc@._V1_QL75_UY281_CR3,0,190,281_.jpg",
    "type": "filmovi",
    "created_at": "2025-09-28 21:34:13",
    "year": 1971,
    "link_groups": {
        "glavni": "https:\/\/www.file-upload.org\/i3mkujvhoshl",
        "alternativni_1": "",
        "alternativni_2": ""
    }
}