{
    "title": "Prikupljanje Hrabrosti",
    "plot": "Prikupljanje hrabrosti je jugoslavenski crno-bijeli televizijski film snimljen 1966. u režiji Eduarda Galića i po scenariju Ive Štivičića. Protagonist, koji tumači Pavle Bogdanović je mladi radnik u zagrebačkoj tvornici kome zbog nedostatka ambicije dolazi u krizu veza sa djevojkom (koju tumači Ljubica Jović). Radnja prikazuje kako se prilikom jednog noćnog izlaska sukobi s psihopatskim nasilnikom (čiji lik tumači Rade Šerbedžija), kome je to bila prva uloga na ekranu.",
    "thumb": "https:\/\/m.media-amazon.com\/images\/M\/MV5BZGUwM2RjNTItYTIzYS00NjIyLWFmNzgtMTZmOGY3ZjFhZjUyXkEyXkFqcGc@._V1_.jpg",
    "type": "filmovi",
    "created_at": "2025-06-15 12:54:26",
    "year": 1966,
    "link_groups": {
        "glavni": "https:\/\/www.file-upload.org\/enhtver6ke90",
        "alternativni_1": "",
        "alternativni_2": ""
    }
}