{
    "title": "Sesir Profesora Koste Vujica",
    "plot": "Ово је прича о генерацији матураната Прве мушке гимназије у Београду, 1886. године. Нико не би могао у матурантима пуним несташлука, Павлу Павловићу, Михаилу Петровићу, Василију Симићу, Милораду Митровићу, Јаши Продановићу и Јовану Цвијићу, препознати будућег научника, математичара, судију, песника, политичара и географа. Њихов разредни старешина је ексцентрични професор немачког језика Коста Вујић о коме круже бројне анегдоте. У филму се представљају свакодневни догађаји ученика везани за њиховог разредног старешину али и њихова прва сентиментална искуства",
    "thumb": "https:\/\/m.media-amazon.com\/images\/M\/MV5BMWZlZjRhYTItMmRiYS00NTFlLWJhNWMtM2Q1ODkwM2JmNWY4XkEyXkFqcGc@._V1_.jpg",
    "type": "filmovi",
    "created_at": "2025-06-15 19:48:23",
    "year": 1971,
    "link_groups": {
        "glavni": "https:\/\/www.file-upload.org\/eo3gbck83nbn",
        "alternativni_1": "",
        "alternativni_2": ""
    }
}