{
    "title": "Sreca Na Vrvici",
    "plot": "„Sreća na lancu” (sloven. Sreča na vrvici) je jugoslovenski i slovenački film iz 1977. godine. Režirao ga je Jane Kavčič a scenario su napisali Jane Kavčič i Vitan Mal.",
    "thumb": "https:\/\/m.media-amazon.com\/images\/M\/MV5BZTBlZDk0ZGMtZjM4OC00ZjBmLTk1OTEtY2FjNmQ1ZDRmMzA3XkEyXkFqcGc@._V1_FMjpg_UX1000_.jpg",
    "type": "filmovi",
    "created_at": "2025-06-17 14:07:33",
    "year": 1977,
    "link_groups": {
        "glavni": "https:\/\/www.file-upload.org\/14tmi1g2e9pn",
        "alternativni_1": "",
        "alternativni_2": ""
    }
}