{
    "title": "Dozivljaji Nespretnog Bukija",
    "plot": "Aleksandar Filipović Cerepov (1893- 1946), ruski pozorišni reditelj i glumac, od 1929. godine\r\nziveo je i radio u Jugoslaviji. Režirao je u vise pozorišta, ali se takođe bavio filmom.\r\nU Beogradu je osnovao svoju filmsku školu i realizovao nekoliko filmova.\r\nPored ostalog nameravao je da snimi seriju kratkih filmskih komedija čija je glavna ličnost trebao da bude Nespretni Buki. Godine 1932. započeo je snimanje, ali filmove nikad nije okončao.\r\nSačuvan je nesređeni i nemontirani materijal od kojeg je nastala ova rekonstrukcija.",
    "thumb": "https:\/\/www.kino-teatr.ru\/acter\/album\/477667\/864911.jpg",
    "type": "filmovi",
    "created_at": "2025-09-15 12:55:50",
    "year": 1932,
    "link_groups": {
        "glavni": "https:\/\/www.file-upload.org\/ij9k4ewiywxr",
        "alternativni_1": "",
        "alternativni_2": ""
    }
}