{
    "title": "Nema Malih Bogova",
    "plot": "U jednoj servisnoj stanici, bez posetilaca i bez posla, caruje atmosfera dosade i lenjosti. Jednog dana, sasvim slučajno, Raka - v. d. šefa, postaje šef servisne stanice. Ovo angažovanje menja njegov karakter. On počinje da naređuje i viče. Posle reorganizacije koju Raka sprovodi u servisnoj stanici, očekuje se dolazak generalnog direktora preduzeća, kojem ovaj motel pripada. Raka želi da ostavi utisak na direktora i upada u niz komičnih situacija.",
    "thumb": "https:\/\/m.media-amazon.com\/images\/M\/MV5BNmNkMDNhOTgtZjZmZC00YjQyLTk1NDAtYmExMWFiZmU5ODY0XkEyXkFqcGc@._V1_FMjpg_UX1000_.jpg",
    "type": "filmovi",
    "created_at": "2025-06-13 16:57:21",
    "year": 1961,
    "link_groups": {
        "glavni": "https:\/\/www.file-upload.org\/vz2cv3fq4l4f",
        "alternativni_1": "",
        "alternativni_2": ""
    }
}