{
    "title": "Ckalja - Smeh Do Suza",
    "plot": "Kompilacija skečeva nenadmašnog Čkalje:\r\n\r\n-Snaga klade valja\r\n-Njegov odlazak\r\n-Ubiše ga prezimena\r\n-Nije lako pesnik biti\r\n-Žika klinika\r\n-Ko me gurnu\r\n-Živ pokojnik\r\n-Ko krade, taj i ima",
    "thumb": "https:\/\/i.ytimg.com\/vi\/q4Lxq5MXBpE\/hq720.jpg?sqp=-oaymwE7CK4FEIIDSFryq4qpAy0IARUAAAAAGAElAADIQj0AgKJD8AEB-AHUBoAC4AOKAgwIABABGGUgVyhbMA8=&rs=AOn4CLANtAGIX_Jh2rCuZEoeP2xVgSIyHg",
    "type": "filmovi",
    "created_at": "2025-06-19 00:43:15",
    "year": 1989,
    "link_groups": {
        "glavni": "https:\/\/www.file-upload.org\/zc3od3oop5ju",
        "alternativni_1": "",
        "alternativni_2": ""
    }
}