{
    "title": "Kekec",
    "plot": "Visoko među Alpskim vrhovima u idiličnoj dolini nalazi se malo selo. Nasuprot jedan drugome tamo žive dobri ded Kosobrin i zli samotnjak Bedanc. Sa Bedancom živi Mojca, sluškinja koja se Kosobrinu požali na težak život. Iako se boji Bedanca i njegove osvete, Kosobrin uzima devojku sa sobom. Bedanc ga uspeva uhvatiti te ga zaveže za drvo. Nedugo zatim Kosobrina spašava hrabri dečak Kekec, ali Bedanc uspeva i njega da uhvati. Obećava da će ga pustiti ukoliko mu ovaj pomogne da pronađe odbeglu Mojcu, što ovaj odbija.",
    "thumb": "https:\/\/m.media-amazon.com\/images\/M\/MV5BYTVlYTFhZDAtNGI5NC00YmIzLWEyZjAtM2YyMjEwY2MyMzVjXkEyXkFqcGc@._V1_.jpg",
    "type": "filmovi",
    "created_at": "2025-09-15 13:12:12",
    "year": 1951,
    "link_groups": {
        "glavni": "https:\/\/www.file-upload.org\/qgqa2ii52y6j",
        "alternativni_1": "",
        "alternativni_2": ""
    }
}