{
    "title": "Trener",
    "plot": "Čovek iz malog mesta, trener u velikom klubu, vraća se u svoj kraj da poseti grob roditelja i da sa sobom u Beograd odvede talentovanog centarfora, koji postaje zvezda trenerovog kluba. Ali, dolazi do razlaza između trenera, direktora kluba i centarfora i trener odlazi u inostranstvo. U međunarodnom takmičenju sastaju se dva trenerova kluba, bivši i sadašnji. Pobeđuje njegov stari klub, što znači da mu postaje nesigurno mesto u novom. Otkupljuje se prema poslodavcu uspehom u Beogradu. Opet je u svom mestu i pred spomenikom ocu koji je poginuo u ratu, pita se šta se sa njim zbiva do sada, na sportskom polju, radi protiv svoje zemlje.",
    "thumb": "https:\/\/m.media-amazon.com\/images\/M\/MV5BZTI2M2EyN2QtMjRhNS00N2E1LWFmYzItOTFjYzJiNWZmMWU2XkEyXkFqcGc@._V1_.jpg",
    "type": "filmovi",
    "created_at": "2025-06-17 15:25:18",
    "year": 1978,
    "link_groups": {
        "glavni": "https:\/\/www.file-upload.org\/b17sxe45ah1j",
        "alternativni_1": "",
        "alternativni_2": ""
    }
}