{
    "title": "Kameni Horizonti",
    "plot": "Radnja filma se odigrava u primorju 1940. godine. Svoju kćerku Malu, siromašni Jakov, da bi otplatio svoje dugove, odvodi je gazdi Roku Pajdagraciju, koji je prima u službu kao sluškinju. Mala bi, radeći kao sluškinja, trebalo da otplati očev dug. Posle Pajdagracijeve smrti, Mala odlazi da radi kod gostioničara Rude Amerikanca, ali je otac ubrzo odatle odvodi i ona se zapošljava u imućnoj buržujsko-plemićkoj porodici. Mala se malo zadržava i u toj službi, te se Jakov mora sam zaposliti i to kao štrajkolomac. Posle nekog vremena on nalazi smrt u moru, a Mala se nalazi sa svojom ljubavlju iz mladosti, Banetom, revolucionarom koga progone žandari",
    "thumb": "https:\/\/upload.wikimedia.org\/wikipedia\/sr\/2\/25\/Film_Kameni_Horizonti.jpg",
    "type": "filmovi",
    "created_at": "2025-09-15 13:18:17",
    "year": 1953,
    "link_groups": {
        "glavni": "https:\/\/www.file-upload.org\/m6atwr6abbl2",
        "alternativni_1": "",
        "alternativni_2": ""
    }
}