{
    "title": "Doci I Ostati",
    "plot": "U potrazi za boljim uslovima života tri seljaka, Radovan, Jeremija i Gaša odlaze u veliki grad. Nasuprot njihovom očekivanju, dočekuju ih mnoge teškoće i iskušenja. Radovan uči večernju školu i uspeva da se uklopi u novu sredinu, Jeremija se vraća u selo, a Gaša posle neuspele ljubavi, odlazi sa jednim vršnjakom da na nekom drugom mestu potraži bolju sreću.",
    "thumb": "https:\/\/m.media-amazon.com\/images\/M\/MV5BYzY5ZDM4MGUtOWU1Mi00YjgwLWJkZTktNmJiNWVkMjNkOWRkXkEyXkFqcGc@._V1_.jpg",
    "type": "filmovi",
    "created_at": "2025-06-14 00:28:31",
    "year": 1965,
    "link_groups": {
        "glavni": "https:\/\/www.file-upload.org\/iiavz4h3x0a0",
        "alternativni_1": "",
        "alternativni_2": ""
    }
}