{
    "title": "Nedeljni Rucak",
    "plot": "Hirurg u pedesetim godinama zapada u krizu a logika kojom je gradio svoj uspešan život počinje da otkazuje. Oseća rastrzanost između žene i ljubavnice, a i u profesiji ne nalazi više zadovoljstvo, pa mu se iznenadna mogućnost napretka na lestvici društvene hijerarhije čini spasonosnom, ali ne može da mu se ostvari san o novom i drugačijem životu pa se vraća porodici i stvarnosti iz koje nije bilo moguće pobeći",
    "thumb": "https:\/\/m.media-amazon.com\/images\/M\/MV5BYTY4MmYwYWYtZmNkYy00OTgzLTkwZjUtOTdiMTA5MmEyOWE3XkEyXkFqcGc@._V1_FMjpg_UX1000_.jpg",
    "type": "filmovi",
    "created_at": "2025-06-17 21:39:11",
    "year": 1982,
    "link_groups": {
        "glavni": "https:\/\/www.file-upload.org\/maabgenks3o3",
        "alternativni_1": "",
        "alternativni_2": ""
    }
}