{
    "title": "Bokseri Idu U Raj",
    "plot": "Tragikomična priča o bivšem bokserskom šampionu, nepobeđenom u ringu, ali pobeđenog alkoholom.",
    "thumb": "https:\/\/upload.wikimedia.org\/wikipedia\/sh\/1\/18\/%D0%91%D0%BE%D0%BA%D1%81%D0%B5%D1%80%D0%B8_%D0%B8%D0%B4%D1%83_%D1%83_%D1%80%D0%B0%D1%98.JPG",
    "type": "filmovi",
    "created_at": "2025-09-28 00:11:15",
    "year": 1967,
    "link_groups": {
        "glavni": "https:\/\/www.file-upload.org\/3o27yv94tbqj",
        "alternativni_1": "",
        "alternativni_2": ""
    }
}