{
    "title": "Ada",
    "plot": "Mlada žena živi u braku sa šarmantnim i ambicioznim doktorom sa kojim ima sina.Ova skromna i poštena žena, sa diplomom francuskog i latinskog jezika uzaludno pokušava da se zaposli. Međutim, njen muž uspeva, ne mnogo časnim sredstvima, izdejstvovati sebi specijalizaciju u Ameriku. Ona ostaje sama sa sinom. Na nju nasrće uticajni čovek koji joj nudi posao uz određene ustupke ...",
    "thumb": "https:\/\/m.media-amazon.com\/images\/M\/MV5BM2ZhYzYxNWEtMTMzZC00MmZlLWI4MDQtMzI3YThkY2YyNWY0XkEyXkFqcGc@._V1_.jpg",
    "type": "filmovi",
    "created_at": "2025-06-18 12:32:22",
    "year": 1985,
    "link_groups": {
        "glavni": "https:\/\/www.file-upload.org\/9md8gvqxbm4z",
        "alternativni_1": "",
        "alternativni_2": ""
    }
}