{
    "title": "Zaboravljeni",
    "plot": "Nekoliko godina ranije, maloletnici iz jednog doma za napuštenu decu izašli su u grad i noću, u nastupu gneva i očajanja, rušili su razbijali i uništavali sve što im se isprečilo na putu. Iza njih je ostala pustoš i pitanje zašto su to učinili. Idući tragom te vesti, autori filma su obišli više ustanova i na osnovu istinitih sudbina iz prihvatilišta, bolnica i zatvora, sačinili priču o troje zaboravljenih tj. dvoje mladića i jednoj devojci.",
    "thumb": "https:\/\/upload.wikimedia.org\/wikipedia\/sr\/thumb\/f\/fa\/Zaboravljeni_%28film%29.JPG\/250px-Zaboravljeni_%28film%29.JPG",
    "type": "filmovi",
    "created_at": "2025-06-18 15:40:10",
    "year": 1988,
    "link_groups": {
        "glavni": "https:\/\/www.file-upload.org\/fx6vebtsjkt4",
        "alternativni_1": "",
        "alternativni_2": ""
    }
}