{
    "title": "Nije Nego",
    "plot": "Profesor Herceg bori se sa teškoćama, jer nije baš lako kako učenicima dozirati znanje, a još je teže izbjeći mržnju prema učenicima, a simpatiju prema učenicama. Dolazak televizije u školu, anketa o novoj školi, učeničke podvale i slične okolnosti sigurno neće olakšati njegov problem",
    "thumb": "https:\/\/upload.wikimedia.org\/wikipedia\/sr\/7\/7d\/Nije_nego.jpg",
    "type": "filmovi",
    "created_at": "2025-06-17 15:42:14",
    "year": 1978,
    "link_groups": {
        "glavni": "https:\/\/www.file-upload.org\/7fhh7hl5l2ss",
        "alternativni_1": "",
        "alternativni_2": ""
    }
}