{
    "title": "Timocka Buna",
    "plot": "Uča, učitelj u malom mestu u Timočkoj krajini se zaljubio u mladu Austrijanku. Pored ljubavi, vezuje ih i buntovnički duh protiv nepravde i tiranije. S druge strane, Učin brat Sibin, kraljev oficir, ostaje veran kralju i tradiciji, smatra da će Lazarevo priključenje u ustanak, ukaljati čast porodice.",
    "thumb": "https:\/\/upload.wikimedia.org\/wikipedia\/sr\/4\/4b\/%D0%A2%D0%B8%D0%BC%D0%BE%D1%87%D0%BA%D0%B0_%D0%B1%D1%83%D0%BD%D0%B0_%28%D1%84%D0%B8%D0%BB%D0%BC%29.jpg",
    "type": "filmovi",
    "created_at": "2025-06-18 10:24:02",
    "year": 1983,
    "link_groups": {
        "glavni": "https:\/\/www.file-upload.org\/b00xehb9kv3b",
        "alternativni_1": "",
        "alternativni_2": ""
    }
}