{
    "title": "Zid",
    "plot": "Eksperimentalni film suredatelja hvaljenih filmova Kapi, Vode, Ratnici. Vrlo mračne i nadrealne slike, zanimljiv, neobičan rad kamere.",
    "thumb": "https:\/\/cdn.cinematerial.com\/p\/297x\/kbphfeyn\/zid-yugoslav-movie-poster-md.jpg?v=1482607691",
    "type": "filmovi",
    "created_at": "2025-08-25 18:47:36",
    "year": 1960,
    "link_groups": {
        "glavni": "https:\/\/www.file-upload.org\/q64eybwjb615",
        "alternativni_1": "",
        "alternativni_2": ""
    }
}