{
    "title": "Devojacki Most",
    "plot": "Devojački most je mesto razmene nemačkih zarobljenika i partizana zarobljenih od strane Nemaca.\r\n\r\nSa položaja kreće kolona boraca i devet zarobljenih Nemaca. Put do mosta za partizane je dvostruko iskušenje: boračko, jer sa svih strana vrebaju opasnosti i etičko, jer moraju da se izlažu riziku zbog neprijatelja koji je bio nemilosrdan.",
    "thumb": "https:\/\/upload.wikimedia.org\/wikipedia\/sr\/f\/fb\/%D0%94%D0%B5%D0%B2%D0%BE%D1%98%D0%B0%D1%87%D0%BA%D0%B8_%D0%BC%D0%BE%D1%81%D1%82.JPG",
    "type": "filmovi",
    "created_at": "2025-06-17 14:01:45",
    "year": 1976,
    "link_groups": {
        "glavni": "https:\/\/www.file-upload.org\/69ejgmf1rtdd",
        "alternativni_1": "",
        "alternativni_2": ""
    }
}