{
    "title": "Dve Noci U Jednom Danu",
    "plot": "Slušajući priču partizana Jovana, koji mu je upućen na streljanje jer nije izvršio povereni zadatak, komandant Pavle priseća se svoje ljubavi prema bolničarki Jeleni, svoje veze koja se zbog ratnih događaja tragično završila. Žena zbog koje Jovan nije izvršio zadatak zvala se takođe Jelena i shvatajući da rat nema pravo da uništi ljubav, Pavle pušta Jovana da ode.",
    "thumb": "https:\/\/m.media-amazon.com\/images\/M\/MV5BNzE5NTdkYTQtZjdiZi00OThkLWE2ODgtZjE1NDRiMDk1ZGFjXkEyXkFqcGc@._V1_FMjpg_UX1000_.jpg",
    "type": "filmovi",
    "created_at": "2025-06-13 17:15:57",
    "year": 1963,
    "link_groups": {
        "glavni": "https:\/\/www.file-upload.org\/u1haa0wbr289",
        "alternativni_1": "",
        "alternativni_2": ""
    }
}