{
    "title": "Zasto Je Pucao Alija Alijagic",
    "plot": "Zašto je pucao Alija Alijagić je jugoslovenska TV drama u produkciji RTV Beograd emitovana 1974. godine. Režirao jue je Arsenije Jovanović po sopstevnom scenariju, a koji se temelji na stvarnim događajima, odnosno zapisnicima sa suđenja Aliji Alijagiću, radikalnom komunističkom aktivistu koji je 1921. godine izvršio atentat na Milorada Draškovića, ministra unutrašnjih poslova Kraljevine SHS.",
    "thumb": "https:\/\/i.ytimg.com\/vi\/lpDxN1GU1ac\/hq720.jpg?sqp=-oaymwEhCK4FEIIDSFryq4qpAxMIARUAAAAAGAElAADIQj0AgKJD&rs=AOn4CLDpDG9uRdfjDH-GQHVonJODmvUmBg",
    "type": "filmovi",
    "created_at": "2025-09-28 22:27:39",
    "year": 1974,
    "link_groups": {
        "glavni": "https:\/\/www.file-upload.org\/qpkt20b50ptp",
        "alternativni_1": "",
        "alternativni_2": ""
    }
}