{
    "title": "Devojka",
    "plot": "Priča o ratu i o ljubavi vojnika i devojke koja je partizanka. Kroz priču devojke, vojnika, fotografa i nemačkog oficira daje se subjektivni doživljaj ratnih zbivanja. I pored tragičnog završetka, trijumfuje neuništiva ljubav devojke.",
    "thumb": "https:\/\/m.media-amazon.com\/images\/M\/MV5BNmViMjllODEtMzZlZS00N2U5LWFiNjMtNjZlMWFhODg5MmQyXkEyXkFqcGc@._V1_.jpg",
    "type": "filmovi",
    "created_at": "2025-06-14 00:29:21",
    "year": 1965,
    "link_groups": {
        "glavni": "https:\/\/www.file-upload.org\/t3vogsf2kw6i",
        "alternativni_1": "",
        "alternativni_2": ""
    }
}