{
    "title": "Dan Odmora Jednog Govornika",
    "plot": "Dan odmora jednog govornika je jugoslovenska TV komedija u produkciji Radiotelevizije Beograd emitovana 1968. godine. Režirao ju je Ljubomir Draškić, a scenario je pisao Brana Crnčević.",
    "thumb": "https:\/\/i.ytimg.com\/vi\/NVaCATg9g5c\/mqdefault.jpg",
    "type": "filmovi",
    "created_at": "2025-09-28 13:52:45",
    "year": 1968,
    "link_groups": {
        "glavni": "https:\/\/www.file-upload.org\/tazsm1yww6ff",
        "alternativni_1": "",
        "alternativni_2": ""
    },
    "last_updated": "2025-10-16 01:25:22"
}