{
    "title": "Konjuh Planinom",
    "plot": "Priča o partizanskoj četi iz buntovnog bosanskog sela Husina, o kojoj je ispevana jedna od najlepših partizanskih pjesama — „Konjuh planinom”. Prepadi i borbe u kojima je ta četa učestvovala i pobeđivala, te portreti njenih mnogobrojnih, neustrašivih boraca.\r\n\r\nU Bosni, na području Konjuha, partizanske jedinice bore se s nadmoćnim neprijateljem..",
    "thumb": "https:\/\/m.media-amazon.com\/images\/M\/MV5BODMwYzkzZTUtNmQ2OC00YWYwLWE2NTUtNmQxMGQ3NmFmNmE0XkEyXkFqcGc@._V1_.jpg",
    "type": "filmovi",
    "created_at": "2025-09-27 23:59:26",
    "year": 1966,
    "link_groups": {
        "glavni": "https:\/\/www.file-upload.org\/4d1vrz3abawq",
        "alternativni_1": "",
        "alternativni_2": ""
    }
}