{
    "title": "Kala",
    "plot": "Kala je jugoslovenski film iz 1958. godine na slovenačkom jeziku. Režirali su ga Krešimir Golik i Andrej Hieng a scenario je napisao Ivan Ribič",
    "thumb": "https:\/\/m.media-amazon.com\/images\/M\/MV5BODI1ZDJjZTgtODViNC00Y2JiLWJkZGQtM2I5ZDIxNzM4ODMxXkEyXkFqcGc@._V1_.jpg",
    "type": "filmovi",
    "created_at": "2025-06-13 16:18:53",
    "year": 1958,
    "link_groups": {
        "glavni": "https:\/\/www.file-upload.org\/pn15880l0web",
        "alternativni_1": "",
        "alternativni_2": ""
    }
}