{
    "title": "Rudareva Sreca",
    "plot": "Grupa ljudi luta Vlaškom planinom u potrazi za blagom i tom prilikom sreću oca sa ćerkom koji su takođe u potrazi za blagom. Tada se na prvi pogled dvoje mladih zaljubljuju jedno u drugo.",
    "thumb": "https:\/\/upload.wikimedia.org\/wikipedia\/sh\/thumb\/2\/2c\/%D0%A0%D1%83%D0%B4%D0%B0%D1%80%D0%B5%D0%B2%D0%B0_%D1%81%D1%80%D0%B5%D1%9B%D0%B0.jpg\/250px-%D0%A0%D1%83%D0%B4%D0%B0%D1%80%D0%B5%D0%B2%D0%B0_%D1%81%D1%80%D0%B5%D1%9B%D0%B0.jpg",
    "type": "filmovi",
    "created_at": "2025-08-25 18:35:20",
    "year": 1926,
    "link_groups": {
        "glavni": "https:\/\/www.file-upload.org\/ectr2j62j0g3",
        "alternativni_1": "",
        "alternativni_2": ""
    }
}