{
    "title": "Frede, Laku Noc",
    "plot": "„Frede, laku noć“ je jugoslovenski TV film iz 1981. godine. Režirao ga je Nikola Jeftić, prema scenariju Dragoslava Mihailovića.",
    "thumb": "https:\/\/m.media-amazon.com\/images\/M\/MV5BNGUwZDBiMDctODBjZi00NjBkLTkyZjEtMTM3MTcxYmM3ZmYxXkEyXkFqcGc@._V1_.jpg",
    "type": "filmovi",
    "created_at": "2025-07-11 01:29:28",
    "year": 1981,
    "link_groups": {
        "glavni": "https:\/\/www.file-upload.org\/hh0tlp75qz9b",
        "alternativni_1": "",
        "alternativni_2": ""
    }
}