{
    "title": "Sva Cuda Sveta",
    "plot": "Fil je priča o dva dječaka maštara, koji u svom malom gradiću na rubu neke šume i neke rijeke proživljavaju naizgled obične, alu u stvari vrlo bogate i zbivanjima nabijene dane zimskog raspusta. Teku ti dani za Pirketa i Jocu između njihovih kuća, između scena sa bolesnom Pirketovom majkom i strogim Jocinim ocem, i jednog malog i komičnog zabavišta, koje svoje skromne senzacije izlaže znatiželji provincijalaca.",
    "thumb": "https:\/\/encrypted-tbn0.gstatic.com\/images?q=tbn:ANd9GcRcM7QlTNCnX2CO8SC89uLnFgrun9DEltIR5w&s",
    "type": "filmovi",
    "created_at": "2025-08-24 21:10:03",
    "year": 1978,
    "link_groups": {
        "glavni": "https:\/\/www.file-upload.org\/oz6l4h0534u4",
        "alternativni_1": "",
        "alternativni_2": ""
    }
}