{
    "title": "Zadarski Memento",
    "plot": "Pred kraj Prvog svetskog rata, siromašni seoski mladić Krševan počinio je ubistvo u samoodbrani te da bi spasio život beži u Zadar koji je pripao Italiji. Teško doživljava sudbinu emigranta, razapet čežnjom za domom i voljenom devojkom, trpeći ucenu talijanskih vlasti. Njegova beda i neukost glavni su razlog da postaje talijanski špijun. Nakon tragične smrti devojke, ženi se bivšom opaticom. Kad izbije Drugi svetski rata, žena mu umire na porođaju krivicom talijanskog doktora. U napadu mržnje Krševan će učiniti još jedno ubistvo",
    "thumb": "https:\/\/m.media-amazon.com\/images\/M\/MV5BYzczMmNiMGEtNTQ3YS00MDgwLWEyZTEtNDM5M2ZjMDE5ZGEzXkEyXkFqcGc@._V1_FMjpg_UX1000_.jpg",
    "type": "filmovi",
    "created_at": "2025-06-18 11:01:01",
    "year": 1984,
    "link_groups": {
        "glavni": "https:\/\/www.file-upload.org\/xdi88f3xdd97",
        "alternativni_1": "",
        "alternativni_2": ""
    }
}