{
    "title": "Zedj",
    "plot": "„Žeđ” je jugoslovenski TV film iz 1969. godine. Režirao ga je Joakim Marušić a scenario je napisao Krešo Novosel po istoimenoj pripovetki Ive Andrića.",
    "thumb": "https:\/\/mojtv.hr\/images\/2024-01\/5dcc4a70-c876-4a2c-9694-75b071.jpg",
    "type": "filmovi",
    "created_at": "2025-09-28 21:12:16",
    "year": 1969,
    "link_groups": {
        "glavni": "https:\/\/www.file-upload.org\/9hzfp53r3i7p",
        "alternativni_1": "",
        "alternativni_2": ""
    }
}