{
    "title": "Disput U Noci",
    "plot": "Disput u noći je jugoslovenska TV drama u produkciji RTV Beograd emitovana 1976. godine. Radnja se događa početkom 16. veka i prikazuje kako Erazmo Roterdamski (čiji lik tumači Stevo Žigon) raspravlja sa Martinom Luterom (čiji lik tumači Jovan Milićević) o Reformaciji Režirao ju je Milenko Maričić, a scenario je pisao Predrag Golubović.",
    "thumb": "https:\/\/i.ytimg.com\/vi\/dA-m7Ryd8xk\/hqdefault.jpg",
    "type": "filmovi",
    "created_at": "2025-09-28 22:39:11",
    "year": 1976,
    "link_groups": {
        "glavni": "https:\/\/www.file-upload.org\/07bz20y27rb6",
        "alternativni_1": "",
        "alternativni_2": ""
    }
}