{
    "title": "Martin Krpan S Vrha",
    "plot": "Martin Krpan s vrha je jugoslovenski televizijski film iz 1968. godine. Režirao ga je Ljubomir Draškić a scenario je napisao Ljubivoje Ršumović po delu Martin Krpan (slo. Martin Krupan z Vrha pri Sveti Trojici) slovenskog pisca Frana Levstika.",
    "thumb": "https:\/\/i.ytimg.com\/vi\/uEjM_WGvNwM\/sddefault.jpg",
    "type": "filmovi",
    "created_at": "2025-09-28 14:12:22",
    "year": 1968,
    "link_groups": {
        "glavni": "https:\/\/www.file-upload.org\/0h8g52khez0o",
        "alternativni_1": "",
        "alternativni_2": ""
    }
}