{
    "title": "Stepenice Za Nebo",
    "plot": "Diplomirani arhitekta Slobodan (Svetozar Cvetković) bezuspešno pokušava da pronađe posao i da se uklopi u društvo. Jedne, naizgled obične noći, u nastojanju da se zabavi sa starim društvom i oživi lepe uspomene, suočava se sa poražavajućom istinom. Prijatelji pokazuju nova lica, niko nije ono za šta se predstavlja. Noć produbljuje stare rane, do zore se dešava tragedija koja menja živote svakog od njih. Ipak, novi dan budi i novu šansu za spasenje.",
    "thumb": "https:\/\/m.media-amazon.com\/images\/M\/MV5BZWViYjU5OGQtZmFkOS00M2EwLTg5YjctZmQyM2FkNDdhNGE1XkEyXkFqcGc@._V1_.jpg",
    "type": "filmovi",
    "created_at": "2025-06-18 10:23:08",
    "year": 1983,
    "link_groups": {
        "glavni": "https:\/\/www.file-upload.org\/7ph0nm8a8r9u",
        "alternativni_1": "",
        "alternativni_2": ""
    }
}