{
    "title": "Uvek Spremne Zene",
    "plot": "Sedam žena su gubitnice one su bez posla i bez krova nad glavom, bez porodice i bez uzvraćene ljubavi. U kontaktu i sudaru sa svetom muškaraca, one gube ali uvek se ponovo vraćaju u borbu. Neke su pobeđene životom, a neke same sobom. Preostale guraju dalje same protiv svih.",
    "thumb": "https:\/\/m.media-amazon.com\/images\/M\/MV5BMjA2MDQ2YTUtM2ZiNS00MjQyLWI3MjQtYTE0MTlhYTM3YTQ2XkEyXkFqcGc@._V1_FMjpg_UX1000_.jpg",
    "type": "filmovi",
    "created_at": "2025-06-18 15:12:59",
    "year": 1987,
    "link_groups": {
        "glavni": "https:\/\/www.file-upload.org\/faphslk8on82",
        "alternativni_1": "",
        "alternativni_2": ""
    }
}