{
    "title": "Dani",
    "plot": "Jedan dan udate žene koja nije uspela da odredi svoje mesto u životu. Ona upada u niz karakterističnih situacija koje joj otkrivaju nju samu, njen život, sudbinu... Njen život je ogledalo njene lične samoće. Ona sreće mladog čoveka koji je tog dana dobio vest da mu umire otac. Oni provode zajedno jedno popodne pokušavajući da slici života daju nove oblike i smisao.",
    "thumb": "https:\/\/m.media-amazon.com\/images\/M\/MV5BYWI4ZjlhMmUtNmQ3Ni00YjZhLTkwMDAtODlhYWEzNTBiYTFlXkEyXkFqcGc@._V1_FMjpg_UX1000_.jpg",
    "type": "filmovi",
    "created_at": "2025-06-13 17:17:28",
    "year": 1963,
    "link_groups": {
        "glavni": "https:\/\/www.file-upload.org\/o62llxwqeprj",
        "alternativni_1": "",
        "alternativni_2": ""
    }
}