{
    "title": "Oficir S Ruzom",
    "plot": "Radnja filma prati život partizanskog oficira koji se u prvim posleratnim danima zaljubljuje u Matildu, udovicu iz više klase čiji je muž radio za NOB. Ljubav počinje da se razvija obostrano, pa poručnik Horvat ostavlja svoju devojku i počinje da živi s Matildom. Društvene okolnosti, ljudske slabosti i ljubomora vode Petra u pogibiju a obe žene koje je voleo i koje su njega volele ostaju same",
    "thumb": "https:\/\/upload.wikimedia.org\/wikipedia\/sr\/1\/15\/%D0%9E%D1%84%D0%B8%D1%86%D0%B8%D1%80_%D1%81_%D1%80%D1%83%D0%B6%D0%BE%D0%BC.jpg",
    "type": "filmovi",
    "created_at": "2025-06-18 15:21:34",
    "year": 1987,
    "link_groups": {
        "glavni": "https:\/\/www.file-upload.org\/y6sb4va96pch",
        "alternativni_1": "",
        "alternativni_2": ""
    }
}