{
    "title": "Ovo Malo Duse",
    "plot": "Film je priča o sazrevanju dečaka u zabačenom selu posleratne Bosne. Tu živi udovac sa puno dece i ređaju se obični događaji. Životne situacije su i smešne i tužne, prepune nostalgije za nečim toliko bliskim, a toliko nedostižnim. Mlada maćeha menja odnose u porodici, jer deca ne mogu da se pomire sa novom situacijom.\r\n\r\nZbog majčine samrtničke želje otac odlučuje oženiti dečaka koji je još uvijek dijete. Ovim činom on naglo odrasta u zrelog čovjeka koji se brine za svoju porodicu, iako žali za svojim izgubljenim detinjstvom i prvom dječačkom ljubavlju",
    "thumb": "https:\/\/m.media-amazon.com\/images\/M\/MV5BNWQ2M2U2YzAtNWVlYy00NmY2LTk3MWUtNTQwMDJkZjI0M2U4XkEyXkFqcGc@._V1_.jpg",
    "type": "filmovi",
    "created_at": "2025-06-18 12:41:08",
    "year": 1986,
    "link_groups": {
        "glavni": "https:\/\/www.file-upload.org\/u3w3f8snzw2m",
        "alternativni_1": "",
        "alternativni_2": ""
    }
}