{
    "title": "Maratonci Trce Pocasni Krug",
    "plot": "Priča se događa u vremenu između dva rata (1935). U porodici Topalović, koju sačinjava šest generacija muškaraca — najmlađi ima 24 godine a najstariji 150 — dolazi do velikih sukoba, jer mladi potomak ne želi da se bavi pogrebničkim zanatom, koji decenijama, s kolena na koleno, drži njegova porodica.\r\n\r\nProizvodnja mrtvačkih sanduka je sve unosnija, uvodi se nova tehnologija, sahranjuje se brže i lakše, nastupa vreme krematorijuma. Ali, najmlađeg člana porodice Mirka (Bogdan Diklić) sve to ne zanima; on želi da se bavi filmom, zaluđen tom idejom od strane svog najboljeg prijatelja Đenke. Mirko je zaljubljen u Kristinu, koja ne mari za njega i zaljubljena je u Đenku. Kristinin otac, Bili Piton, nabavljač mrtvačkih sanduka za firmu Topalovića „Dugo konačište”, hoće da utera stari dug i ucenjuje porodicu. On traži veći udeo u zaradi, pravičnu podelu u poslu i dobiti ili da uda svoju ćerku jedinicu za Mirka a da dug uđe kao njegov miraz, odnosno suvlasništvo u firmi.",
    "thumb": "https:\/\/m.media-amazon.com\/images\/M\/MV5BODViMmFmMmMtYTViNS00OGY3LTkwYzQtNzk5ZTVhNTZhZWZlXkEyXkFqcGc@._V1_.jpg",
    "type": "filmovi",
    "created_at": "2025-06-17 21:42:46",
    "year": 1982,
    "link_groups": {
        "glavni": "https:\/\/www.file-upload.org\/40hye55pkpft",
        "alternativni_1": "",
        "alternativni_2": ""
    }
}