{
    "title": "Adam I Eva",
    "plot": "Adam i Eva je jugoslovenski TV film iz 1969. godine. Režirao ga je Mario Faneli po delu Miroslava Krleže.",
    "thumb": "https:\/\/mojtv.hr\/thumb.ashx?path=\/images\/4e9e10de-9479-4de6-b579-52f015d1a60b.jpg&w=360&h=180",
    "type": "filmovi",
    "created_at": "2025-06-15 19:20:47",
    "year": 1969,
    "link_groups": {
        "glavni": "https:\/\/www.file-upload.org\/l58kk6daakd6",
        "alternativni_1": "",
        "alternativni_2": ""
    }
}