{
    "title": "Ima Ljubavi, Nema Ljubavi",
    "plot": "Sve se dešava u jednom danu, na trgu, u stanu, na reci. Dečak je pošao u potragu za svojom izgubljenom igračkom, drugi ljudi traže svoju sreću, ili bar neki njen mali deo, vrte se u krug kao u izgubljenom kaleidoskopu, vole i mrze, pate i raduju se, iskreno ili lažno, veselo ili tužno. Dečak je na kraju našao svoj kaleidoskop, ostaje pitanje da li su ostali našli svoje snove ili bar njihove iskre.",
    "thumb": "https:\/\/upload.wikimedia.org\/wikipedia\/sr\/thumb\/4\/48\/Ima_ljubavi%2C_nema_ljubavi.jpg\/250px-Ima_ljubavi%2C_nema_ljubavi.jpg",
    "type": "filmovi",
    "created_at": "2025-06-15 18:54:00",
    "year": 1968,
    "link_groups": {
        "glavni": "https:\/\/www.file-upload.org\/u2154tjr7h38",
        "alternativni_1": "",
        "alternativni_2": ""
    }
}