{
    "title": "Braca Po Materi",
    "plot": "Isprovociran, Veselin na maturskoj večeri ubija svog vršnjaka.\r\n\r\nU zatvoru dobija pismo od polubrata, političkog emigranta iz Austrije. Počinje dopisivanje i polubrat Braco mu priča o Dalmatinskoj zagori 1930ih godina kada je rođen iz braka Vranke i Antiše, koji se 1941. godine pridružuje hrvatskim fašistima i gine.\r\n\r\nPosle rata majka se udaje za Krstana partizanskog prvoborca iz srpskog sela i rađa Veselina, a njega i dalje prati obeležje ustaškog sina. Braco beži preko granice i pridružuje se hrvatskoj ekstremističkoj emigraciji u Austriji. Kroz te kontakte njihovi odnosi evoluiraju: od nepoverenja i odbojnosti pripadnika dva različita sveta i sistema, do onoga što ih vezuje, a to je da su braća po materi i da se svaki na svoj način ogrešio o zakone društva",
    "thumb": "https:\/\/m.media-amazon.com\/images\/M\/MV5BY2I0MzBhNTQtMTM5Yi00MmZiLWE4ZTAtOTFjNmJlYjhiMmFlXkEyXkFqcGc@._V1_FMjpg_UX1000_.jpg",
    "type": "filmovi",
    "created_at": "2025-06-18 16:08:27",
    "year": 1988,
    "link_groups": {
        "glavni": "https:\/\/www.file-upload.org\/g3xsv055zhoc",
        "alternativni_1": "",
        "alternativni_2": ""
    }
}