{
    "title": "Sudite Me",
    "plot": "Sudite me je jugoslavenska TV drama u produkciji RTV Zagreb emitirana 1978. godine. Predstavlja adaptaciju istoimene pripovjetke Augusta Cesarca iz 1922. godine. Režirao ju je Režirao ga je Ivan Hetrich, a scenarij je napisao Nedjeljko Fabrio. Protagonist, koga tumači Amir Bukvić, je siromašni veteran Prvog svjetskog rata koji dolazi u iskušenje da sudjeluje u zločinu.",
    "thumb": "https:\/\/m.media-amazon.com\/images\/M\/MV5BMzEwMjBkNzYtZjE2ZC00YTA2LWE3ZDktOGJiZjUzYWNiZDA0XkEyXkFqcGc@._V1_FMjpg_UX1000_.jpg",
    "type": "filmovi",
    "created_at": "2025-06-17 15:31:44",
    "year": 1978,
    "link_groups": {
        "glavni": "https:\/\/www.file-upload.org\/l13ig7ho2ww1",
        "alternativni_1": "",
        "alternativni_2": ""
    }
}