{
    "title": "Jazol",
    "plot": "Radnja se odigrava marta 1943. godine tokom transporta Jevreja iz Skoplja. Nikola je bivši hirurg koji provodi vreme u lokalnoj kafani gde nemački oficiri igraju ruski rulet sa pištoljem uperenim u glave zatvorenika. Posle samoubistva jednog nemačkog majora, Nikola i jedan zatvorenik pobegnu...",
    "thumb": "https:\/\/m.media-amazon.com\/images\/M\/MV5BNzhmN2Q5ZjItOTVkMy00NWY5LWE4N2QtNDJkNDdkNTk3MjM3XkEyXkFqcGc@._V1_.jpg",
    "type": "filmovi",
    "created_at": "2025-06-18 12:24:33",
    "year": 1985,
    "link_groups": {
        "glavni": "https:\/\/www.file-upload.org\/53hoat3qzee9",
        "alternativni_1": "",
        "alternativni_2": ""
    }
}