{
    "title": "Kala",
    "plot": "U ovom filmu postoje dve priče. Čovek tretira ljudsku stranu, stvari koje se dešavaju čoveku u ratu, bol i pritisak na njegove živce i hrabrost i kako se nosi sa svime da bi preživeo i ne izgubio razum. Druga priča se bavi životinjskom stranom, stvarima koje se dešavaju psu koji postepeno gubi sve što je znao i voleo i čak je suočen sa pretnjom za samo postojanje. Da bi preživeo pas mora da zaboravi sve što ga je naučio i da ceni, da se plaši čoveka i njegovih trikova i ponovo postane divlji i slobodan.",
    "thumb": "https:\/\/domaceserije.net\/slika-film\/kala-1955.jpg",
    "type": "filmovi",
    "created_at": "2025-09-15 13:30:07",
    "year": 1955,
    "link_groups": {
        "glavni": "https:\/\/www.file-upload.org\/6vp3n57fseg8",
        "alternativni_1": "",
        "alternativni_2": ""
    }
}