{
    "title": "Draga Irena",
    "plot": "Marko, Dragan, Miško i Ćutko drugovi su još od gimnazije. Markov otac nestao je u ratu kao heroj. Marko oseća nemir zbog ambicija da i sam bude u nečemu iznad ostalih, ali mu nedostatak volje i nesređen emotivni život za tone daju priliku. Upoznaje Irenu, devojku s medicine, koju je Dragan planirao za svoje donžuanske poduhvate. Istovremeno, drugovi odozgo smatraju da bi bilo zgodno da taj talentovani momak (Marko je apsolvent arhitekture) radi na urbanističkom projektu naselja koje bi nosilo ime njegovog oca.Marko prihvata kao zgodnu tezgu. Na Draganovo razočarenje, Markova emotivna veza sa Irenom se učvršćuje. Miško, posle jedne utakmice i nesretnog loma noge, mora apstinirati od fudbala. Lola koristi taj trenutak da se njihova veza kruniše brakom. Dragan stiže iz vojske na vanredno odsustvo radi polaganja ispita. Čopor se za trenutak objedinjuje radi zajedničkog izleta na kojem Irena stavlja do znanja Marku da je trudna. Marko joj predlaže da abortira, što Irena odbija. Marko oseti samoću i vraća se Ireni koja ga dočekuje hladno objasnivši da ga je lagala. Ne shvatajući poraz, Marko ne reaguje čak kad Irena pred njim krene u zagrljaj njegovom prijatelju Ćutku",
    "thumb": "https:\/\/m.media-amazon.com\/images\/M\/MV5BNjJiODBmMWEtZmIxOC00ZDhiLWJlNDEtMzQwZTVkZDM2MDNjXkEyXkFqcGc@._V1_QL75_UY281_CR5,0,190,281_.jpg",
    "type": "filmovi",
    "created_at": "2025-09-28 21:19:11",
    "year": 1969,
    "link_groups": {
        "glavni": "https:\/\/www.file-upload.org\/xp0sknjvxyl0",
        "alternativni_1": "",
        "alternativni_2": ""
    }
}