{
    "title": "Povratak Otpisanih",
    "plot": "U jesen 1944. Prle i Tihi, još uvek mladi, ali opet veterani pokreta otpora zajedno sa Jocom, starim i raspoloženim radio-operaterom, treba da se sa radio-stanicom ubace u Beograd, glavni grad Jugoslavije, još uvek okupiran od strane Nemaca i ostanu u njemu do oslobođenja. Kako se pobedničke partizanske snage približavaju, Prle, Tihi i Joca moraju da nastave njihov posao u podzemlju, kako bi pripremili grad za oslobođenje.",
    "thumb": "https:\/\/m.media-amazon.com\/images\/M\/MV5BNDMyZDEyMTYtZjJiOS00N2RmLThmYmQtMGJiNzA4MmNiZmNlXkEyXkFqcGc@._V1_FMjpg_UX1000_.jpg",
    "type": "filmovi",
    "created_at": "2025-06-17 13:48:10",
    "year": 1976,
    "link_groups": {
        "glavni": "https:\/\/www.file-upload.org\/shyzap0farxl",
        "alternativni_1": "",
        "alternativni_2": ""
    }
}