{
    "title": "Dovidjenja U Sledecem Ratu",
    "plot": "Na godišnjem odmoru u Španiji se susreću bivši slovenački partizan Berk i bivši nemački vojnik Bitner koji se borio u Jugoslaviji. Svojim razgovorima pobuđuju uspomene na ratni put koji su prošli. Film je kontroverzna epska priča o intelektualcu u ratnom haosu.",
    "thumb": "https:\/\/www.dlib.si\/streamdb\/URN:NBN:SI:IMG-9UK2SCI3",
    "type": "filmovi",
    "created_at": "2025-06-17 16:23:52",
    "year": 1980,
    "link_groups": {
        "glavni": "https:\/\/www.file-upload.org\/sjt2dffrbwhy",
        "alternativni_1": "",
        "alternativni_2": ""
    }
}