{
    "title": "Pogon B",
    "plot": "U trenutku kada naftaši iz pogona B pretpostavljaju da su nadomak izvora nafte, stiže rešenje o zatvaranju pogona. Verujući da će nafta ipak poteći, oni nastavljaju radove. Kada su izgubili nadu iznenada izbija požar i tada se nafta pojavljuje",
    "thumb": "https:\/\/upload.wikimedia.org\/wikipedia\/sr\/e\/eb\/Pogon_B.png",
    "type": "filmovi",
    "created_at": "2025-06-13 16:21:48",
    "year": 1958,
    "link_groups": {
        "glavni": "https:\/\/www.file-upload.org\/326p8a8gdqws",
        "alternativni_1": "",
        "alternativni_2": ""
    }
}