{
    "title": "Srescemo Se Veceras",
    "plot": "Joca je student muzike koji dolazi na festival sa numerom Srešćemo se večeras. Njega u hotelu slučajno zamene za poznatog dirigenta što on bez razmišljanja prihvata. Naravno, situacija se brzo zakomplikuje...",
    "thumb": "https:\/\/m.media-amazon.com\/images\/M\/MV5BZDQxYWU2YjYtZDg1Ni00ZTk1LWJhZTMtNjljYzU2NDA3MWZhXkEyXkFqcGc@._V1_FMjpg_UX1000_.jpg",
    "type": "filmovi",
    "created_at": "2025-09-26 23:04:48",
    "year": 1962,
    "link_groups": {
        "glavni": "https:\/\/www.file-upload.org\/bxmw87ouxcwm",
        "alternativni_1": "",
        "alternativni_2": ""
    }
}