{
    "title": "Kamiondzije Ponovo Voze",
    "plot": "Kamiondžije Paja i Jare odlaze u penziju. Jedva čekaju dan kada će moći svako od njih da ostvari svoj dugogodišnji san: Paja želi da živi u svom brodiću na Savi, a Jare da provodi dane u svojoj baštici iza kuće. Ali kao i uvek, snovi su jedno a stvarnost nešto sasvim drugo.",
    "thumb": "https:\/\/upload.wikimedia.org\/wikipedia\/sh\/thumb\/a\/a2\/%D0%9A%D0%B0%D0%BC%D0%B8%D0%BE%D0%BD%D1%9F%D0%B8%D1%98%D0%B5_%D0%BF%D0%BE%D0%BD%D0%BE%D0%B2%D0%BE_%D0%B2%D0%BE%D0%B7%D0%B5.jpg\/250px-%D0%9A%D0%B0%D0%BC%D0%B8%D0%BE%D0%BD%D1%9F%D0%B8%D1%98%D0%B5_%D0%BF%D0%BE%D0%BD%D0%BE%D0%B2%D0%BE_%D0%B2%D0%BE%D0%B7%D0%B5.jpg",
    "type": "filmovi",
    "created_at": "2025-06-18 11:58:35",
    "year": 1984,
    "link_groups": {
        "glavni": "https:\/\/www.file-upload.org\/enrcinzljnpc",
        "alternativni_1": "",
        "alternativni_2": ""
    }
}