{
    "title": "Operacija Ticijan",
    "plot": "Ugo Bonačić je ubijen u primorskom gradiću u toku turističke sezone. Inspektor kriminalističke uprave vodi istragu koja ga upućuje na neobičnog stranca u belom odelu, koji je u gradić došao sa američkom reprezentacijom za podvodni ribolov. Tokom istrage je utvrdio da je Ugo imao kopiju jedne Ticijanove slike za koju je vezana neobična legenda. Konačno se razjašnjava nova varijanta stare legende o toj Ticijanovoj slici.",
    "thumb": "https:\/\/upload.wikimedia.org\/wikipedia\/sh\/thumb\/d\/df\/%D0%9E%D0%BF%D0%B5%D1%80%D0%B0%D1%86%D0%B8%D1%98%D0%B0_%D0%A2%D0%B8%D1%86%D0%B8%D1%98%D0%B0%D0%BD.png\/250px-%D0%9E%D0%BF%D0%B5%D1%80%D0%B0%D1%86%D0%B8%D1%98%D0%B0_%D0%A2%D0%B8%D1%86%D0%B8%D1%98%D0%B0%D0%BD.png",
    "type": "filmovi",
    "created_at": "2025-06-13 17:14:22",
    "year": 1963,
    "link_groups": {
        "glavni": "https:\/\/www.file-upload.org\/06789jqlwzg6",
        "alternativni_1": "",
        "alternativni_2": ""
    }
}