{
    "title": "Stici Pre Svitanja",
    "plot": "Uoči rata u Jugoslaviji, trideset i dvojica komunista pripremaju bekstvo iz kaznionice u Sremskoj Mitrovici. Počinju da kopaju tunel, ali to sporo ide zbog niza otežavajućih okolnosti kao što su prepreke, podzemne vode, premeštanje u drugu zgradu, pojava izdajnika, teško komuniciranje sa pomagačima izvan zatvora. Najzad, uz pomoć ilegalke i grupe skojevaca uspevaju da pobegnu, prebacuju se u brda, da bi, zatim, sudelovali u osnivanju Prvog fruškogorskog odreda.",
    "thumb": "https:\/\/cinesseum.com\/img\/auto\/auto\/movie\/sticiPreSvitanja\/stici-pre-svitanja-poster.jpg",
    "type": "filmovi",
    "created_at": "2025-06-17 15:32:40",
    "year": 1978,
    "link_groups": {
        "glavni": "https:\/\/www.file-upload.org\/5pggzf3j7y5p",
        "alternativni_1": "",
        "alternativni_2": ""
    }
}