{
    "title": "Od Zlata Jabuka",
    "plot": "Hercegovačka porodica je prve godine posle rata odlučila da krene put Vojvodine u kolonizaciju. U pitomini vojvođanskog ambijenta ih čekaju nova iskušenja koja nisu nimalo laka. Sudbine pojedinih članova porodice tragično se lome.",
    "thumb": "https:\/\/m.media-amazon.com\/images\/I\/810lrz6tHGL._AC_UF894,1000_QL80_.jpg",
    "type": "filmovi",
    "created_at": "2025-06-18 12:43:19",
    "year": 1986,
    "link_groups": {
        "glavni": "https:\/\/www.file-upload.org\/f7x4rsu0ui6b",
        "alternativni_1": "",
        "alternativni_2": ""
    }
}