{
    "title": "Slucajni Zivot",
    "plot": "Dvojica mladih službenika, inače amaterskih veslača, vode uobičajeni svakodnevni život, pokušavajući pronaći u njemu više uzbuđenja i zadovoljstva. Introvertirani i senzibilniji od njih zaljubi se u privlačnu ženu..",
    "thumb": "https:\/\/a.ltrbxd.com\/resized\/film-poster\/1\/0\/0\/0\/8\/2\/100082-accidental-life-0-230-0-345-crop.jpg?v=c722a457c8",
    "type": "filmovi",
    "created_at": "2025-08-22 10:43:50",
    "year": 1969,
    "link_groups": {
        "glavni": "https:\/\/www.file-upload.org\/qj6i2sxidbqp",
        "alternativni_1": "",
        "alternativni_2": ""
    }
}