{
    "title": "Ambasador",
    "plot": "Ambasador je jugoslovenski film iz 1984. godine.[1] Režirao ga je Fadil Hadžić prema sopstvenom scenariju",
    "thumb": "https:\/\/m.media-amazon.com\/images\/M\/MV5BYmQ4NTMyZmEtYzc3Mi00NGM1LWE1ZmYtZTFjOTAzNTQ4NjIxXkEyXkFqcGc@._V1_.jpg",
    "type": "filmovi",
    "created_at": "2025-06-18 12:06:26",
    "year": 1984,
    "link_groups": {
        "glavni": "https:\/\/www.file-upload.org\/zcvamabcuezg",
        "alternativni_1": "",
        "alternativni_2": ""
    }
}