{
    "title": "Sinji Galeb",
    "plot": "Radnja se dešava između dva svjetska rata. Dječak Ive sa prijateljima je isplovio na more, kako bi zaradio novac i otplatio dugove u koje mu je zapao otac. Družina naziva brod „Sinji galeb“, ali posle izvesnog vremena poremete planove pomorskim kriminalcima predvođenima Lorencom.",
    "thumb": "https:\/\/m.media-amazon.com\/images\/M\/MV5BOWQ1YzhmNjgtOTM1OS00OWZmLTgxZjUtYmQ1NmE3MmJiOTcyXkEyXkFqcGc@._V1_FMjpg_UX1000_.jpg",
    "type": "filmovi",
    "created_at": "2025-09-15 13:20:03",
    "year": 1953,
    "link_groups": {
        "glavni": "https:\/\/www.file-upload.org\/pclr36yec92q",
        "alternativni_1": "",
        "alternativni_2": ""
    }
}