{
    "title": "Rafal U Nebo",
    "plot": "Partizanski oficir nailazi na spaljenu kuću i pobijenu decu, i odlučuje da se osveti ubici, četniku Malivuku na isti način. Međutim uviđa, da ne može da puca zbog zločina oca u nejaku decu, i rafal ispaljuje u nebo.",
    "thumb": "https:\/\/upload.wikimedia.org\/wikipedia\/sh\/a\/a5\/%D0%A0%D0%B0%D1%84%D0%B0%D0%BB_%D1%83_%D0%BD%D0%B5%D0%B1%D0%BE.jpg",
    "type": "filmovi",
    "created_at": "2025-06-13 16:21:03",
    "year": 1958,
    "link_groups": {
        "glavni": "https:\/\/www.file-upload.org\/lj9vjddv23ki",
        "alternativni_1": "",
        "alternativni_2": ""
    }
}