{
    "title": "Uvrijedjen Covijek",
    "plot": "„Uvrijeđeni čovjek” je jugoslovenski TV film iz 1972. godine. Režirao ga je Vojislav Milašević a scenario je napisan po delu Meše Selimovića.",
    "thumb": "https:\/\/encrypted-tbn0.gstatic.com\/images?q=tbn:ANd9GcS0w83-BIscWcC2xouRV976ADzuYwQW_nN4-kaccyWzNefZHfybRf0soeb9keaDtpVrSs0gP068lv6AKb98Tr4zDLU6MTVhTeCViYLrCnMUWg",
    "type": "filmovi",
    "created_at": "2025-09-28 22:15:32",
    "year": 1972,
    "link_groups": {
        "glavni": "https:\/\/www.file-upload.org\/x4d9xm6yh9jw",
        "alternativni_1": "",
        "alternativni_2": ""
    }
}