{
    "title": "Frosina",
    "plot": "Frosina je samo jedna od mnogobrojnih makedonskih žena kojima je muž, zbog ekonomske situacije morao da ode u emigraciju. Brak ne donosi radost osnivanja porodice, već samo muku i usamljenost. Povremene posete njenog muža završavaju se porođajem, a deca, zbog uslova u kojima žive rano umiru. Jedino Klime preživljava sve teškoće surovog života. Raste i druži se sa starijim ribarima, a muče ga svi problemi koje muče mlade u njegovom uzrastu. Klime upoznaje Krsta koji ga polako pridobija za svoju stranu, i on postaje, na početku samo simpatizer partizanskog pokreta, a zatim se i sam pridružuje partizanima.",
    "thumb": "https:\/\/m.media-amazon.com\/images\/M\/MV5BNjg5NWQ5ZTMtNzNiZi00YmZjLWI1ODItODVlNWVmMjViODA2XkEyXkFqcGc@._V1_FMjpg_UX1000_.jpg",
    "type": "filmovi",
    "created_at": "2025-06-13 01:02:45",
    "year": 1952,
    "link_groups": {
        "glavni": "https:\/\/www.file-upload.org\/gwbxl9wnj95n",
        "alternativni_1": "",
        "alternativni_2": ""
    }
}