{
    "title": "U Sukobu",
    "plot": "Priča se vrti oko toga kako se dva lekara: otac i sin sukobljavaju oko nove tehnike izvođenja hirurških postupaka. Profesor Krstić, čovek od autoriteta, sposoban kao stručnjak i zaslužan kao društveni radnik, vodi kliniku. Dolazi u sukob s vlastitim sinom Rankom u momentu kad pokušava ostvariti korak napred u oblasti medicine. Ne nalazeći više drugog načina da ubedi oca, doktor Ranko, s grupom mladih lekara, izvrši u tajnosti operaciju po novoj metodi koja spašava život čoveku koji je do tada bio beznadežan slučaj. Ne uzimajući u obzir uspeh poduhvata, šef klinike, Krstić, birokratski se poziva na ustaljeni rad, po kojem je to za njega samo nedozvoljen prekršaj, i traži od kolegijuma da se prekršiocima da disciplinski otkaz. Ranko ostaje napušten ali ne pokoleban i povlači se s klinike..",
    "thumb": "https:\/\/static.kupindoslike.com\/U-SUKOBU-1963-Voja-Miric-FILMSKI-PLAKAT_slika_O_115248905.jpg",
    "type": "filmovi",
    "created_at": "2025-09-27 23:39:06",
    "year": 1963,
    "link_groups": {
        "glavni": "https:\/\/www.file-upload.org\/s2opayu9ogsq",
        "alternativni_1": "",
        "alternativni_2": ""
    }
}