{
    "title": "Vrhovi Zelengore",
    "plot": "Tokom odlučnog dana bitke na Sutjesci 1943. godine, Nemci su zatvorili obruč oko glavnine partizanskih snaga, ostavljajući samo uski prolaz na Zelengori, između Ljubinog groba i Košuta. Po strategijskom i moralnom efektu izuzetno se važna bitka odvijala na koti Ljubin grob. Pripadnici druge čete, Trećeg bataljona Četvrte proleterske crnogorske brigade, preuzeli su zadatak da brane prolaz 24 sata. Iako neuporedivo slabiji od neprijatelja, zadatak su uz velike žrtve izvršili.",
    "thumb": "https:\/\/upload.wikimedia.org\/wikipedia\/sr\/5\/5a\/Vrhovi_zelengore.jpg",
    "type": "filmovi",
    "created_at": "2025-06-17 13:37:24",
    "year": 1976,
    "link_groups": {
        "glavni": "https:\/\/www.file-upload.org\/papo15m86gz7",
        "alternativni_1": "",
        "alternativni_2": ""
    }
}