{
    "title": "Jedini Izlaz",
    "plot": "Grupa partizana kreće da uništi nemačko skladište benzina u Postojinskoj jami. Jednog borca obuzima strah i nepoverenje prema novom komandiru, koje prelazi i na druge i dostiže kulminaciju kada ovaj borac ostaje u pećini odsečen eksplozijom. Poverenje se uspostavlja kada se komandir vrati i spasava borca.",
    "thumb": "https:\/\/m.media-amazon.com\/images\/M\/MV5BOWMzZTZhNWMtYzU1My00YjY4LTllOWUtODg4NjRlNTU3NDVjXkEyXkFqcGc@._V1_FMjpg_UX1000_.jpg",
    "type": "filmovi",
    "created_at": "2025-06-13 16:22:47",
    "year": 1958,
    "link_groups": {
        "glavni": "https:\/\/www.file-upload.org\/qpddpgmf9wie",
        "alternativni_1": "",
        "alternativni_2": ""
    }
}