{
    "title": "Lutalica",
    "plot": "Mlada i lepa Romkinja dolazi u Beograd i ima samo jednu želju - da postane pevačica. Ona dobija priliku da ostvari svoje snove nastupajući sa čuvenim harmonikašem Batom Kandom u kafani „Ciganska noć“. Zbog glasa i lepote ona postaje nadaleko čuvena, okupljajući mnogobrojne obožavaoce. Ali, popularnost je mač sa dve oštrice.",
    "thumb": "https:\/\/encrypted-tbn0.gstatic.com\/images?q=tbn:ANd9GcTfYjC5F_NZaqJrQE2wgRZCbdqaQuFOUM_SSg&s",
    "type": "filmovi",
    "created_at": "2025-06-18 15:28:09",
    "year": 1987,
    "link_groups": {
        "glavni": "https:\/\/www.file-upload.org\/stodxx3z45jm",
        "alternativni_1": "",
        "alternativni_2": ""
    }
}