{
    "title": "Autogram",
    "plot": "„Autogram” je jugoslovenski TV film iz 1977. godine. Režirao ga je Nikola Stojanović koji je napisao i scenario.",
    "thumb": "https:\/\/m.media-amazon.com\/images\/M\/MV5BMzAzZDdjNDMtNjBkYi00ZjIyLWE5ZGMtZmViZWFjYjlkNGViXkEyXkFqcGc@._V1_FMjpg_UX1000_.jpg",
    "type": "filmovi",
    "created_at": "2025-06-17 14:04:44",
    "year": 1977,
    "link_groups": {
        "glavni": "https:\/\/www.file-upload.org\/q2eojehyqij3",
        "alternativni_1": "",
        "alternativni_2": ""
    }
}