{
    "title": "Veliko Sudjenje",
    "plot": "Deca iz velikog gradskog dvorišta odlučila su suditi mačku Brnji, jer je pojeo kanarinca. Posle sudskog procesa, porota je Brnju osudila na dva dana strogog zatvora u kanarinčevoj krletki",
    "thumb": "https:\/\/m.media-amazon.com\/images\/M\/MV5BOWFjMGQyMmUtZjZjYS00YTEwLTg2YjAtYTY0ZGEyYTkwYTllXkEyXkFqcGc@._V1_FMjpg_UX1000_.jpg",
    "type": "filmovi",
    "created_at": "2025-09-26 22:55:35",
    "year": 1961,
    "link_groups": {
        "glavni": "https:\/\/www.file-upload.org\/ro2ljf7sza0m",
        "alternativni_1": "",
        "alternativni_2": ""
    }
}