{
    "title": "Sutjeska",
    "plot": "Rekonstrukcija jedne od najmučnijih vojnih operacija koje su se dogodile na teritoriji bivše Jugoslavije, u kojoj je poginulo više od sedam hiljada boraca, i sa jedne i sa druge strane (među poginulima je bio i narodni heroj Sava Kovačević).\r\n\r\nU maju i junu 1943. na Sutjesci se odigrala najteža bitka jugoslovenskih partizana u NOB-u. Oko 20.000 boraca, sa centralnom bolnicom, opkolilo je u vrletima Crne Gore i Hercegovine šestostruko jači neprijatelj. Vrhovni štab donosi odluku o proboju. Dileme vrhovnog komandanta, herojske borbe u odbrani ranjenika i potresne lične sudbine lajtmotiv su ovog filma",
    "thumb": "https:\/\/m.media-amazon.com\/images\/M\/MV5BZjdlODhiOWUtM2Q4Ni00ZjM5LWExYzAtNDljZWNjMjY1OGQzXkEyXkFqcGc@._V1_FMjpg_UX1000_.jpg",
    "type": "filmovi",
    "created_at": "2025-06-15 20:25:44",
    "year": 1973,
    "link_groups": {
        "glavni": "https:\/\/www.file-upload.org\/z44h2qh7mk9e",
        "alternativni_1": "",
        "alternativni_2": ""
    }
}