{
    "title": "Lov Na Jelene",
    "plot": "Lov na jelene je jugoslavenski igrani film snimljen u režiji Fadila Hadžića i premijerno prikazan početkom 1972. godine. Po žanru je kombinacija drame i trilera, a protagonist, koga tumači Aleksandar Krošl, je Ivan Šušnjar, nekadašnji činovnik NDH koji se vraća u rodno mjesto nakon što je četvrt vijeka proveo u emigraciji, izbjegavši pred kraj Drugog svjetskog rata. Radnja prikazuje kako postane optužen za sudjelovanje u ustaškom pokretu i njegovim zločinima, ali i kako su pravi motivi za optužbe to da su neki od lokalnih bivših partizana stekli bogatstvo na račun njegove imovine. Lov na jelene se bio snimao u vrijeme Masovnog pokreta (Maspok) u tadašnjoj SR Hrvatskoj, te je, kao nijedan film dotada, na kritičan način prikazao jugoslavenski komunistički režim i njegovu službenu politiku, uključujući i odnos prema političkoj emigraciji. Premijera je održana nedugo nakon slamanja Maspoka, te iako nije bio službeno zabranjen, danas se smatra jednim od najsubverzivnijih, ali i najopskurnijih ostvarenja svog doba.",
    "thumb": "https:\/\/m.media-amazon.com\/images\/M\/MV5BMGEyNTgyMjYtYjZlNi00ZGYzLTkzZGItMTgzMDY2N2JjOTllXkEyXkFqcGc@._V1_.jpg",
    "type": "filmovi",
    "created_at": "2025-07-21 18:56:22",
    "year": 1972,
    "link_groups": {
        "glavni": "https:\/\/www.file-upload.org\/aq1v586fmh3w",
        "alternativni_1": "",
        "alternativni_2": ""
    }
}