{
    "title": "Slike Iz Zivota Udarnika",
    "plot": "Radnja filma se odvija neposredno nakon završetka Drugog svetskog rata u Jugoslaviji. Sastoji se od niza povezanih vinjeta iz života Adema, bošnjačkog rudara, i njegovih kolega udarnika, počevši od njegovog venčanja. Prikazan je kako radi u rudniku i takmiči se sa kolegama ko će iskopati više uglja, a kasnije nastavljaju brojna druga nadmetanja. Adem dobija počasti i priznanja za svoj izuzetan rad, ali i dalje vodi veoma skroman život. Ubrzo postaje inspiracija drugim rudarima i ljudima oko sebe. Umetnik slika Ademov portret i stavlja ga pored portreta Tita i Staljina, koje radnici nose sa sobom tokom filma.",
    "thumb": "https:\/\/m.media-amazon.com\/images\/M\/MV5BMDVkYWYwNGItOTQzYy00NTMyLThlOTQtODk5ZDQ1ZGQ5MGNmXkEyXkFqcGc@._V1_FMjpg_UX1000_.jpg",
    "type": "filmovi",
    "created_at": "2025-06-15 20:08:48",
    "year": 1972,
    "link_groups": {
        "glavni": "https:\/\/www.file-upload.org\/mdp0onazdyaw",
        "alternativni_1": "",
        "alternativni_2": ""
    }
}