{
    "title": "Pogledaj Me, Nevernice",
    "plot": "Tragična priča o ravnici, ljubavi, daljini, neverstvu i naravima u jednom selu. Amaterska seoska filmska ekipa snima film o ljubavi dvoje mladih koja se završila tragično. Tokom snimanja rekonstruišu se scene iz života ljubavnika, i u tim situacijama reditelj neprekidno prožima komično i tragično, ironiju i patetiku.",
    "thumb": "https:\/\/m.media-amazon.com\/images\/M\/MV5BMDliMzUzOWYtZDVjMC00NDc4LWFkOGItNzNiYjM2OTZjZWNiXkEyXkFqcGc@._V1_FMjpg_UX1000_.jpg",
    "type": "filmovi",
    "created_at": "2025-06-17 12:12:30",
    "year": 1974,
    "link_groups": {
        "glavni": "https:\/\/www.file-upload.org\/x5cyftnuh6ig",
        "alternativni_1": "",
        "alternativni_2": ""
    }
}