{
    "title": "Balkanski Spijun",
    "plot": "Beograđanin Ilija Čvorović, koji je par godina proveo u zatvoru na Golom otoku zbog staljinizma, pozvan je na rutinski razgovor u lokalnu policijsku stanicu. Tamo ga je ispitivač rutinski ispituje o njegovom podstanaru, Petru Jakovljeviću, krojaču koji je 20 godina radio u kapitalističkoj državi, u Francuskoj. Nakon par minuta Ilija biva pušten kući, ali toliko ga je uhvatila nervoza i paranoja da je počeo da sumnja u Petra. Čim se vratio kući, počeo je da se žali supruzi Danici, da nikada nije trebalo da mu iznajme stan. Mašta počinje delovati na Iliju i on počinje da umišlja da bi Petar mogao biti terorista, koji želi da ruši državu. Ubrzo, počinje da ga špijunira, na čuđenje Danice koja se više brine za njihovu ćerku Sonju, koja kao diplomirani stomatolog već godinama nema posao. Ilija zove telefonom inspektora državne sigurnosti i počinje da ga izveštava o kretanjima i nekim susretima Petra sa „sumnjivim” ljudima, ali ovaj ga ne shvata ozbiljno. Ubrzo Ilija kupuje fotoaparat sa teleobjektivom i počinje neprestano da špijunira Petra i njegove prijatelje, od toplica pa sve do šetnje u šumi.",
    "thumb": "https:\/\/upload.wikimedia.org\/wikipedia\/sr\/thumb\/2\/27\/Balkanski_spijun.jpg\/250px-Balkanski_spijun.jpg",
    "type": "filmovi",
    "created_at": "2025-06-18 12:04:50",
    "year": 1984,
    "link_groups": {
        "glavni": "https:\/\/www.file-upload.org\/40amlx4r6zpx",
        "alternativni_1": "",
        "alternativni_2": ""
    }
}