{
    "title": "Ovcar",
    "plot": "Ovčar je jugoslavenski igrani film snimljen 1971. godine u režiji Bakira Tanovića. Protagonisti su grupa pastira sa planine koja svoja stada nastoje dovesti na ispašu u dolinama, gdje ih neprijateljski dočekuje tamošnje stanovništvo.",
    "thumb": "https:\/\/m.media-amazon.com\/images\/M\/MV5BMzE4Yzg5ZWEtZmQ2Yy00NDJmLWE4NWUtZjQwOGEwYmFlZWZlXkEyXkFqcGc@._V1_FMjpg_UX1000_.jpg",
    "type": "filmovi",
    "created_at": "2025-09-28 21:43:01",
    "year": 1971,
    "link_groups": {
        "glavni": "https:\/\/www.file-upload.org\/2is9q8zqmfuw",
        "alternativni_1": "",
        "alternativni_2": ""
    }
}