{
    "title": "Narodni Poslanik",
    "plot": "Narodni poslanik je jugoslavenska crno-bijela filmska komedija snimljena 1964. godine u režiji Stoleta Jankovića. Predstavlja adaptaciju istoimene komedije Branislava Nušića. Radnja se događa u provincijskom gradiću Kraljevine Srbije u drugoj polovici 19. vijeka i prikazuje komične zgode vezane uz izbore za tadašnju Narodnu skupštinu.\r\n\r\nIste je godine u produkciji TV Beograd po Nušićevom predlošku emitovana istoimena TV drama.",
    "thumb": "https:\/\/m.media-amazon.com\/images\/M\/MV5BNDNkNTY5ZjEtNWY0MC00Yjc2LWE5NGYtYTRjZmQ2MzU2OTI2XkEyXkFqcGc@._V1_.jpg",
    "type": "filmovi",
    "created_at": "2025-06-13 23:59:49",
    "year": 1964,
    "link_groups": {
        "glavni": "https:\/\/www.file-upload.org\/xxiwrwxldsdb",
        "alternativni_1": "",
        "alternativni_2": ""
    }
}