{
    "title": "Naivko",
    "plot": "Izgradnja brane izaziva razna strujanja kod stanovnika malog sela pod planinom Miroč. Svako od njih želi da na neki način zagrabi što više para za zemlju koju prodaje državi, dok mladi čobanin, Buzga otkriva polako svoj talenat, slikajući na platnu majstora Žileta, kojem su platili da napravi izložbu slika o izgradnji brane. Buzga, kojeg gazda zlostavlja, devojčin otac ne želi ni da čuje za njega, koji ima status seoske budale, iz dana u dan postaje pravi umetnik, naivac. Kada počne da zarađuje od toga, svi seljani počinju da se bave slikanjem. Kad može on, zašto ne bi mogli i oni? Ali njihova dela su bez ikakvog značaja, i na kraju, u svoju slikarsku zadrugu pokušavaju da privuku Buzgu kog su prethodno oterali.",
    "thumb": "https:\/\/upload.wikimedia.org\/wikipedia\/sr\/thumb\/1\/14\/%D0%9D%D0%B0%D0%B8%D0%B2%D0%BA%D0%BE.png\/250px-%D0%9D%D0%B0%D0%B8%D0%B2%D0%BA%D0%BE.png",
    "type": "filmovi",
    "created_at": "2025-06-17 13:18:45",
    "year": 1975,
    "link_groups": {
        "glavni": "https:\/\/www.file-upload.org\/lcsb4ysth53h",
        "alternativni_1": "",
        "alternativni_2": ""
    }
}