{
    "title": "Grajski Biki",
    "plot": "„Tvrđava siledžija” (Grajski biki) je jugoslovenski i slovenački film prvi put prikazan 26. aprila 1967 godine. Režirao ga je Jože Pogačnik a scenario su napisali Marjan Brezovar, Peter Kavalar i Primož Kozak",
    "thumb": "https:\/\/m.media-amazon.com\/images\/M\/MV5BOTkxN2ZhYzctYjY4MC00NWU1LTk4YjktOGVlZDFiZmI3NWE0XkEyXkFqcGc@._V1_.jpg",
    "type": "filmovi",
    "created_at": "2025-09-28 00:21:43",
    "year": 1967,
    "link_groups": {
        "glavni": "https:\/\/www.file-upload.org\/jngauuz2qc2v",
        "alternativni_1": "",
        "alternativni_2": ""
    }
}