{
    "title": "Slobodan Prevod Mizantropa",
    "plot": "U svojoj drami \"Mizantrop\" sam Molijer je dao prototip moralno dosledne i nepopustljive ličnosti koja je samim tim u sukobu sa celim svetom.\r\n\r\nDrama Miroslava Karaulca \"Slobodan prevod mizantropa\" pokušava da dočara lik jednog takvog mizantropa kakav bi mogao izgledati u našim vremenima.",
    "thumb": "https:\/\/www.rts.rs\/upload\/storyBoxImageData\/2019\/06\/26\/26973670\/Slobodan%20prevod%20mizantropa%204.jpg",
    "type": "filmovi",
    "created_at": "2025-07-11 01:19:22",
    "year": 1974,
    "link_groups": {
        "glavni": "https:\/\/www.file-upload.org\/moi9o7wac0ub",
        "alternativni_1": "",
        "alternativni_2": ""
    }
}