{
    "title": "Orkestar Jedne Mladosti",
    "plot": "Orkestar dobrovoljnog vatrogasnog društva iz Kraljeva je za vreme rata 1941. godine, ušao u sastav partizanskog odreda. I u okrutnim ratnim okolnostima dobrovoljci postaju heroji.",
    "thumb": "https:\/\/m.media-amazon.com\/images\/M\/MV5BZDVhMjZjMTUtZmIzOC00ODQ3LWFmNDMtNDMwYmZmNzUzNTA5XkEyXkFqcGc@._V1_FMjpg_UX1000_.jpg",
    "type": "filmovi",
    "created_at": "2025-06-18 12:20:48",
    "year": 1985,
    "link_groups": {
        "glavni": "https:\/\/www.file-upload.org\/hx41g0mqqwdj",
        "alternativni_1": "",
        "alternativni_2": ""
    }
}