{
    "title": "Drug Predsednik Centarfor",
    "plot": "Film prati proslavu sedmogodišnjice seljačke radne zadruge, u provinciji gde se nove ideje teško prihvataju. Kao i aktivnost sveštenika koji želi da restaurira ikonostas, lokalne intrige fotografa, u gradiću u kome stanovnici žele da postanu fudbalski šampioni.",
    "thumb": "https:\/\/m.media-amazon.com\/images\/M\/MV5BMTIxNjMzOWYtYjA5NC00MWM5LThhNmQtYWUwZWE3NGMxYjJjXkEyXkFqcGc@._V1_QL75_UY281_CR4,0,190,281_.jpg",
    "type": "filmovi",
    "created_at": "2025-06-13 16:38:33",
    "year": 1960,
    "link_groups": {
        "glavni": "https:\/\/www.file-upload.org\/r5wznm5th6uz",
        "alternativni_1": "",
        "alternativni_2": ""
    }
}