{
    "title": "Sirota Marija",
    "plot": "Film govori o moleru i bolešljivoj seljančici sa kojom živi u divljem braku. Čitavo selo učestvuje u komičnim peripetijama koje nastaju zbog devojčine prevelike želje da se uda za molera ali to nije lako jer on voli da se provodi, ipak posle mnogo truda želja joj se ostvaruje",
    "thumb": "https:\/\/upload.wikimedia.org\/wikipedia\/sh\/f\/fd\/%D0%A1%D0%B8%D1%80%D0%BE%D1%82%D0%B0_%D0%9C%D0%B0%D1%80%D0%B8%D1%98%D0%B0.jpg",
    "type": "filmovi",
    "created_at": "2025-06-15 18:46:07",
    "year": 1968,
    "link_groups": {
        "glavni": "https:\/\/www.file-upload.org\/hewwr7qe1t67",
        "alternativni_1": "",
        "alternativni_2": ""
    }
}