{
    "title": "Sofka",
    "plot": "Da bi zaustavila materijalnu propast svoje porodice, Sofka, mlada i lepa devojka, potpuno uverena u opravdanost svoje žrtve, pristaje da se proda i bude žena, maloletnog dvanaestogodišnjeg sina bogatog trgovca. Odrastavši u drugom vremenu, i sa potpuno drugačijim shvatanjima, Sofkin muž, se ne slaže sa njenom odlukom, jer ne može ni da shvati, a ni da nađe opravdanje za njen postupak.",
    "thumb": "https:\/\/m.media-amazon.com\/images\/M\/MV5BMzZlMTc3NzctZTM0YS00NjAyLTk2YWQtMDE0NDI4NjQ1MjVjXkEyXkFqcGc@._V1_.jpg",
    "type": "filmovi",
    "created_at": "2025-09-15 13:03:17",
    "year": 1948,
    "link_groups": {
        "glavni": "https:\/\/www.file-upload.org\/fmpuo5mrord3",
        "alternativni_1": "",
        "alternativni_2": ""
    }
}