{
    "title": "Ziva Istina",
    "plot": "Glumica Božidarka neuspešno traži posao, a u čekanju glumačke šanse seća se svog teškog detinjstva ratnog siročeta, odlazi na zabave s prijateljima... Naposletku dolazi i na razgovor kod upravnika pozorišta...",
    "thumb": "https:\/\/m.media-amazon.com\/images\/M\/MV5BZDJjNjdlNGEtMDg2NS00ZTViLWI3Y2MtMTQ4MjdhNjc3MWI0XkEyXkFqcGc@._V1_.jpg",
    "type": "filmovi",
    "created_at": "2025-06-15 20:02:28",
    "year": 1972,
    "link_groups": {
        "glavni": "https:\/\/www.file-upload.org\/otag0ih5a87j",
        "alternativni_1": "",
        "alternativni_2": ""
    }
}