{
    "title": "Kroz Prasume Juzne Amerike",
    "plot": "Gordana, novinarka iz Beograda, vraća se kući sa zadatka koji nije uspela da završi. Na putu sreće Milenu, koja u putujućoj roštilj-prikolici obilazi vašare. Pošto je muž maltretira, Milena odlučuje da pobegne sa Gordanom. Ovo je dirljiva priča o nežnom prijateljstvu izmedju dve žene. Put koji zajedno savlađuju nosi mnoge opasnosti i iskušenja...",
    "thumb": "https:\/\/upload.wikimedia.org\/wikipedia\/sr\/thumb\/1\/19\/%D0%9A%D1%80%D0%BE%D0%B7_%D0%BF%D1%80%D0%B0%D1%88%D1%83%D0%BC%D0%B5_%D0%88%D1%83%D0%B6%D0%BD%D0%B5_%D0%90%D0%BC%D0%B5%D1%80%D0%B8%D0%BA%D0%B5.jpg\/250px-%D0%9A%D1%80%D0%BE%D0%B7_%D0%BF%D1%80%D0%B0%D1%88%D1%83%D0%BC%D0%B5_%D0%88%D1%83%D0%B6%D0%BD%D0%B5_%D0%90%D0%BC%D0%B5%D1%80%D0%B8%D0%BA%D0%B5.jpg",
    "type": "filmovi",
    "created_at": "2025-06-19 00:33:55",
    "year": 1989,
    "link_groups": {
        "glavni": "https:\/\/www.file-upload.org\/54p6w6242dek",
        "alternativni_1": "",
        "alternativni_2": ""
    }
}