{
    "title": "Hranjenik",
    "plot": "Grupa zatvorenika u koncentracionom logoru kuje plan kako da se reši tlačiteljskog kapoa Gustija. Odluče najveći deo svojih dnevnih obroka davati najsnažnijem među njima, kako bi dovoljno ojačao da likvidira nasilnika. Ali, dogodi se neočekivan obrat..",
    "thumb": "https:\/\/encrypted-tbn0.gstatic.com\/images?q=tbn:ANd9GcQYHGn3F3sfPUE80TmYDGrPyi62gJFozFpCVw&s",
    "type": "filmovi",
    "created_at": "2025-09-28 21:21:46",
    "year": 1970,
    "link_groups": {
        "glavni": "https:\/\/www.file-upload.org\/bam0sm2rawuh",
        "alternativni_1": "",
        "alternativni_2": ""
    }
}