{
    "title": "Devojka Sa Tri Oca",
    "plot": "„Devojka sa tri oca“ je jugoslovenska TV drama emitovana 1965. godine u produkciji Radiotelevizije Beograd. Režirao ju je Slavoljub Stefanović-Ravasi, a scenario je pisao Brana Crnčević.",
    "thumb": "https:\/\/m.media-amazon.com\/images\/M\/MV5BNjZjZTJlZjQtZjdkZS00NjkyLWE0YTktODk4YmFkYTBhYjZmXkEyXkFqcGc@._V1_FMjpg_UX1000_.jpg",
    "type": "filmovi",
    "created_at": "2025-09-27 23:47:51",
    "year": 1965,
    "link_groups": {
        "glavni": "https:\/\/www.file-upload.org\/7piy02i5s60g",
        "alternativni_1": "",
        "alternativni_2": ""
    }
}