{
    "title": "Bolji Zivot",
    "plot": "Porodicu Popadić čine otac, majka i troje odrasle dece. Dogodovštine iz njihovog svakodnevnog života punog nesporazuma i komičnih obrta tema su popularne istoimene televizijske serije, dok ovaj film obuhvata jedan njihov segment, kojim je započeo drugi ciklus serije",
    "thumb": "https:\/\/m.media-amazon.com\/images\/M\/MV5BNWUxMWM0NDQtMzY2MC00YWYyLTliYjgtZDgxM2Q1NjdjNDE0XkEyXkFqcGc@._V1_.jpg",
    "type": "filmovi",
    "created_at": "2025-06-19 00:44:31",
    "year": 1989,
    "link_groups": {
        "glavni": "https:\/\/www.file-upload.org\/eeg1o81cyhgu",
        "alternativni_1": "",
        "alternativni_2": ""
    }
}