{
    "title": "Marjuca Ili Smrt",
    "plot": "Priča o petnaestogodišnjaku razapetom između dečijih igara i potrebe za tzv. seksualnom afirmacijom. U blizini njegove kuće u Splitu je javna kuća i dečaci skupljaju novac kako bi bar jedan od njih spavao sa čuvenom prostitutkom Marjučom. Dobitnik je petnaestogodišnjak ali banalna atmosfera same javne kuće i ponašanje same Marjuče učiniće da ne doživi ono za čim je žudeo. Uz to, on ima i svoju tajnu, devojku iz susedstva, mnogo stariju od njega. Svake noći on kroz tanki zid osluškuje njene erotske doživljaje sa italijanskim podoficirom.",
    "thumb": "https:\/\/m.media-amazon.com\/images\/M\/MV5BOTIwYzRkZmYtZDE2OC00NWFhLTkzZDMtY2RkOTQyNGRmNTI2XkEyXkFqcGc@._V1_UX280_CR0,0,280,280_.jpg",
    "type": "filmovi",
    "created_at": "2025-06-18 15:25:59",
    "year": 1987,
    "link_groups": {
        "glavni": "https:\/\/www.file-upload.org\/w7naw508nfn7",
        "alternativni_1": "",
        "alternativni_2": ""
    }
}