{
    "title": "Tri Ane",
    "plot": "Penzionisani železnički radnik Marko Petrić, koji je u ratu izgubio ženu i ćerku, otkriva mogućnost da mu je dete možda ipak preživelo. Nakon sedamnaest godina samoće ova ga vest neizmerno usreći, ali ubrzo uviđa da potraga nije nimalo jednostavna. Postoje barem tri žene koje bi mogle biti njegova ćerka. Svaka od njih se sa svojom prošlošću i traumom nosi na različit način.[4] Susretne se s beogradskom pozorišnom glumicom koja bi mogla biti njegova Ana. Međutim, postoje indicije da bi Zagrepčanka Vera Blažek mogla biti njegova ćerka te se Marko sastane i s njom. Na kraju se pojavi i treća Ana..",
    "thumb": "https:\/\/upload.wikimedia.org\/wikipedia\/sr\/7\/72\/Plakat_za_film_Tri_Ane.jpg",
    "type": "filmovi",
    "created_at": "2025-06-13 16:28:59",
    "year": 1959,
    "link_groups": {
        "glavni": "https:\/\/www.file-upload.org\/qz14d2i3h1co",
        "alternativni_1": "",
        "alternativni_2": ""
    }
}