{
    "title": "Posalji Coveka U Pola Dva",
    "plot": "Organizovana međunarodna grupa kriminalaca pokušava da preko teritorije Jugoslavije služeći se mitom i korupcijom distribuira veliku količinu lažnih funti. Na njihovom tragu je Interpol. Inspektori pokušavaju da razotkriju aktere ove akcije i otkrivaju vođu bande čiji je identitet iznenadio i agente Interpola.",
    "thumb": "https:\/\/m.media-amazon.com\/images\/M\/MV5BOTkyODBkNjUtOWYxMC00MDE2LTk0N2ItMDA5OTk2NzY1OGMzXkEyXkFqcGc@._V1_QL75_UX328_.jpg",
    "type": "filmovi",
    "created_at": "2025-06-15 13:20:52",
    "year": 1967,
    "link_groups": {
        "glavni": "https:\/\/www.file-upload.org\/tprwdnrll3dm",
        "alternativni_1": "",
        "alternativni_2": ""
    }
}