{
    "title": "Andjeo Cuvar",
    "plot": "Istinita priča o savremenoj evropskoj trgovini robljem. Novinar kreće tragom jednog dečaka da bi usput otkrio lice i naličje života jugoslovenskih Roma. Put ga vodi u Italiju gde se nalaze glavni organizatori trgovine decom. I sam dolazi u situaciju da mora da interveniše kako bi dečaka izvukao iz ruku mafije. Po povratku u Cigan-malu, njega stiže osveta pripadnika organizovanog kriminala. Pojedinac je ipak nemoćan da se uspešno suprotstavi podzemlju",
    "thumb": "https:\/\/m.media-amazon.com\/images\/M\/MV5BYTMyZjM4MTgtN2JmYi00NzE0LWI5NzktNjFiNjgzZmI3MTdmXkEyXkFqcGc@._V1_.jpg",
    "type": "filmovi",
    "created_at": "2025-06-18 15:38:12",
    "year": 1987,
    "link_groups": {
        "glavni": "https:\/\/www.file-upload.org\/udwsgj1c3k6s",
        "alternativni_1": "",
        "alternativni_2": ""
    }
}