{
    "title": "Poslednja Oaza",
    "plot": "Kada se u proleće jata ptica vraćaju s dalekog juga, preleću urbane prostore koje stvara čovek, da se nepogrešivo, bez kompasa i geografske karte, nađu izvan domašaja civilizacije.\r\n\r\nOvo je film koji na dokumentarno-umetnički način predstavlja jedan od retkih pejzaža netaknute prirode koji je smešten između Dunava i Drave u Jugoslaviji.",
    "thumb": "https:\/\/m.media-amazon.com\/images\/M\/MV5BYzllYzgzNWItNTdiYy00N2M0LWEzYzAtYTExNmQxNjE5ZmE1XkEyXkFqcGc@._V1_.jpg",
    "type": "filmovi",
    "created_at": "2025-06-18 10:21:58",
    "year": 1983,
    "link_groups": {
        "glavni": "https:\/\/www.file-upload.org\/opwngm5zvmej",
        "alternativni_1": "",
        "alternativni_2": ""
    }
}