{
    "title": "Pavle Pavlovic Mala Prica Mog Zivota",
    "plot": "Mladi radnik Pavle Pavlović, u sredini natopljenoj sitnom korupcijom, zloupotrebom samoupravnih slogana i slomom morala, postaje buntovnik koji će na kraju stradati. Pavle Pavlović metalac, govori otvoreno o problemima svoje fabrike u jednoj televizijskoj seriji. Od uprave dobija stan, a za uzvrat povlači datu izjavu, ali gubi prijateljstvo i poverenje svojih kolega. Život započinje iz početka u drugom preduzeću, kroz rad i požrtvovanost i ponovo stiče drugove . Upadajući iznova u novi niz zapleta u kojima se suočava čak i sa kriminalom oko ilegalnog prebacivanja radnika u inostranstvo, na kraju gubi život",
    "thumb": "https:\/\/m.media-amazon.com\/images\/M\/MV5BYzViZTEwM2QtNjAyYi00OTgwLWI4MDAtM2NmZWQ1ODA2YTQxXkEyXkFqcGc@._V1_.jpg",
    "type": "filmovi",
    "created_at": "2025-06-17 13:17:50",
    "year": 1975,
    "link_groups": {
        "glavni": "https:\/\/www.file-upload.org\/36806uumy5ch",
        "alternativni_1": "",
        "alternativni_2": ""
    }
}