{
    "title": "Lilika",
    "plot": "Jedanaestogodišnja vanbračna kći ratom unesrećene žene, naslućuje da je suvišna u životu poočima i majke. Iz okrutne sredine i pomjerene porodice, sud i porota će za nju naći jedini izlaz u domu za vaspitno zapuštene, koji ona osjeća ne kao svoj novi dom, već kao robiju za djecu.",
    "thumb": "https:\/\/m.media-amazon.com\/images\/M\/MV5BMDlkOTE0YTUtY2Y0Zi00MTNjLWI5ZGYtZjlhZWZkNTY4NzEzXkEyXkFqcGc@._V1_.jpg",
    "type": "filmovi",
    "created_at": "2025-06-15 19:30:47",
    "year": 1970,
    "link_groups": {
        "glavni": "https:\/\/www.file-upload.org\/w5idfdvarqkv",
        "alternativni_1": "",
        "alternativni_2": ""
    }
}