{
    "title": "Izjava",
    "plot": "Izjava je jugoslavenski televizijski film snimljen 1982. godine u režiji Marija Fanellija. Po žanru je drama, a radnja prikazuje zbivanja u jednom od tadašnjih samoupravnih poduzeća.",
    "thumb": "https:\/\/domaceserije.net\/slika-film\/izjava-1982.jpg",
    "type": "filmovi",
    "created_at": "2025-08-29 00:29:28",
    "year": 1982,
    "link_groups": {
        "glavni": "https:\/\/www.file-upload.org\/7p25jjlo2c5k",
        "alternativni_1": "",
        "alternativni_2": ""
    }
}