{
    "title": "Halo Taksi",
    "plot": "Šuger je taksista, inače bivši bokser, koji dane, a neretko i noći provodi za volanom svog zelenog mercedesa. Tako se udaljava od svoje supruge Rajke, sve dok jednog dana ne primeti da je ona to iskoristila na jedan, za njega nemoralan način. U pokušaju da dokaže njenu prevaru, kreće u potragu za tajanstvenim ljubavnikom, za koga se ispostavlja da je šef opasne kriminalne grupe koja se bavi trgovinom ljudima, Bizmark. Počinje velika borba koju Šuger vodi ne samo za svoju mušku čast, već i za poštovanje zakona i reda",
    "thumb": "https:\/\/m.media-amazon.com\/images\/M\/MV5BODNkZTcxMjItNmYyYi00MmYwLTliZGEtYTNhZmU5YTE2NTAzXkEyXkFqcGc@._V1_FMjpg_UX1000_.jpg",
    "type": "filmovi",
    "created_at": "2025-06-18 10:34:40",
    "year": 1983,
    "link_groups": {
        "glavni": "https:\/\/www.file-upload.org\/7i92y3t8heqy",
        "alternativni_1": "",
        "alternativni_2": ""
    }
}