{
    "title": "13 Jul",
    "plot": "Ratni film o ustanku crnogorskog naroda protiv italijanskog okupatora.\r\nPosle kapitulacije Jugoslovenske vojske u aprilu 1941, Kraljevina Italija, iako je prethodno poražena, zauzima Crnu Goru i postavlja svoju marionetsku vladu. Crnogorci nisu zadovoljni nametnutim režimom i na to 13. jula, uz pomoć komunista ustaju protiv Italijanske okupacije.",
    "thumb": "https:\/\/upload.wikimedia.org\/wikipedia\/sh\/b\/b4\/13_jul-1982.jpg",
    "type": "filmovi",
    "created_at": "2025-06-17 21:28:00",
    "year": 1982,
    "link_groups": {
        "glavni": "https:\/\/www.file-upload.org\/bl9rur9zpw62",
        "alternativni_1": "",
        "alternativni_2": ""
    }
}