{
    "title": "Kuca Na Pijesku",
    "plot": "Arheolog se vraća s iskopina u Kataloniji kući u Split, gde nakon određenog vremena izvrši samoubistvo. Njegov prijatelj sudija pronalazi audio kasetu sa snimljenim arheologovim zapisom, pomoću koje pokušava odgonetnuti razloge za samoubistvo",
    "thumb": "https:\/\/m.media-amazon.com\/images\/M\/MV5BYzA2YmFkNDQtMmU0Yy00ODg5LTgyM2YtODllZjkyZDI0ZjhmXkEyXkFqcGc@._V1_FMjpg_UX1000_.jpg",
    "type": "filmovi",
    "created_at": "2025-06-18 12:23:30",
    "year": 1985,
    "link_groups": {
        "glavni": "https:\/\/www.file-upload.org\/4ix120uxz956",
        "alternativni_1": "",
        "alternativni_2": ""
    }
}