{
    "title": "Kraj Rata",
    "plot": "Film Kraj rata svoju radnju zasniva na poslednjim danima Drugog svetskog rata, u ambijentu totalnog haosa i beznađa. U takvom okruženju se razvija priča o zločinu i kazni, i večita tema o gubitku i osveti. Sa svojim, preživelim osmogodišnjim sinom, otac polazi u potragu za ubicama svoje žene, dečakove majke. U potragu za zločincima, otac polazi na osnovu fotografije na kojoj su oni ovekovečili svoje zlodelo. Ubice, jedan po jedan, gube život od ruke osvetnika, a u prvim danima slobode cela priča dostiže svoju kulminaciju.",
    "thumb": "https:\/\/m.media-amazon.com\/images\/M\/MV5BNzM5OGE3ZWMtNjY4YS00NTQyLTljYTktMDM0N2M5OGU3NmZiXkEyXkFqcGc@._V1_.jpg",
    "type": "filmovi",
    "created_at": "2025-06-18 11:57:32",
    "year": 1984,
    "link_groups": {
        "glavni": "https:\/\/www.file-upload.org\/qjap8l4o97xx",
        "alternativni_1": "",
        "alternativni_2": ""
    }
}