{
    "title": "Crvena Zemlja",
    "plot": "Godine 1941, partizani oslobađaju Užice, Čačak i vode bitku za Kraljevo. Nemci u vidu odmazde streljaju 6.000 građana Kraljeva",
    "thumb": "https:\/\/m.media-amazon.com\/images\/M\/MV5BN2NlOTMxNDEtOGY2My00OGFkLWFjNTEtODI2ZGFhY2NlMGM0XkEyXkFqcGc@._V1_.jpg",
    "type": "filmovi",
    "created_at": "2025-06-17 13:22:38",
    "year": 1975,
    "link_groups": {
        "glavni": "https:\/\/www.file-upload.org\/p69apfh1b6y5",
        "alternativni_1": "",
        "alternativni_2": ""
    }
}