{
    "title": "Zene U Zatvoru",
    "plot": "Она је разведена и има кћеркицу о којој се брине њена мајка. Њен приватни живот представља одраз свих проблема и сукоба у крутој малограђанској средини.",
    "thumb": "https:\/\/domomladine.org\/wp-content\/uploads\/2018\/02\/zene-u-zatvoru-film.jpg",
    "type": "filmovi",
    "created_at": "2025-06-18 12:16:18",
    "year": 1985,
    "link_groups": {
        "glavni": "https:\/\/www.file-upload.org\/77ztcgrj6e2r",
        "alternativni_1": "",
        "alternativni_2": ""
    }
}