{
    "title": "Klakson",
    "plot": "Grupa ljudi, otuđenih i umornih od civilizacije beži na vrh planine na odmor. Nepoznati jedni drugima pokušavaju da se zbliže, čeznu za intimnim kontaktom i za malo ljubavi i razumevanja. Uvučeni u svoje ljušture, prepuštaju se svojoj samoći. Poziv civilizacije, opominje ih da je odmor istekao i da treba da se vrate u grad",
    "thumb": "https:\/\/upload.wikimedia.org\/wikipedia\/sr\/c\/c3\/%D0%9A%D0%BB%D0%B0%D0%BA%D1%81%D0%BE%D0%BD_%28%D1%84%D0%B8%D0%BB%D0%BC%29.JPG",
    "type": "filmovi",
    "created_at": "2025-09-27 23:51:27",
    "year": 1965,
    "link_groups": {
        "glavni": "https:\/\/www.file-upload.org\/8qqbvw0lhxsj",
        "alternativni_1": "",
        "alternativni_2": ""
    }
}