{
    "title": "Nikoletina Bursac",
    "plot": "Nikola Bursać je 1941. mobilisan u Vojsku Kraljevine Jugoslavije. Nakon kapitulacije se vraća u rodno selo u Podgrmečje. Kada je prvi put zapucalo u njegovom kraju, zajedno sa ostalim seljacima brani svoje selo. Uskoro u selo dolaze komunisti koji pozivaju seljake da se umjesto odbrane sela organizuju u partizanski odred. Jedan dio sela odlazi u partizane a Nikola i Jovica ostaju da brane selo. Ubrzo se i oni priključuju partizanima, a Nikoletina zbog izrazite hrabrosti postaje komandir Omladinske čete",
    "thumb": "https:\/\/m.media-amazon.com\/images\/M\/MV5BMmY4YjVmNGItYTQ5YS00ZWU1LWI4OGUtNTE0YWI3MmIwNDU0XkEyXkFqcGc@._V1_FMjpg_UX1000_.jpg",
    "type": "filmovi",
    "created_at": "2025-06-13 23:53:39",
    "year": 1964,
    "link_groups": {
        "glavni": "https:\/\/www.file-upload.org\/rp502crx4zc1",
        "alternativni_1": "",
        "alternativni_2": ""
    }
}