{
    "title": "Dobar Vetar Plava Ptico",
    "plot": "Doživljaji mladih pripadnika raznih rasa, pobednika međunarodnog konkursa iz geografije, na plovidbi jedrenjakom „Plava ptica“ po Jadranskom moru. Među dečacima i devojčicama razvija se prijateljstvo, bez obzira na rasnu pripadnost, a kao rezultat takvog prijateljstva su i složne reakcije na sve incidente do kojih za vreme plovidbe dolazi.",
    "thumb": "https:\/\/upload.wikimedia.org\/wikipedia\/sh\/f\/fc\/%D0%A4%D0%B8%D0%BB%D1%8C%D0%BC_%22%D0%9F%D0%BE%D0%BF%D1%83%D1%82%D0%BD%D0%BE%D0%B3%D0%BE_%D0%B2%D0%B5%D1%82%D1%80%D0%B0%2C_%C2%AB%D0%A1%D0%B8%D0%BD%D1%8F%D1%8F_%D0%9F%D1%82%D0%B8%D1%86%D0%B0%C2%BB%21%22.jpg",
    "type": "filmovi",
    "created_at": "2025-09-28 00:15:53",
    "year": 1967,
    "link_groups": {
        "glavni": "https:\/\/www.file-upload.org\/zfin1yzazwnv",
        "alternativni_1": "",
        "alternativni_2": ""
    }
}