{
    "title": "Republika U Plamenu",
    "plot": "2. avgusta 1903, na praznik Ilinden u Makedoniji je buknuo ustanak. To je bio odgovor na vekovno ropstvo i teror kojem je makedonski narod bio izložen vekovima pod Turcima. Ilindenski ustanak je kulminirao stvaranjem Kruševske Republike koja je postojala deset dana i bila prva republika na Balkanu u to vreme. Da bi objasnio svrhu i nameru pobune, Nikola Karev, predsednik Kruševske Republike napisao je manifest Kruševske Republike, koja je sadržala napredne ideje izražene u njoj.",
    "thumb": "https:\/\/m.media-amazon.com\/images\/M\/MV5BNDMzNTkyZjYtNTk0NS00MTdhLThjY2UtMTRiNmE3OTZkOTcxXkEyXkFqcGc@._V1_.jpg",
    "type": "filmovi",
    "created_at": "2025-09-28 21:11:03",
    "year": 1969,
    "link_groups": {
        "glavni": "https:\/\/www.file-upload.org\/oa3v4brk1oae",
        "alternativni_1": "",
        "alternativni_2": ""
    },
    "last_updated": "2025-09-28 21:11:36"
}