{
    "title": "Covjek Koga Treba Ubiti",
    "plot": "Film počinje scenama sa pokopa cara Šćepana Maloga. Sotonin agent baca trozub u Šćepanovo mrtvo tijelo.\r\n\r\nRadnja se zatim vraća par godina unazad, točnije 1762. kada je poslije mirne večeri slušanja opere ubijen ruski car Petar III, u uroti organiziranoj od strane njegove žene carice Katarine.\r\n\r\nPetar je pod svoju zaštitu i pokroviteljstvo stavio Crnu Goru, koja je bila konstantno pod turskim i mletačkim napadima, zbog čega je car bio veoma omiljen u toj zemlji.",
    "thumb": "https:\/\/m.media-amazon.com\/images\/M\/MV5BNDg5ODc0NzItZWZiMS00OWYzLThhN2MtN2ViZTFiNmJhMWI3XkEyXkFqcGc@._V1_.jpg",
    "type": "filmovi",
    "created_at": "2025-06-17 16:02:51",
    "year": 1979,
    "link_groups": {
        "glavni": "https:\/\/www.file-upload.org\/konctkgci1jx",
        "alternativni_1": "",
        "alternativni_2": ""
    }
}