{
    "title": "Izbavitelj",
    "plot": "Siromašni pisac Ivan Gajski zaljubljuje se u Sonju, ćerku profesora Boškovića, ali u isto vreme otkriva da vlast u gradu preuzima posebna vrsta štakora koja ima sposobnost uzimanja ljudske fizionomije. Na čelu štakorske organizacije je tajanstveni Izbavitelj...",
    "thumb": "https:\/\/upload.wikimedia.org\/wikipedia\/sr\/thumb\/1\/11\/Izbavitelj_-_film.JPG\/250px-Izbavitelj_-_film.JPG",
    "type": "filmovi",
    "created_at": "2025-09-28 22:52:49",
    "year": 1976,
    "link_groups": {
        "glavni": "https:\/\/www.file-upload.org\/23jq6l7da5qe",
        "alternativni_1": "",
        "alternativni_2": ""
    }
}