{
    "title": "Ponedeljak Ili Utorak",
    "plot": "Marko Požgaj bavi se pisanjem, piše romane, radi za novine, živi kao podstanar i kasni sa plaćanjem stanarine. Rastavljen je, ima sina i lepu devojku te mnogo vremena provodi kontemplirajući o prošlosti, o budućnosti, o onome kako je moglo biti. Dok proživljava svakodnevicu, kroz misli mu se često provlači otac koji je stradao u ratu, ali i lepi trenuci poput vremena provedenog na kupalištu Sava te reminiscencije iz ranog, bezbrižnog detinjstva. Običan je dan, ponedjeljak ili možda utorak.",
    "thumb": "https:\/\/m.media-amazon.com\/images\/M\/MV5BYzgxYWFjZjEtZWYxYy00ZWM2LWE2ODktYTk1ODIyNGM5NmFjXkEyXkFqcGc@._V1_.jpg",
    "type": "filmovi",
    "created_at": "2025-09-28 00:01:55",
    "year": 1966,
    "link_groups": {
        "glavni": "https:\/\/www.file-upload.org\/6tczgds1mmhp",
        "alternativni_1": "",
        "alternativni_2": ""
    }
}