{
    "title": "Bolje Je Umeti",
    "plot": "Došavši u malo provincijsko mesto na morskoj obali, Mane Karakas pokušava da unese malo vedrine u njegovu učmalu atmosferu. Ne razumevši dobro Karakasa, jedan novinar objavljuje da će se u tom mestu održati festival zabavne muzike. Problem nastaje kada dođu pevači i orkestri a Mane treba da potpiše ugovor tada i otkriva da je žrtva nesporazuma.",
    "thumb": "https:\/\/m.media-amazon.com\/images\/M\/MV5BMmRjMzYwMDQtOWQxNS00YjY5LTk3OTEtYTg0NjliZWI5ZjRlXkEyXkFqcGc@._V1_.jpg",
    "type": "filmovi",
    "created_at": "2025-06-13 16:40:30",
    "year": 1960,
    "link_groups": {
        "glavni": "https:\/\/www.file-upload.org\/9igqfdi8xgsk",
        "alternativni_1": "",
        "alternativni_2": ""
    }
}