{
    "title": "Bombasi",
    "plot": "Bombaši Đoka i Kovač su dobri drugovi, hrabri i vešti ljudi, koji su u ratu imali poseban odnos prema drugima i prema smrti.",
    "thumb": "https:\/\/m.media-amazon.com\/images\/M\/MV5BZWQ4NTcyOTQtNWM4My00YjNiLWIzYzAtNmI3ODhmZjY1MmQ4XkEyXkFqcGc@._V1_FMjpg_UX1000_.jpg",
    "type": "filmovi",
    "created_at": "2025-06-15 20:17:19",
    "year": 1973,
    "link_groups": {
        "glavni": "https:\/\/www.file-upload.org\/hxit476hhiox",
        "alternativni_1": "",
        "alternativni_2": ""
    }
}