{
    "title": "Vrata Ostaju Otvorena",
    "plot": "Glavni lik u filmu je maloletni delinkvent koji beži iz popravnog doma i tražeći utočište odgovara na oglas porodice koja traži unuka nestalog u Drugom svetskom ratu. Njegove planove da ih prevari i opljačka, kvari to što je prvi put u životu dočekan sa ljubavlju i pažnjom, kao i činjenica da se zaljubio u svoju novu \"sestru\"",
    "thumb": "https:\/\/www.rts.rs\/upload\/storyBoxImageData\/2019\/08\/02\/27159315\/Vrata%20ostaju%20otvorena.jpg",
    "type": "filmovi",
    "created_at": "2025-09-22 22:34:24",
    "year": 1959,
    "link_groups": {
        "glavni": "https:\/\/www.file-upload.org\/ctni2cldsjjf",
        "alternativni_1": "",
        "alternativni_2": ""
    }
}