{
    "title": "Aleksandra",
    "plot": "Aleksandra je jugoslovenski televizijski film iz 1970. godine. Režirao ga je Aco Aleksov a scenario je napisao Tome Arsovski.",
    "thumb": "https:\/\/images.mubicdn.net\/images\/film\/349315\/cache-797742-1745500163\/image-w1280.jpg?size=800x",
    "type": "filmovi",
    "created_at": "2025-09-28 21:15:13",
    "year": 1970,
    "link_groups": {
        "glavni": "https:\/\/www.file-upload.org\/693907oo01fu",
        "alternativni_1": "",
        "alternativni_2": ""
    }
}