{
    "title": "Maskarate Ispod Kuplja",
    "plot": "„Maškarate ispod kuplja” je jugoslovenski i hrvatski TV film iz 1970. godine. Režirao ga je Zvonimir Bajsić a scenario je napisan po delu Ive Vojnovića.",
    "thumb": "https:\/\/res.cloudinary.com\/dg86xjjts\/image\/upload\/w_570,h_380,c_fill,f_auto,q_auto\/v1549627877\/cdtgzezcw98ehvjipsf3",
    "type": "filmovi",
    "created_at": "2025-09-28 21:28:45",
    "year": 1970,
    "link_groups": {
        "glavni": "https:\/\/www.file-upload.org\/bk2qzdrda8rk",
        "alternativni_1": "",
        "alternativni_2": ""
    }
}