{
    "title": "Dr.",
    "plot": "U momentu kada je beogradski industrijalac Života Cvijović sanjao o tome da svoga sina Milorada, doktora filozofije, oženi kćerkom ministra transporta, dobija telegram od Miloradovog profesora iz Hajdelberga, koji želi da ga poseti. Nezgoda je u tome što je, u stvari Velimir, siromašan student, kojeg je finansirao Života, studirao pod Miloradovim imenom, i dobio doktorsku diplomu. Posle niza burnih komplikacija očajni otac shvata da nauka ne može da se kupi novcem.",
    "thumb": "https:\/\/m.media-amazon.com\/images\/M\/MV5BM2RkMjU3ZDAtN2Q1ZS00MTNiLWEzZGUtNjNiN2M4NmY3ZDY5XkEyXkFqcGc@._V1_.jpg",
    "type": "filmovi",
    "created_at": "2025-09-26 22:59:26",
    "year": 1962,
    "link_groups": {
        "glavni": "https:\/\/www.file-upload.org\/otljx9hjqapz",
        "alternativni_1": "",
        "alternativni_2": ""
    }
}