{
    "title": "Sjecas Li Se Dolly Bell?",
    "plot": "Radnja filma smeštena je tokom 1960-ih godina u Sarajevu. Omladinski centar odlučuje da osnuje zabavni orkestar kako bi sprečio omladinu da se pridružuje kriminalnim bandama. Jedan od kandidata je Dino, mladić opsednut hipnozom, koju vidi kao način života, pa čak i način da se raširi komunizam. Dinov otac s druge strane, ne gleda na komunizam isto kao i Dino, te se protivi hipnozi i misli kako od nje nema ništa. Takođe često dolazi kući naveče pijan, nakon čega saziva porodične sastanke.",
    "thumb": "https:\/\/upload.wikimedia.org\/wikipedia\/sr\/thumb\/5\/5b\/%D0%A1%D1%98%D0%B5%D1%9B%D0%B0%D1%88_%D0%BB%D0%B8_%D1%81%D0%B5_%D0%94%D0%BE%D0%BB%D0%B8_%D0%91%D0%B5%D0%BB.jpg\/250px-%D0%A1%D1%98%D0%B5%D1%9B%D0%B0%D1%88_%D0%BB%D0%B8_%D1%81%D0%B5_%D0%94%D0%BE%D0%BB%D0%B8_%D0%91%D0%B5%D0%BB.jpg",
    "type": "filmovi",
    "created_at": "2025-06-17 17:03:36",
    "year": 1981,
    "link_groups": {
        "glavni": "https:\/\/www.file-upload.org\/wvxhbnclq8vk",
        "alternativni_1": "",
        "alternativni_2": ""
    }
}