{
    "title": "Burleska O Grku",
    "plot": "Burleska o Grku je jugoslovenska TV drama u produkciji Radiotelevizije Beograd emitovana 1968. godine. Režirao ju je Slavoljub Stefanović-Ravasi, prema predlošku slovenačkog pisca Andreja Hienga.",
    "thumb": "https:\/\/operatheatremadlenianum.com\/sites\/default\/files\/burleska-o-grku.jpg",
    "type": "filmovi",
    "created_at": "2025-09-28 13:51:51",
    "year": 1968,
    "link_groups": {
        "glavni": "https:\/\/www.file-upload.org\/1pqa1ppnrukg",
        "alternativni_1": "",
        "alternativni_2": ""
    }
}