{
    "title": "Veliki Transport",
    "plot": "Istiniti događaji iz Drugog svetskog rata kada je Glavni štab narodnooslobodilačke vojske Vojvodine odlučio da iscrpljenim brigadama u Bosni uputi pojačanje od preko hiljadu mladića i devojaka, dobrovoljaca, a sa njima hranu, odeću i sanitetski materijal. Tada, u proleće 1943. godine, širokom vojvođanskom ravnicom, kroz obruče i zasede, preko reka i pruga, na put dug trista kilometara, krenula je nepregledna kolona nazvana „veliki transport“.",
    "thumb": "https:\/\/kombank.s3.amazonaws.com\/956c932807636.jpg",
    "type": "filmovi",
    "created_at": "2025-06-18 10:24:59",
    "year": 1983,
    "link_groups": {
        "glavni": "https:\/\/www.file-upload.org\/wgq7x1zt1f16",
        "alternativni_1": "",
        "alternativni_2": ""
    }
}