{
    "title": "Sasa",
    "plot": "Radnja filma se odigrava za vreme Drugog svetskog rata. Nemci i njihovi saradnici terorišu okupiranu oblast, ali skoro svake noći po jedan od njih biva ubijen. Na svakom ubijenom nalazi se redni broj i potpis „Saša“. Neprijatelj ubija skrivenog ranjenog partizanskog borca verujući da će tako eliminisati „Sašu“. Međutim, tajanstvena ubistva neprijateljskih vojnika se nastavljaju. Grupa omladinaca u želji da se priključi partizanima, dolazi na sastanak sa nepoznatim „Sašom“. U pitanju su tri dečaka, sa kojima je tajna omladinska organizacija u školi imala teškoće. Ispostavlja se da su upravo oni, bez ičijeg znanja, negovali ranjenog partizanskog borca i vršila osvetnički posao ostavljajući potpis „Saša“.",
    "thumb": "https:\/\/m.media-amazon.com\/images\/M\/MV5BODk5NzFjZGYtMDJkYy00OWRjLTg5NTQtM2Y5NzI2ZTBhMDMwXkEyXkFqcGc@._V1_QL75_UY281_CR6,0,190,281_.jpg",
    "type": "filmovi",
    "created_at": "2025-06-13 17:07:51",
    "year": 1962,
    "link_groups": {
        "glavni": "https:\/\/www.file-upload.org\/2srlgnbyg6wd",
        "alternativni_1": "",
        "alternativni_2": ""
    }
}