{
    "title": "Majstori, Majstori",
    "plot": "Film prati dešavanja i zamršene odnose u jednoj osnovnoj školi u Beogradu, a naizgled centralni događaj predstavlja svečani ispraćaj u penziju, dugogodišnje čistačice Keve.\r\n\r\nNa dan odlaska čistačice u penziju u školu dolazi inspektor kako bi istražio prijavu protiv zamenika direktora škole. Iako zamišljena kao prilika za opuštanje, oproštajna zabava kreće sasvim drugim smerom... Odlazak čistačice predstavlja idealnu priliku za još jednu zabavu, naravno, o državnom trošku. Dok se veselje priprema, ambiciozni inspektor otkriva kako je škola, spolja sjajna, a iznutra vlada netrpeljivost. Čistačica, uređena i našminkana i mladi inspektor, nošen žarom istrage, dospevaju na isto mesto - banket, koji će da postane sve osim \"dostojanstvenog oproštaja\"",
    "thumb": "https:\/\/upload.wikimedia.org\/wikipedia\/sr\/thumb\/0\/07\/Majstori_majstori.jpg\/960px-Majstori_majstori.jpg",
    "type": "filmovi",
    "created_at": "2025-06-17 16:19:10",
    "year": 1980,
    "link_groups": {
        "glavni": "https:\/\/www.file-upload.org\/p35g9ollmtan",
        "alternativni_1": "",
        "alternativni_2": ""
    }
}