{
    "title": "Boj Na Kosovu",
    "plot": "Srpski knez Lazar Hrebeljanović 1389. godine odbija da se pokori turskom sultanu Muratu, koji sa velikom vojskom nadire prema Srbiji, da bi preko nje nastavio da osvaja Evropu. Iako svestan da je slabiji, bez dovoljno opremljene vojske, knez Lazar odlučuje da mu se suprotstavi. Srpski velikaši su nejedinstveni. Većina je za borbu makar i po cenu poraza, ali se neki kolebaju. Sve što je za oružje sposobno upućuje se na Kosovo. Bitka na Kosovu, 1389. godine završena je bez pobednika — obe su vojske iskrvarile i posustale. Ginu i Lazar i Murat. Ali ipak, boj na Kosovu je dobijen — ne za srpsku državu koja je uskoro pala u turske ruke — već za Evropu, koju je telima svojih junaka spasila od prvog i najjačeg naleta turske najezde",
    "thumb": "https:\/\/m.media-amazon.com\/images\/M\/MV5BODZmZWRiNTgtMWJmNS00MTRhLWI2MjktZjQxYzNmYmQwOWU0XkEyXkFqcGc@._V1_.jpg",
    "type": "filmovi",
    "created_at": "2025-06-19 00:45:54",
    "year": 1989,
    "link_groups": {
        "glavni": "https:\/\/www.file-upload.org\/cl8vzqoesrza",
        "alternativni_1": "",
        "alternativni_2": ""
    }
}