{
    "title": "Vetar Je Stao Pred Zoru",
    "plot": "Radnja se događa u okupiranom Beogradu za vreme Drugog svetskog rata. Članovima iz Jasnine grupe je sumnjivo njeno neočekivano otpuštanje iz okupatorske Specijalne policije pa počinju da je izbegavaju. Jasna saznaje i saopštava članovima grupe da su izdani ali time im postaje još sumnjivija. U akciji koja uspeva zahvaljujući angažovanju Jasne njeni drugovi se uveravaju u njenu odanost.",
    "thumb": "https:\/\/upload.wikimedia.org\/wikipedia\/sh\/thumb\/a\/a7\/Vetar_je_stao_pred_zoru.jpg\/250px-Vetar_je_stao_pred_zoru.jpg",
    "type": "filmovi",
    "created_at": "2025-06-13 16:28:13",
    "year": 1959,
    "link_groups": {
        "glavni": "https:\/\/www.file-upload.org\/qy4t2gnivip4",
        "alternativni_1": "",
        "alternativni_2": ""
    }
}