{
    "title": "Zagrebulje",
    "plot": "„Zagrebulje” je jugoslovenski TV film iz 1970. godine koji je režirao Danijel Marušić.",
    "thumb": "https:\/\/m.media-amazon.com\/images\/M\/MV5BMmY3Mjc5NjAtYjM2Zi00ZTZkLWI0ZTktOGNhNzczNGNkYzlhXkEyXkFqcGc@._V1_.jpg",
    "type": "filmovi",
    "created_at": "2025-06-15 19:26:08",
    "year": 1970,
    "link_groups": {
        "glavni": "https:\/\/www.file-upload.org\/6pwi7mm20f8o",
        "alternativni_1": "",
        "alternativni_2": ""
    }
}