{
    "title": "Operacija",
    "plot": "Hirurg Jakov Kovačević, izmoren kako obavezama na poslu tako i svakodnevnim partijskim sastancima, saznaje od svog pacijenta (koji mu je ujedno i komšija) koji je na samrti ko je pre 30 godina ubio njegovog dedu i da je ubica i danas živ. Reč je o Radašu Miliću, pripadniku četničke crne trojke koji danas živi mirno sa decom i unucima. To u Jakovu budi bes koji mu vraća sećanje na tu kobnu noć. Zaplet počinje kad Radaša dovoze u bolnicu jer mu je potrebna hitna operacija koju mora da obavi baš Jakov.",
    "thumb": "https:\/\/mojtv.hr\/thumb.ashx?path=\/images\/bef04f99-f83a-4252-9822-3870d2fcdd81.jpg&w=360&h=180",
    "type": "filmovi",
    "created_at": "2025-06-17 14:11:31",
    "year": 1977,
    "link_groups": {
        "glavni": "https:\/\/www.file-upload.org\/koo88y1cgnd2",
        "alternativni_1": "",
        "alternativni_2": ""
    }
}