{
    "title": "Tko Pjeva, Zlo Ne Misli",
    "plot": "Početkom druge polovine tridesetih godina dvadesetog veka u Zagrebu , mlada i privlačna gospođa Ana Šafranek oseća da vene u braku sa svojim mnogo starijim mužem Franjom. Prilikom izleta u Samobor, svidi joj se elegantni gospodin Fulir, koji joj uskoro dolazi u posetu i izjavi joj ljubav. Istovremeno, u Fulira se zagledala Anina starija sestra Mina, neugledna usedelica. Franjo se doseti da bilo zgodno oženiti Fulira za Minu, što se nimalo ne svidi Ani. Svedok tih ljubavno-porodičnih peripetija je mali Perica, sin Šafranekovih",
    "thumb": "https:\/\/m.media-amazon.com\/images\/M\/MV5BMWI2NmVjNDEtNWJhOC00ZjcxLWI5MzQtMTQxOGEzZGIyMDQ1XkEyXkFqcGc@._V1_.jpg",
    "type": "filmovi",
    "created_at": "2025-06-15 19:27:08",
    "year": 1970,
    "link_groups": {
        "glavni": "https:\/\/www.file-upload.org\/1dznfm4axvfb",
        "alternativni_1": "",
        "alternativni_2": ""
    }
}