{
    "title": "Slucaj Harms",
    "plot": "Ovo je priča o piscu Danilu Ivanoviču Harmsu koji je bio progonjen od sovjetske vlasti. Opisujući u svojim knjigama neobične slučajeve i događaje i sam postane deo njih, od organa državne bezbednosti",
    "thumb": "https:\/\/upload.wikimedia.org\/wikipedia\/sh\/thumb\/8\/81\/Slucaj_Harms.jpeg\/640px-Slucaj_Harms.jpeg",
    "type": "filmovi",
    "created_at": "2025-06-18 15:17:28",
    "year": 1987,
    "link_groups": {
        "glavni": "https:\/\/www.file-upload.org\/zpjpe1h31309",
        "alternativni_1": "",
        "alternativni_2": ""
    }
}