{
    "title": "Dvije Polovine Srca",
    "plot": "U jednoj od betonskih višespratnica živi porodica Krunić. Porodična idila traje do trenutka kad otac, bežeći od svakodnevnice i obaveza, nalazi utočište u zagrljaju mlade koleginice. Dečak Mak slučajno otkrije uzroke očevog izostajanja iz kuće i on proživljava sve promene među roditeljima i sva njegova nastojanja da mu roditelji ostanu zajedno padaju u vodu. I otac i majka žele dečaka za sebe sve do epiloga pred sudom. Tad Mak užasnut shvati da ga se roditelji žele rešiti i beži iz sudnice",
    "thumb": "https:\/\/m.media-amazon.com\/images\/M\/MV5BYWIxMDgyZjYtMTMwMC00YWZlLWFkMGUtMGRkZmU1NzI1NTg3XkEyXkFqcGc@._V1_FMjpg_UX1000_.jpg",
    "type": "filmovi",
    "created_at": "2025-06-17 21:44:37",
    "year": 1982,
    "link_groups": {
        "glavni": "https:\/\/www.file-upload.org\/y2xpoax67op5",
        "alternativni_1": "",
        "alternativni_2": ""
    }
}