{
    "title": "Put Na Jug",
    "plot": "Tridesetogodišnjak se vraća iz Južne Amerike u rodno selo, u planinama Jugoslavije, kako bi našao devojku kojom će se oženiti i povesti je sa sobom. Odluči se za najmlađu ćerku Hanu samohrane Jevrejke. Haninom bratu se to nimalo ne sviđa. Međutim na putu za Južnu Ameriku otkrivena je obmana. Sedam siromašnih devojaka među kojima je navodno i buduća žena, zatvoreno je u potpalublju broda. Poveo ih je sve obećavajući im bogatu udaju, a zapravo planira da ih zaposli u javnoj kući u Buenos Ajresu, gde bi devojke, morale da budu njemu prepuštene na milost i nemilost, jer ne znaju jezik.",
    "thumb": "https:\/\/static.kupindoslike.com\/Put-na-Jug_slika_O_28233055.jpg",
    "type": "filmovi",
    "created_at": "2025-06-18 15:54:13",
    "year": 1988,
    "link_groups": {
        "glavni": "https:\/\/www.file-upload.org\/2j5nid9m1dy1",
        "alternativni_1": "",
        "alternativni_2": ""
    }
}