{
    "title": "Gorki Deo Reke",
    "plot": "Trudeći se da odagna dečaka koji neprekidno dolazi u blizinu njegove kolibe na reci, Major upoznaje njegovu majku. Oni nose duboke tragove nenaklonjene prošlosti i neće im biti lako da uspostave međusobni kontakt, iako su svesni da im je zajednički napor potreban za budućnost i opstanak.",
    "thumb": "https:\/\/m.media-amazon.com\/images\/M\/MV5BNmVlZDM5OWEtNTUxMC00NjZlLTg2NzMtNWFjZDA2YjQ4MmJlXkEyXkFqcGc@._V1_FMjpg_UX1000_.jpg",
    "type": "filmovi",
    "created_at": "2025-09-27 23:50:42",
    "year": 1965,
    "link_groups": {
        "glavni": "https:\/\/www.file-upload.org\/r9135m0z0dtg",
        "alternativni_1": "",
        "alternativni_2": ""
    }
}