{
    "title": "Oxigen",
    "plot": "Omladina usamljenog ostrva pokušava da smeni Vlast koja želi da ih spoji sa velikim Kontinentom. Novinar i njegova žena pomažu Omladini koja pobeđuje na presudnom Kongresu , što njegova žena plati glavom. Lepa špijunka pokušava da pridobije novinara za Vlast,ali se između njih rađa ljubav. Zbog izneveravanja ideja Kontinenta špijunka strada a Omladina ostrva od naivne prošlosti hipijevskih manifestacija i prerasta u otvorenu borbu.",
    "thumb": "https:\/\/m.media-amazon.com\/images\/M\/MV5BNTdiYjJkMjYtNjU4OC00ZDNmLWJlOWQtMzUxMzc4MTE5MmQ2XkEyXkFqcGc@._V1_.jpg",
    "type": "filmovi",
    "created_at": "2025-09-28 21:29:46",
    "year": 1970,
    "link_groups": {
        "glavni": "https:\/\/www.file-upload.org\/mqrrl7y06lkg",
        "alternativni_1": "",
        "alternativni_2": ""
    }
}