{
    "title": "Osvajanje Slobode",
    "plot": "Osvajanje slobode je jugoslovenski igrani film snimljen 1979. godine koji je režirao Zdravko Šotra a scenario napisao Gordan Mihić. Po žanru je drama, a radnja je smeštena u srpski gradić neposredno posle završetka Drugog svetskog rata. Protagonista je bivši partizan koji se suočava sa brojnim iskušenjima tokom nastojanja da u razorenoj i ideološkim sukobima još uvek opterećenoj sredini pokuša izgraditi novo socijalističko društvo.",
    "thumb": "https:\/\/upload.wikimedia.org\/wikipedia\/sh\/d\/db\/Osvajanje_slobode.jpg",
    "type": "filmovi",
    "created_at": "2025-06-17 15:56:00",
    "year": 1979,
    "link_groups": {
        "glavni": "https:\/\/www.file-upload.org\/by1r638975ky",
        "alternativni_1": "",
        "alternativni_2": ""
    }
}