{
    "title": "Vreme Konja",
    "plot": "„Vreme konja” je jugoslovenski TV film iz 1972. godine. Režirao ga je Slobodan Novaković koji je napisao i scenario.",
    "thumb": "https:\/\/m.media-amazon.com\/images\/M\/MV5BNzhlODIyMWQtNzM0MC00YzE2LTk5NWItZWE1MDNjZjg4ZmI2XkEyXkFqcGc@._V1_.jpg",
    "type": "filmovi",
    "created_at": "2026-02-03 18:12:15",
    "year": 1972,
    "link_groups": {
        "glavni": "https:\/\/www.mp4upload.com\/qn664nzs0eg4",
        "alternativni_1": "",
        "alternativni_2": ""
    }
}