{
    "title": "Kokosari",
    "plot": "Kokošari je jugoslavenska crno-bijela TV drama u produkciji RTV Zagreb i režiji Marija Fanellija, emitrirana 1968. godine. Scenario je napisao Ivo Štivičić, koji je radnju smjestio na kraj Drugog svjetskog rata. Protagonisti, koje tumače Ivo Serdar i Dragan Milivojević, su dvojica pripadnika Hrvatskog domobranstva koja nastoje rat provesti što dalje od borbe, te se u dubokoj pozadini bave sitnim kriminalom za račun svog pretpostavljenog (koga tumači Fabijan Šovagović). Radnja prikazuje kako dobiju zadatak sprovesti uhićenog partizanskog obavještajca (koga glumi Pavle Bogdanović), pri čemu se pred njih postavljaju brojne moralne i druge dileme. TV-drama, prema riječima samog Štivičića, nije prikazana u integralnom obliku, s obzirom da je tadašnja cenzura isjekla danas izgubljenu scenu u kojoj protagonistima ustaški časnik (koga glumi Jovan Ličina) govori o \"krahu svih hrvatskih iluzija\".",
    "thumb": "https:\/\/m.media-amazon.com\/images\/M\/MV5BYzg2ZjYzMGQtZDZiZC00ZWEyLWFiOGMtNmJlZGZlZmU1Y2ZkXkEyXkFqcGc@._V1_FMjpg_UX1000_.jpg",
    "type": "filmovi",
    "created_at": "2025-09-28 14:08:05",
    "year": 1968,
    "link_groups": {
        "glavni": "https:\/\/www.file-upload.org\/fkzo62lxo2g8",
        "alternativni_1": "",
        "alternativni_2": ""
    }
}