{
    "title": "Operacija Beograd",
    "plot": "Za vreme Drugog svetskog rata septembra 1943. godine iznad okupirane Jugoslavije je oboren američki avion u kojem se nalazio visoki sovjetski oficir za vezu koji je leteo na sastanak Velike trojke u Teherannu. Teško ranjen sovjetski oficir prebačen je u bolnicu u Beogradu gde će nakon medicinskog tretmana biti podvrgnut ispitivanju od strane Gestapoa. Beogradski ilegalci dobili su zadatak da oslobode sovjetskog oficira i da ga prebace na slobodnu teritoriju. Grupa aktivista, radnika beogradske fabrike šećera i železničke stanice, upušta se u neravnopravnu borbu s okupatorom. Ali, nepredviđene teškoće dovode ih, uprkos hrabrosti i upornosti, u tešku moralnu dilemu: činiti krajnje napore i žrtve da bi se jedan čovek spasao ili žrtvovati njega kako bi se spasli mnogobrojni drugi životi.",
    "thumb": "https:\/\/m.media-amazon.com\/images\/M\/MV5BY2FmMDdhYjQtMmQ1Zi00NTMzLTg4YjctOGI1ZTBmM2VlNjM4XkEyXkFqcGc@._V1_.jpg",
    "type": "filmovi",
    "created_at": "2025-06-15 18:49:44",
    "year": 1968,
    "link_groups": {
        "glavni": "https:\/\/www.file-upload.org\/7d1k1vlwn2hr",
        "alternativni_1": "",
        "alternativni_2": ""
    }
}