{
    "title": "Dvoboj Za Juznu Prugu",
    "plot": "U oktobru 1941. partizani iz južne Srbije i Makedonije su dobili direktnu poruku od Glavnog Štaba partizanskih jedinica Jugoslavije: Pazite na komunikacije, a naročito na glavnu prugu: Niš-Skoplje-Solun, kao i na prugu: Niš-Pirot-Sofija. Ove pruge po svaku cenu moraju da budu sve vreme onesposobljene - Tito. Ovo je bio početak dugotrajnog i iscrpljujućeg dvoboja za moravsku i nišku prugu - glavne Hitlerove putne arterije za snabdevanje trupa na Mediteranu i istočnom frontu. Protiv Nemaca, Bugara i domaćih izdajnika se podigao u borbu narod južne Srbije napadajući okupatore sa slobodnih teritorija i iz neprijateljske pozadine.",
    "thumb": "https:\/\/upload.wikimedia.org\/wikipedia\/sh\/4\/48\/Dvoboj_za_juznu_prugu.jpg",
    "type": "filmovi",
    "created_at": "2025-06-17 15:49:51",
    "year": 1978,
    "link_groups": {
        "glavni": "https:\/\/www.file-upload.org\/84n8hqfxvbq0",
        "alternativni_1": "",
        "alternativni_2": ""
    }
}