{
    "title": "SB Zatbara Krug",
    "plot": "Akcija špijunskog centra iz inostranstva čiji je cilj diverzija na objekat od velikog značaja za jugoslovensku privredu. Služba bezbednosti posle mnogo napora uspeva da spreči ovaj pokušaj.",
    "thumb": "https:\/\/upload.wikimedia.org\/wikipedia\/sh\/f\/f0\/SB_zatvara_krug.jpg",
    "type": "filmovi",
    "created_at": "2025-09-30 01:42:25",
    "year": 1974,
    "link_groups": {
        "glavni": "https:\/\/www.file-upload.org\/zyskjljikv36",
        "alternativni_1": "",
        "alternativni_2": ""
    }
}