{
    "title": "Zaljubljeni",
    "plot": "Novinarka poslom dolazi u Jugoslaviju i odlazi da vidi majku koja se nada da će joj se kćerka ipak jednoga dana vratiti. Usput sreće Nemca koji ide tragom svoga oca, nekadašnjeg vojnika Rajha koji je ratovao na jugoslovenskim prostorima. Mladić pripada generaciji Nemaca koja postavlja pitanja šta su im roditelji radili u ratu. Njih dvoje se zaljubljuju jedno u drugo i žele da ostvare stabilnu vezu.",
    "thumb": "https:\/\/mojtv.hr\/images\/5555a90a-8fbe-4828-abc1-e531d827c504.jpg",
    "type": "filmovi",
    "created_at": "2025-06-18 15:10:33",
    "year": 1987,
    "link_groups": {
        "glavni": "https:\/\/www.file-upload.org\/ni62rl8is41w",
        "alternativni_1": "",
        "alternativni_2": ""
    }
}