{
    "title": "Bombaski Proces I",
    "plot": "„Bombaški proces” je jugoslovenski TV film iz 1978. godine. Režirao ga je Branko Ivanda, a scenario je napisao Milan Mirić\r\n\r\nFilm se sastoji iz dva dela. Prvi deo se bavi revolucionarnom aktivnošću u Zagrebu, tokom 1927. i 1928. godine, kao i Brozovim učešćem u tim događajima, dok se drugi deo bavi samim Bombaškim procesom.",
    "thumb": "https:\/\/media.themoviedb.org\/t\/p\/w500\/gcCUnN6ojG1a9IR4isRoKHBzMK6.jpg",
    "type": "filmovi",
    "created_at": "2025-06-17 15:21:26",
    "year": 1978,
    "link_groups": {
        "glavni": "https:\/\/www.file-upload.org\/3hyhljj979ga",
        "alternativni_1": "",
        "alternativni_2": ""
    }
}