{
    "title": "Pustolov Pred Vratima",
    "plot": "Mlada Agneza leči se od psihičkog poremećaja u bolnici, ne razlikujući san od jave. Ona dobija ljubavna pisma od potpunog neznanca, za kojeg ona misli da može biti ljubav njenog života, a njen suprug tim pismima ne pridaje veliki značaj. Suprugov rođak Agnezi izjavljuje ljubav, pa ona pomisli da je možda on autor pisama koje joj stižu, međutim to se ne ispostavi tačno.",
    "thumb": "https:\/\/upload.wikimedia.org\/wikipedia\/sr\/d\/d9\/Pustolov_pred_vratima.jpeg",
    "type": "filmovi",
    "created_at": "2025-09-26 22:52:57",
    "year": 1961,
    "link_groups": {
        "glavni": "https:\/\/www.file-upload.org\/4y1alhjv7u72",
        "alternativni_1": "",
        "alternativni_2": ""
    }
}