{
    "title": "Nevjera",
    "plot": "Ivo živi u uverenju da mu je majka Jela udovica, i ne sluti da je on vanbračni sin, a da je Niko, njegov otac, napustio Jelu i otišao u Ameriku da se obogati. Kada se Niko nakon dugog vremena vratio u domovinu, njemu se dopadne mlada Ane, devojka u koju je Ivo zaljubljen. Jela zaklinje Niku da se venčaju i tako osiguraju Ivi budućnost. Ivo, zbog Ane želi ubiti Nika, ali ga Jela u tome preduhitri.",
    "thumb": "https:\/\/m.media-amazon.com\/images\/M\/MV5BOTk1OWY1ZjctYzkxMi00OGMxLTgzNjYtZTU2MDM3Yzg4MjgwXkEyXkFqcGc@._V1_.jpg",
    "type": "filmovi",
    "created_at": "2025-06-13 01:04:38",
    "year": 1953,
    "link_groups": {
        "glavni": "https:\/\/www.file-upload.org\/qaf0lriape4n",
        "alternativni_1": "",
        "alternativni_2": ""
    }
}