{
    "title": "Samo Ljudi",
    "plot": "Predrag Bojanić, inženjer na gradnji hidroelektrane, ratni je invalid bez noge, upoznaje u sanatoriju za očne bolesti Ljubicu Romić, devojku koja je u ratu izgubila vid. Primarijus Vrančić predlaže Bubi da se pre operacije koja bi joj mogla vratiti vid odmori u obližnjem pansionu u kojem stanuju Bojkan i njegov prijatelj dr. Žarko Mitrović, Vrančićev pomoćnik. Domaćica pansiona, teta Ema, u početku teško prihvata Bubu, jer je ljubomorna na gošće u pansionu, ali se postepeno s njom zbližava. Buba i Bojkan provode sve više vremena zajedno, zabavljaju se skijanjem, a na kraju se i zaljubljuju. Ona ne zna za njegovu manu. U pansion dolazi Lela, Mirkovićeva prijateljica, i svojoj nesmotrenošću izazove nervozu i Eminu ljubomoru, a zategnutost situacije pojačavaju činjenica da se termin operacije bliži kao i to što se Bojkan oseća nelagodno zbog prikrivanja invalidnosti.",
    "thumb": "https:\/\/upload.wikimedia.org\/wikipedia\/sr\/thumb\/e\/e9\/%D0%A1%D0%B0%D0%BC%D0%BE_%D1%99%D1%83%D0%B4%D0%B8.png\/250px-%D0%A1%D0%B0%D0%BC%D0%BE_%D1%99%D1%83%D0%B4%D0%B8.png",
    "type": "filmovi",
    "created_at": "2025-06-13 16:14:44",
    "year": 1957,
    "link_groups": {
        "glavni": "https:\/\/www.file-upload.org\/m3dzauhq0hzb",
        "alternativni_1": "",
        "alternativni_2": ""
    }
}