{
    "title": "Vojnik",
    "plot": "Film govori o dečaku koji se zove Jovan. On ima 11 godina i živi na očevom imanju u jugozapadnoj Jugoslaviji. On voli da se igra igre u kojoj, kao i mnogi njegovi vršnjaci, igra se vojnika, što i želi da postane. Usled Drugog svetskog rata, ta igra u vremenu u kojem se film dešava „ima posebno značenje",
    "thumb": "https:\/\/upload.wikimedia.org\/wikipedia\/sh\/3\/32\/Vojnik_%281966%29.jpg",
    "type": "filmovi",
    "created_at": "2025-06-15 12:57:35",
    "year": 1966,
    "link_groups": {
        "glavni": "https:\/\/www.file-upload.org\/r61oqdi909w1",
        "alternativni_1": "",
        "alternativni_2": ""
    }
}