{
    "title": "Seljacka Buna 1573",
    "plot": "Seljačka buna izbija 1573. godine. Padaju zamkovi jedan za drugim, pobede se nižu a plemstvo je u panici. Ali kad se u redove pobunjenika uvuče sumnja i anarhija, poraz je neizbežan. Vođa bune je Matija Gubec, ali je uhvaćen i doveden u Zagreb, tu je pogubljen stavljanjem na usijani presto sa usijanom krunom na glavi",
    "thumb": "https:\/\/encrypted-tbn0.gstatic.com\/images?q=tbn:ANd9GcRiVFCNCCpml5hV2V9HoxBq-w_UEQIHtmW9OA&s",
    "type": "filmovi",
    "created_at": "2025-06-17 13:14:36",
    "year": 1975,
    "link_groups": {
        "glavni": "https:\/\/www.file-upload.org\/ktih7jon904d",
        "alternativni_1": "",
        "alternativni_2": ""
    }
}