{
    "title": "Crveni Cvet",
    "plot": "Grupa jugoslovenskih oficira kraljevske vojske, koji su zarobljeni na samom početku rata odbija da sarađuje sa Nemcima, i time iskupi svoju slobodu. Ovim činom oni dokazuju svoju privrženost i lojalnost Narodnooslobodilačkoj vojsci.",
    "thumb": "https:\/\/m.media-amazon.com\/images\/M\/MV5BNmMwNjhkYjItZTRmMC00ZGUzLTliZjAtZDE0OTYzOTkxMzZiXkEyXkFqcGc@._V1_.jpg",
    "type": "filmovi",
    "created_at": "2025-09-15 13:08:30",
    "year": 1950,
    "link_groups": {
        "glavni": "https:\/\/www.file-upload.org\/fjb1eih07tst",
        "alternativni_1": "",
        "alternativni_2": ""
    }
}