{
    "title": "Sablazan",
    "plot": "Bliži se kraj rata. Neiskusni, golobradi mladić dobija zadatak da čuva uhapšenu esesovku, sekretaricu i ljubavnicu nemačkog majora. Jednog dana, usred ljubavne igre mladića i esesovke, u zatvor ulazi komesar. Mladić ga udari i beži sa zatvorenicom. Započinje potera koju vode njegovi drugovi. Njih dvoje, poput progonjenih zveri, beže prema reci gde ih čeka spas.",
    "thumb": "https:\/\/upload.wikimedia.org\/wikipedia\/sr\/3\/39\/%D0%A1%D0%B0%D0%B1%D0%BB%D0%B0%D0%B7%D0%B0%D0%BD.jpg",
    "type": "filmovi",
    "created_at": "2025-06-17 21:36:48",
    "year": 1982,
    "link_groups": {
        "glavni": "https:\/\/www.file-upload.org\/hvc14vq8ied9",
        "alternativni_1": "",
        "alternativni_2": ""
    }
}