{
    "title": "Eva",
    "plot": "Eva je jugoslovenski film iz 1983. godine. Režirao ga je Franci Slak a scenario je napisala Ana Rajh.",
    "thumb": "https:\/\/m.media-amazon.com\/images\/M\/MV5BMzhlNmE2NDItMWM1NS00ZmFmLWI5YzctMTcwMDE2MjliMDU5XkEyXkFqcGc@._V1_FMjpg_UX1000_.jpg",
    "type": "filmovi",
    "created_at": "2025-07-11 01:30:29",
    "year": 1983,
    "link_groups": {
        "glavni": "https:\/\/www.file-upload.org\/iio591i5uuzq",
        "alternativni_1": "",
        "alternativni_2": ""
    }
}