{
    "title": "Kuca",
    "plot": "Kuća je jugoslavenski igrani film snimljen 1975. godine u režiji Bogdana Žižića kome je to bio cjelovečernji režijski debi. Po žanru je drama, a protagonist, koga tumači Fabijan Šovagović je sredovječni direktor trgovačkog poduzeća koji se zaljubi u mladu ženu (čiji lik tumači Jagoda Kaloper) te joj zbog toga pomaže da vrati veliku kuću koju su njenim roditeljima oduzele komunističke vlasti nakon Drugog svjetskog rata. Radnja prikazuje kako joj zahvaljujući svojim vezama uspijeva vratiti kuću, te se potom vjenča i u njoj počne živjeti, ali ubrzo shvaća da su troškovi njenog održavanja preveliki čak i za direktorsku plaću, te je prisiljen na pronevjeru sredstava iz tvrtke. Kuća je premijerno prikazana na Pulskom festivalu gdje je postigla veliki uspjeh i dobila Veliku zlatnu arenu",
    "thumb": "https:\/\/encrypted-tbn0.gstatic.com\/images?q=tbn:ANd9GcRuf9hYJv9bXBt4aEaY5AFyKsyIpaX3mRoCVg&s",
    "type": "filmovi",
    "created_at": "2025-09-28 22:35:19",
    "year": 1975,
    "link_groups": {
        "glavni": "https:\/\/www.file-upload.org\/0nnzovnkhx2h",
        "alternativni_1": "",
        "alternativni_2": ""
    }
}