{
    "title": "Glembajevi",
    "plot": "Jedanaest godina nakon majčinog samoubistva slikar Leon Glembaj vraća se iz inostranstva u porodičnu kuću u Zagrebu, gde ga sustižu uspomene iz prošlosti, najviše na voljenu majku, na sestru koja je isto izvršila samoubistvo, na barunicu Kasteli - drugu ženu njegovog oca, uglednog bankara Ignjata Glembaja. Jedina osoba koju Leon stvarno poštuje među članovima svoje porodice jest Beatris, udovica njegova brata Ivana. Beatris je sada časna sestra i zove se Anđelika. Leon dolazi u sukob sa ocem i baronicom kada saznaje kako su se Glembajevi obogatili.",
    "thumb": "https:\/\/upload.wikimedia.org\/wikipedia\/sr\/thumb\/1\/1a\/%D0%93%D0%BB%D0%B5%D0%BC%D0%B1%D0%B0%D1%98%D0%B5%D0%B2%D0%B8.jpg\/250px-%D0%93%D0%BB%D0%B5%D0%BC%D0%B1%D0%B0%D1%98%D0%B5%D0%B2%D0%B8.jpg",
    "type": "filmovi",
    "created_at": "2025-06-18 16:03:17",
    "year": 1988,
    "link_groups": {
        "glavni": "https:\/\/www.file-upload.org\/b2yk9p32t5ad",
        "alternativni_1": "",
        "alternativni_2": ""
    }
}