{
    "title": "Breme",
    "plot": "Mladić koji živi i radi u gradu, dolazi u vojvođansko selo da poseti majku, brata, rodnu kuću. Posećuje i devojku njegovu simpatiju iz đačkih dana koja je završila školu, ali ne može da se zaposli. Sa bivšim drugovima se zabavlja po seoskim kafanama. U selo se vraća njegov drug koji radi u Nemačkoj, sa novim kolima i novcem. Odnosi među ljudima su zatrovani. Mladić ne uspeva da nađe smisao života i izvrši samoubistvo.",
    "thumb": "https:\/\/m.media-amazon.com\/images\/M\/MV5BODhkNzlmYWYtZmU2Yi00MzMxLTg4ZTEtMWRjYzJjNzVkMzRiXkEyXkFqcGc@._V1_FMjpg_UX1000_.jpg",
    "type": "filmovi",
    "created_at": "2026-02-03 18:11:08",
    "year": 1972,
    "link_groups": {
        "glavni": "https:\/\/www.mp4upload.com\/eq7u36telfkc",
        "alternativni_1": "",
        "alternativni_2": ""
    }
}