{
    "title": "Esalon Doktora M.",
    "plot": "Nastavljajući svoje poduhvate protiv Narodnooslobodilačke vojske, balisti napadaju ešalon ranjenika koji Doktor M. vodi do obližnjeg grada. Svestan da je pravda na strani Doktora M., Ramadan, sin vođe balista mu se pridružuje i tako doprinosi njegovoj pobedi.",
    "thumb": "https:\/\/m.media-amazon.com\/images\/M\/MV5BZmViMWY5YTQtZGU3NS00NGM0LTk1ZmItMGNjOGNhYWU5NDA0XkEyXkFqcGc@._V1_.jpg",
    "type": "filmovi",
    "created_at": "2025-06-13 01:17:07",
    "year": 1955,
    "link_groups": {
        "glavni": "https:\/\/www.file-upload.org\/z1ubhwkbkj0r",
        "alternativni_1": "",
        "alternativni_2": ""
    }
}