{
    "title": "Cao Inspektore",
    "plot": "U malom provincijskom gradu dvojica čuvara reda Boki i Pajko se dosađuju. Uzbuđenje nastaje sa pojavom opasne bande, koja ima nameru da digne u vazduh hotel prepun turista. Glavni junaci dobijaju za zadatak da spreče diverziju i likvidiraju bandu, što je za njih pravi izazov.",
    "thumb": "https:\/\/b92.tv\/data\/images\/video\/2024-12-20\/441_cao-inspektore-2-vampiri-su-medu-nama-3200x1630.jpg",
    "type": "kolekcije",
    "created_at": "2025-05-26 11:07:27",
    "movies": [
        {
            "title": "Cao Inspektore",
            "year": 1985,
            "plot": "U malom provincijskom gradu dvojica čuvara reda Boki i Pajko se dosađuju. Uzbuđenje nastaje sa pojavom opasne bande, koja ima nameru da digne u vazduh hotel prepun turista. Glavni junaci dobijaju za zadatak da spreče diverziju i likvidiraju bandu, što je za njih pravi izazov.",
            "thumb": "https:\/\/m.media-amazon.com\/images\/M\/MV5BMmE3MDc2MGQtNGJjNi00N2MzLTgxN2MtMzUwMTcxZjhlODUwXkEyXkFqcGc@._V1_.jpg",
            "link_groups": {
                "glavni": "https:\/\/www.file-upload.org\/1moee3428rvx",
                "alternativni_1": "",
                "alternativni_2": ""
            }
        },
        {
            "title": "Vampiri Su Medju Nama",
            "year": 1989,
            "plot": "U provincijskom mestu život teče uobičajenim tokom. Dva policajca Boki i Pajko se dosađuju ali uzbuđenje nastaje pojavom gostiju iz inostranstva. Smešteni su u hotel Lepenski Vir gde se održava međunarodni simpozijum o transplantaciji. U isto vreme počinju da nestaju sveže sahranjeni mrtvaci i gradom se pronosi glas da su se pojavili vampiri. Boki i Pajko kreću u akciju.",
            "thumb": "https:\/\/upload.wikimedia.org\/wikipedia\/sh\/thumb\/7\/73\/%D0%92%D0%B0%D0%BC%D0%BF%D0%B8%D1%80%D0%B8_%D1%81%D1%83_%D0%BC%D0%B5%D1%92%D1%83_%D0%BD%D0%B0%D0%BC%D0%B0.jpg\/640px-%D0%92%D0%B0%D0%BC%D0%BF%D0%B8%D1%80%D0%B8_%D1%81%D1%83_%D0%BC%D0%B5%D1%92%D1%83_%D0%BD%D0%B0%D0%BC%D0%B0.jpg",
            "link_groups": {
                "glavni": "https:\/\/www.file-upload.org\/and6unhp0anf",
                "alternativni_1": "",
                "alternativni_2": ""
            }
        },
        {
            "title": "Svemirci Su Krivi Za Sve",
            "year": 1991,
            "plot": "Predizborna kampanja u provincijskom gradiću je u punom jeku. Pojavljuju se kandidati za poslanike iz raznih stranaka i svi obećavaju biračima med i mleko. Za red i mir su zaduženi dvojica nerazdvojnih policajaca, Boki i Pajko. I sve teče bez velikih uzbuđenja dok se ne pojavi kandidat iz svemira, koji im zagorča život. Njih dvojica dobiju zadatak da ga srede, što oni, nakon niza komičnih situacija i uspevaju. Izbori mogu početi!",
            "thumb": "https:\/\/upload.wikimedia.org\/wikipedia\/sr\/9\/9c\/%D0%A1%D0%B2%D0%B5%D0%BC%D0%B8%D1%80%D1%86%D0%B8_%D1%81%D1%83_%D0%BA%D1%80%D0%B8%D0%B2%D0%B8_%D0%B7%D0%B0_%D1%81%D0%B2%D0%B5.jpg",
            "link_groups": {
                "glavni": "https:\/\/www.file-upload.org\/xzn0fzjwiejl",
                "alternativni_1": "",
                "alternativni_2": ""
            }
        },
        {
            "title": "Dama Koja Ubija",
            "year": 1992,
            "plot": "Boki i Pajko su napravili ozbiljan prestup. Na izborima su glasali za opoziciju. Komandir, u želji da ih vrati na pravi put, šalje ih u zatvor sa zadatkom da prouče knjigu \"Revolucija i vojna misao\" druga Edvarda Kardelja. Dok oni proučavaju literaturu, u domu kulture se organizuje predavanje o sidi. Nakon predavanja, komandir ih pušta na slobodu. Sutradan, komandir dobija informaciju da se sprema šverc oružja u hotelu Lepenski Vir. Banda, koja se bavi švercom, sačinjena je od žena. Znajući, kako će na kraju i sam reći, iz iskustva kakvi su Boki i Pajko po pitanju žena, on izmišlja priču da su lepotice zaražene sidom i da hoće da unište srpski narod. Komandir, prerušen u kupca oružja, odlazi u hotelsku sobu sa dve lepotice a Boki i Pajko odlaze da provere da li će da se zarazi sidom. S obzirom na to da su to uspeli da zaključe, oni vrše kadrovske promene u svojoj stanici (Boki postaje komandir). Međutim, komandir se iznenada vraća živ i zdrav. Malo posle stiže pismo iz hotela Lepenski Vir zbog koga Boki i Pajko odlaze ponovo u zatvor kako se film završava.",
            "thumb": "https:\/\/m.media-amazon.com\/images\/M\/MV5BZjIzMjA5MDctNTYxZC00ZGYwLWExZGMtZTM3MWU5OTU1YzI5XkEyXkFqcGc@._V1_FMjpg_UX1000_.jpg",
            "link_groups": {
                "glavni": "https:\/\/www.file-upload.org\/pxom2rlrftjc",
                "alternativni_1": "",
                "alternativni_2": ""
            }
        },
        {
            "title": "Dovidjenja U Cikagu",
            "year": 1996,
            "plot": "Boki i Pajko, pošto su dobili otkaz iz službe, otvaraju u Beogradu detektivsku agenciju i upadaju u sukob sa novokomponovanim biznismenima. Tragajući za novcem štediša „Mafiment banke“ učestvuju u obračunima sa mafijom, ali i sa zvaničnom policijom. Želja im je da posle ovog slučaja odu u Čikago u koji nikada neće stići.[3] Zbog svoje trapavosti zapadaju u nevolje sa policijom i put u Čikago ostaje neostvareni san.",
            "thumb": "https:\/\/upload.wikimedia.org\/wikipedia\/sh\/thumb\/7\/7d\/%D0%94%D0%BE%D0%B2%D0%B8%D1%92%D0%B5%D1%9A%D0%B0_%D1%83_%D0%A7%D0%B8%D0%BA%D0%B0%D0%B3%D1%83.jpg\/640px-%D0%94%D0%BE%D0%B2%D0%B8%D1%92%D0%B5%D1%9A%D0%B0_%D1%83_%D0%A7%D0%B8%D0%BA%D0%B0%D0%B3%D1%83.jpg",
            "link_groups": {
                "glavni": "https:\/\/www.file-upload.org\/37e12ggzkksz",
                "alternativni_1": "",
                "alternativni_2": ""
            }
        }
    ]
}