{
    "title": "Guca",
    "plot": "Julijana, 16-godišnja ćerka najvećeg belog trubača Sačma Trandafilovića, zaljubi se u vršnjaka Romea, perspektivnog trubača iz romskog orkestra Sandokanovih Tigrova. Sačmo rezigniran Romeovom bojom kože, učini sve da ih razdvoji i zabrani ljubav. Ipak, kao strasni obožavalac Luja Armstronga po kojem nosi nadimak, Sačmo primoran obeća na svečanom porodičnom skupu da će se odreći svojih rasističkih predrasuda... ako ga Romeo nadsvira na predstojećem Saboru trubača u Guči.",
    "thumb": "https:\/\/m.media-amazon.com\/images\/M\/MV5BOTEyZmU3OTgtZGU2Zi00ZjRiLThhZmItOTU0Y2FhMDA2MWIwXkEyXkFqcGc@._V1_.jpg",
    "type": "serije",
    "created_at": "2025-05-29 23:52:19",
    "year": 2006,
    "seasons": {
        "1": {
            "title": "Sezona 1",
            "episodes": [
                {
                    "episode_number": 1,
                    "title": "Epizoda 1",
                    "link_groups": {
                        "glavni": [
                            "https:\/\/www.file-upload.org\/a7cobft36r1s"
                        ],
                        "alternativni_1": [],
                        "alternativni_2": []
                    }
                },
                {
                    "episode_number": 2,
                    "title": "Epizoda 2",
                    "link_groups": {
                        "glavni": [
                            "https:\/\/www.file-upload.org\/giwew0tjatt1"
                        ],
                        "alternativni_1": [],
                        "alternativni_2": []
                    }
                },
                {
                    "episode_number": 3,
                    "title": "Epizoda 3",
                    "link_groups": {
                        "glavni": [
                            "https:\/\/www.file-upload.org\/0gj10axozxbx"
                        ],
                        "alternativni_1": [],
                        "alternativni_2": []
                    }
                }
            ]
        }
    }
}