{
    "title": "Tudjinac",
    "plot": "„Туђинац” је југословенска и хрватска телевизијска серија снимљена 1990. године.",
    "thumb": "https:\/\/m.media-amazon.com\/images\/M\/MV5BZTFlMmJhOTEtNGE1Ny00MmE4LWFkYjItNmI1OWYwNWY2ZjA4XkEyXkFqcGc@._V1_.jpg",
    "type": "serije",
    "created_at": "2025-06-12 12:01:22",
    "year": 1990,
    "seasons": {
        "1": {
            "title": "Sezona 1",
            "episodes": [
                {
                    "episode_number": 1,
                    "title": "Epizoda 1",
                    "link_groups": {
                        "glavni": [
                            "https:\/\/www.file-upload.org\/lj2nb6jj9t0d"
                        ],
                        "alternativni_1": [],
                        "alternativni_2": []
                    }
                },
                {
                    "episode_number": 2,
                    "title": "Epizoda 2",
                    "link_groups": {
                        "glavni": [
                            "https:\/\/www.file-upload.org\/85wvxdnohf4y"
                        ],
                        "alternativni_1": [],
                        "alternativni_2": []
                    }
                },
                {
                    "episode_number": 3,
                    "title": "Epizoda 3",
                    "link_groups": {
                        "glavni": [
                            "https:\/\/www.file-upload.org\/0bo09uczoqrn"
                        ],
                        "alternativni_1": [],
                        "alternativni_2": []
                    }
                }
            ]
        }
    }
}