{
    "title": "Hotel Beograd",
    "plot": "Nekadašnji vlasnik moskovskog hotela „Eleon”, Paša, postaje vlasnik hotela sa pet zvezdica u Beogradu, koji mu je poklonila tetka, kako bi svom razmaženom sestriću stvorila situaciju u kojoj će sazreti. Paša, srpski zavodnik i veseljak živi ne znajući za nevolje sve dok jednog dana slučajno ne načini štetu- višemilionsku! Kako bi otplatio dug, šef mafije primorava Pašu da se oženi njegovom ćerkom. Dok devojka priprema venčanje, Paša, nakon četiri godine razdvojenosti iznenada susreće u Beogradu rusku ljubav, Dašu. U romantičnoj atmosferi drevnog grada, njihova osećanja ponovo izbijaju. Izgleda da im je još uvek suđeno da budu zajedno…a možda ne, zbog budućeg tasta, pravog muža, slepog dede i prijatelja bankrota!",
    "thumb": "https:\/\/m.media-amazon.com\/images\/M\/MV5BZjMwOTAzM2ItOTBlOC00ZDIwLWFjMTQtMTIxZjA1ODZhZDYxXkEyXkFqcGc@._V1_.jpg",
    "type": "serije",
    "created_at": "2025-05-30 12:01:17",
    "year": 2020,
    "seasons": {
        "1": {
            "title": "Sezona 1",
            "episodes": [
                {
                    "episode_number": 1,
                    "title": "Epizoda 1",
                    "link_groups": {
                        "glavni": [
                            "https:\/\/www.file-upload.org\/ixsz1ye4u811"
                        ],
                        "alternativni_1": [],
                        "alternativni_2": []
                    }
                },
                {
                    "episode_number": 2,
                    "title": "Epizoda 2",
                    "link_groups": {
                        "glavni": [
                            "https:\/\/www.file-upload.org\/irow74t41tq2"
                        ],
                        "alternativni_1": [],
                        "alternativni_2": []
                    }
                },
                {
                    "episode_number": 3,
                    "title": "Epizoda 3",
                    "link_groups": {
                        "glavni": [
                            "https:\/\/www.file-upload.org\/rvffml3naryc"
                        ],
                        "alternativni_1": [],
                        "alternativni_2": []
                    }
                }
            ]
        }
    }
}