{
    "title": "Sijamci",
    "plot": "Serija prati život porodice, koju čine otac, majka i dva sina blizanca. Blizanci su identični i zbog toga ih je njihova drugarica nazvala sijamci. Otac i majka su razvedeni, ali pošto imaju zajednički stan, podelili su ga tako što su stavili orman na sredini stana. Posle razvoda jedan sin je pripao ocu, a drugi majci. Kada im roditelji nisu kod kuće oni su pomerali ormar i družili se. Ponekad menjaju mesta. Roditelji se često svađaju, a kada se i približe jedno drugom i kada su nadomak pomirenja, oni se još žešće posvađaju. Sijamci su zbog toga u emotivnom nokautu, ali su ipak jedan uz drugog i sami sebi najveći oslonac",
    "thumb": "https:\/\/mojtv.hr\/thumb.ashx?path=\/images\/788ea49e-9b2b-4064-8359-04ba563e5489.jpg&w=360&h=180",
    "type": "serije",
    "created_at": "2025-06-10 19:47:58",
    "year": 1981,
    "seasons": {
        "1": {
            "title": "Sezona 1",
            "episodes": [
                {
                    "episode_number": 1,
                    "title": "Epizoda 1",
                    "link_groups": {
                        "glavni": [
                            "https:\/\/www.file-upload.org\/efr0492dho32"
                        ],
                        "alternativni_1": [],
                        "alternativni_2": []
                    }
                },
                {
                    "episode_number": 2,
                    "title": "Epizoda 2",
                    "link_groups": {
                        "glavni": [
                            "https:\/\/www.file-upload.org\/1ywzvhus9yea"
                        ],
                        "alternativni_1": [],
                        "alternativni_2": []
                    }
                },
                {
                    "episode_number": 3,
                    "title": "Epizoda 3",
                    "link_groups": {
                        "glavni": [
                            "https:\/\/www.file-upload.org\/r3770hyldjq0"
                        ],
                        "alternativni_1": [],
                        "alternativni_2": []
                    }
                },
                {
                    "episode_number": 4,
                    "title": "Epizoda 4",
                    "link_groups": {
                        "glavni": [
                            "https:\/\/www.file-upload.org\/k7di27tnh294"
                        ],
                        "alternativni_1": [],
                        "alternativni_2": []
                    }
                },
                {
                    "episode_number": 5,
                    "title": "Epizoda 5",
                    "link_groups": {
                        "glavni": [
                            "https:\/\/www.file-upload.org\/5ckpffazgff3"
                        ],
                        "alternativni_1": [],
                        "alternativni_2": []
                    }
                }
            ]
        }
    }
}