{
    "title": "Donator",
    "plot": "Nemački istoričar umetnosti, major Zigfrid Handke godine 1942, dobija od Gestapoa zadatak da pronađe vrednu zbirku umetničkih dela francuskog kolekcionara Volarda, kojoj se izgubio svaki trag. Handke saznaje da je deo zbirke nasledio mladi beogradski Židov Erih Šlomović. Smatralo se da je Erih posle Volardove smrti napustio Francusku s namerom da u domovini osnuje Muzej umetnosti Istoka i Zapada. Handke se uspeva približiti Šlomovićevoj prijateljici Huani te doznaje da se kolekcionar s majkom Rozom sklonio u selo u Baćinu. Posle nekoliko godina, Nemačka je pred slomom, a Handke još ne zna što se dogodilo ni sa Šlomovićem niti s njegovom zbirkom.",
    "thumb": "https:\/\/n62.gonet.tv\/api\/obr\/porad_402622ed5618c0844796797637407faf-960.jpg",
    "type": "serije",
    "created_at": "2025-05-29 11:33:31",
    "year": 1989,
    "seasons": {
        "1": {
            "title": "Sezona 1",
            "episodes": [
                {
                    "episode_number": 1,
                    "title": "Epizoda 1",
                    "link_groups": {
                        "glavni": [
                            "https:\/\/www.file-upload.org\/fyc0o83setm9"
                        ],
                        "alternativni_1": [],
                        "alternativni_2": []
                    }
                },
                {
                    "episode_number": 2,
                    "title": "Epizoda 2",
                    "link_groups": {
                        "glavni": [
                            "https:\/\/www.file-upload.org\/mc31vria1v10"
                        ],
                        "alternativni_1": [],
                        "alternativni_2": []
                    }
                },
                {
                    "episode_number": 3,
                    "title": "Epizoda 3",
                    "link_groups": {
                        "glavni": [
                            "https:\/\/www.file-upload.org\/xyvwxftlqzgg"
                        ],
                        "alternativni_1": [],
                        "alternativni_2": []
                    }
                }
            ]
        }
    }
}