{
    "title": "Djavolje Sjeme",
    "plot": "„Đavolje sjeme” je jugoslovenska televizijska serija snimljena 1979. godine u produkciji TV Zagreb.",
    "thumb": "https:\/\/m.media-amazon.com\/images\/M\/MV5BM2FiNzgyODYtODQ2My00MjUwLTg2YWYtNThlNDFmZWUxYWRjXkEyXkFqcGc@._V1_.jpg",
    "type": "serije",
    "created_at": "2025-05-29 00:34:18",
    "year": 1979,
    "seasons": {
        "1": {
            "title": "Sezona 1",
            "episodes": [
                {
                    "episode_number": 1,
                    "title": "Epizoda 1",
                    "link_groups": {
                        "glavni": [
                            "https:\/\/www.file-upload.org\/dd5ibt8dzlj3"
                        ],
                        "alternativni_1": [],
                        "alternativni_2": []
                    }
                }
            ]
        }
    }
}