{
    "title": "Sazvezdje Belog Duda",
    "plot": "Radnja serija odvija se u posleratnim godinama i prati detinjstvo Ace i Raleta, koji su drugari i upadaju u razne avanture. Aca nema sreće u ljubavi i avanturama, za razliku od snalažljivog Raleta. U seriji se pojavljuju Tika i Čeda, stari pijanci koji svakog jutra obilaze kafane, kao i Šole, lokalni čudak. Početak i kraj svih epizoda prati naracija glumca Gorana Sultanovića",
    "thumb": "https:\/\/upload.wikimedia.org\/wikipedia\/sr\/f\/f7\/Sazve%C5%BE%C4%91e_belog_duda_%28omot%29.jpeg",
    "type": "serije",
    "created_at": "2025-06-10 19:19:36",
    "year": 1989,
    "seasons": {
        "1": {
            "title": "Sezona 1",
            "episodes": [
                {
                    "episode_number": 1,
                    "title": "Epizoda 1",
                    "link_groups": {
                        "glavni": [
                            "https:\/\/www.file-upload.org\/qrjtwjq1xiek"
                        ],
                        "alternativni_1": [],
                        "alternativni_2": []
                    }
                },
                {
                    "episode_number": 2,
                    "title": "Epizoda 2",
                    "link_groups": {
                        "glavni": [
                            "https:\/\/www.file-upload.org\/t3ax5na1xc86"
                        ],
                        "alternativni_1": [],
                        "alternativni_2": []
                    }
                },
                {
                    "episode_number": 3,
                    "title": "Epizoda 3",
                    "link_groups": {
                        "glavni": [
                            "https:\/\/www.file-upload.org\/1qrbm470lkhf"
                        ],
                        "alternativni_1": [],
                        "alternativni_2": []
                    }
                },
                {
                    "episode_number": 4,
                    "title": "Epizoda 4",
                    "link_groups": {
                        "glavni": [
                            "https:\/\/www.file-upload.org\/021jns8a9rt9"
                        ],
                        "alternativni_1": [],
                        "alternativni_2": []
                    }
                },
                {
                    "episode_number": 5,
                    "title": "Epizoda 5",
                    "link_groups": {
                        "glavni": [
                            "https:\/\/www.file-upload.org\/8g0sb071vql5"
                        ],
                        "alternativni_1": [],
                        "alternativni_2": []
                    }
                },
                {
                    "episode_number": 6,
                    "title": "Epizoda 6",
                    "link_groups": {
                        "glavni": [
                            "https:\/\/www.file-upload.org\/bm4419c8ofno"
                        ],
                        "alternativni_1": [],
                        "alternativni_2": []
                    }
                },
                {
                    "episode_number": 7,
                    "title": "Epizoda 7",
                    "link_groups": {
                        "glavni": [
                            "https:\/\/www.file-upload.org\/aqxllojmjx8b"
                        ],
                        "alternativni_1": [],
                        "alternativni_2": []
                    }
                }
            ]
        }
    }
}