{
    "title": "Zamalo Zivot",
    "plot": "Radi se o prosječnoj prodici koja prolazi kroz otkačene životne situacije, uz mnogo decibela smijeha. Publika kojoj je namijenjen serijal je široka i podrazumijeva sve one koji znaju pročitati naslov serijala, “Zamalo život”. Priča je to o tri generacije porodice Bekavac, koja upada u niz komičnih situacija sa komšijama, prijateljima, saradnicima. U seriji likove tumače najbolji glumci Republike Srpske. Uloge su duhovite, spontane i bliske duhu našeg naroda. Visoki produkcijski standardi, mnoštvo vrhunskih glumaca iz Republike Srpske, studenti Akademije umjetnosti, mladi glumci Škole glume Dječijeg pozorišta RS., atraktivna fotografija, priča začinjena velikom dozom humora, preporuke su koje će ovu seriju, nadamo se, učiniti jednim od najtraženijih televizijskih proizvoda u regionu.",
    "thumb": "https:\/\/m.media-amazon.com\/images\/M\/MV5BYmI0ZWQ3NDItM2UyMi00NWEwLTllMGUtYTE4NmU1ZmY3Yjc3XkEyXkFqcGc@._V1_QL75_UY281_CR156,0,190,281_.jpg",
    "type": "serije",
    "created_at": "2025-06-12 15:23:44",
    "year": 2013,
    "seasons": {
        "1": {
            "title": "Sezona 1",
            "episodes": [
                {
                    "episode_number": 1,
                    "title": "Epizoda 1",
                    "link_groups": {
                        "glavni": [
                            "https:\/\/www.file-upload.org\/linnsnthcbl7"
                        ],
                        "alternativni_1": [],
                        "alternativni_2": []
                    }
                },
                {
                    "episode_number": 2,
                    "title": "Epizoda 2",
                    "link_groups": {
                        "glavni": [
                            "https:\/\/www.file-upload.org\/jde8p2mbs3r6"
                        ],
                        "alternativni_1": [],
                        "alternativni_2": []
                    }
                },
                {
                    "episode_number": 3,
                    "title": "Epizoda 3",
                    "link_groups": {
                        "glavni": [
                            "https:\/\/www.file-upload.org\/1pufjn1p0tz4"
                        ],
                        "alternativni_1": [],
                        "alternativni_2": []
                    }
                },
                {
                    "episode_number": 4,
                    "title": "Epizoda 4",
                    "link_groups": {
                        "glavni": [
                            "https:\/\/www.file-upload.org\/6io3kz0yxjum"
                        ],
                        "alternativni_1": [],
                        "alternativni_2": []
                    }
                },
                {
                    "episode_number": 5,
                    "title": "Epizoda 5",
                    "link_groups": {
                        "glavni": [
                            "https:\/\/www.file-upload.org\/llxuihjhbrlo"
                        ],
                        "alternativni_1": [],
                        "alternativni_2": []
                    }
                },
                {
                    "episode_number": 6,
                    "title": "Epizoda 6",
                    "link_groups": {
                        "glavni": [
                            "https:\/\/www.file-upload.org\/jl8ew3oljwco"
                        ],
                        "alternativni_1": [],
                        "alternativni_2": []
                    }
                },
                {
                    "episode_number": 7,
                    "title": "Epizoda 7",
                    "link_groups": {
                        "glavni": [
                            "https:\/\/www.file-upload.org\/n6v3z55iw5v0"
                        ],
                        "alternativni_1": [],
                        "alternativni_2": []
                    }
                },
                {
                    "episode_number": 8,
                    "title": "Epizoda 8",
                    "link_groups": {
                        "glavni": [
                            "https:\/\/www.file-upload.org\/mbnzxw5gmbju"
                        ],
                        "alternativni_1": [],
                        "alternativni_2": []
                    }
                },
                {
                    "episode_number": 9,
                    "title": "Epizoda 9",
                    "link_groups": {
                        "glavni": [
                            "https:\/\/www.file-upload.org\/2e5bpk8xa64x"
                        ],
                        "alternativni_1": [],
                        "alternativni_2": []
                    }
                },
                {
                    "episode_number": 10,
                    "title": "Epizoda 10",
                    "link_groups": {
                        "glavni": [
                            "https:\/\/www.file-upload.org\/cstg6nijkefj"
                        ],
                        "alternativni_1": [],
                        "alternativni_2": []
                    }
                },
                {
                    "episode_number": 11,
                    "title": "Epizoda 11",
                    "link_groups": {
                        "glavni": [
                            "https:\/\/www.file-upload.org\/8o7nme4p5nsq"
                        ],
                        "alternativni_1": [],
                        "alternativni_2": []
                    }
                },
                {
                    "episode_number": 12,
                    "title": "Epizoda 12",
                    "link_groups": {
                        "glavni": [
                            "https:\/\/www.file-upload.org\/0w9lk37yfdyz"
                        ],
                        "alternativni_1": [],
                        "alternativni_2": []
                    }
                }
            ]
        }
    }
}