{
    "title": "U Dobru I Zlu",
    "plot": "Veljko Srića je čovek koga svi vole. Uspešan preduzetnik, voljeni suprug i otac troje dece, vodi život iz snova. Međutim, iza te naizgled savršene fasade krije se šokantna tajna - paralelni život i druga porodica u Sarajevu. Veljko je čuvao tajnu dvadeset i pet godina, ali kada sazna da mu je ostalo još dva meseca života, odlučuje da se suoči sa istinom i okupi obe porodice pod jednim krovom. Njegovo priznanje pokreće lavinu emocija, sukoba i nepredvidljivih događaja.",
    "thumb": "https:\/\/upload.wikimedia.org\/wikipedia\/sr\/8\/8b\/U_dobru_i_zlu.jpg",
    "type": "serije",
    "created_at": "2025-05-28 22:57:28",
    "is_ongoing": true,
    "year_info": 2024,
    "seasons": {
        "1": {
            "title": "Sezona 1",
            "episodes": [
                {
                    "episode_number": 1,
                    "title": "Epizoda 1",
                    "link_groups": {
                        "glavni": [
                            "https:\/\/www.file-upload.org\/3wiw4h1msrfx"
                        ],
                        "alternativni_1": [],
                        "alternativni_2": []
                    }
                },
                {
                    "episode_number": 2,
                    "title": "Epizoda 2",
                    "link_groups": {
                        "glavni": [
                            "https:\/\/www.file-upload.org\/5g2yz67rgzul"
                        ],
                        "alternativni_1": [],
                        "alternativni_2": []
                    }
                },
                {
                    "episode_number": 3,
                    "title": "Epizoda 3",
                    "link_groups": {
                        "glavni": [
                            "https:\/\/www.file-upload.org\/by85190xvotj"
                        ],
                        "alternativni_1": [],
                        "alternativni_2": []
                    }
                },
                {
                    "episode_number": 4,
                    "title": "Epizoda 4",
                    "link_groups": {
                        "glavni": [
                            "https:\/\/www.file-upload.org\/faqaomkted7a"
                        ],
                        "alternativni_1": [],
                        "alternativni_2": []
                    }
                },
                {
                    "episode_number": 5,
                    "title": "Epizoda 5",
                    "link_groups": {
                        "glavni": [
                            "https:\/\/www.file-upload.org\/oghnwy54z26a"
                        ],
                        "alternativni_1": [],
                        "alternativni_2": []
                    }
                },
                {
                    "episode_number": 6,
                    "title": "Epizoda 6",
                    "link_groups": {
                        "glavni": [
                            "https:\/\/www.file-upload.org\/921cix1hc4df"
                        ],
                        "alternativni_1": [],
                        "alternativni_2": []
                    }
                },
                {
                    "episode_number": 7,
                    "title": "Epizoda 7",
                    "link_groups": {
                        "glavni": [
                            "https:\/\/www.file-upload.org\/71m1q0mi3cv9"
                        ],
                        "alternativni_1": [],
                        "alternativni_2": []
                    }
                },
                {
                    "episode_number": 8,
                    "title": "Epizoda 8",
                    "link_groups": {
                        "glavni": [
                            "https:\/\/www.file-upload.org\/hk6l3l3oe279"
                        ],
                        "alternativni_1": [],
                        "alternativni_2": []
                    }
                },
                {
                    "episode_number": 9,
                    "title": "Epizoda 9",
                    "link_groups": {
                        "glavni": [
                            "https:\/\/www.file-upload.org\/sk73m3fujsvr"
                        ],
                        "alternativni_1": [],
                        "alternativni_2": []
                    }
                },
                {
                    "episode_number": 10,
                    "title": "Epizoda 10",
                    "link_groups": {
                        "glavni": [
                            "https:\/\/www.file-upload.org\/v5lyydmgpibi"
                        ],
                        "alternativni_1": [],
                        "alternativni_2": []
                    }
                },
                {
                    "episode_number": 11,
                    "title": "Epizoda 11",
                    "link_groups": {
                        "glavni": [
                            "https:\/\/www.file-upload.org\/3dg1d1o1eykk"
                        ],
                        "alternativni_1": [],
                        "alternativni_2": []
                    }
                },
                {
                    "episode_number": 12,
                    "title": "Epizoda 12",
                    "link_groups": {
                        "glavni": [
                            "https:\/\/www.file-upload.org\/f9h2a2s1j2xj"
                        ],
                        "alternativni_1": [],
                        "alternativni_2": []
                    }
                },
                {
                    "episode_number": 13,
                    "title": "Epizoda 13",
                    "link_groups": {
                        "glavni": [
                            "https:\/\/www.file-upload.org\/2lki60ipugra"
                        ],
                        "alternativni_1": [],
                        "alternativni_2": []
                    }
                },
                {
                    "episode_number": 14,
                    "title": "Epizoda 14",
                    "link_groups": {
                        "glavni": [
                            "https:\/\/www.file-upload.org\/z1ihuws0bltx"
                        ],
                        "alternativni_1": [],
                        "alternativni_2": []
                    }
                },
                {
                    "episode_number": 15,
                    "title": "Epizoda 15",
                    "link_groups": {
                        "glavni": [
                            "https:\/\/www.file-upload.org\/bfnkp3cfu2ad"
                        ],
                        "alternativni_1": [],
                        "alternativni_2": []
                    }
                },
                {
                    "episode_number": 16,
                    "title": "Epizoda 16",
                    "link_groups": {
                        "glavni": [
                            "https:\/\/www.file-upload.org\/c96k5xwq66z5"
                        ],
                        "alternativni_1": [],
                        "alternativni_2": []
                    }
                },
                {
                    "episode_number": 17,
                    "title": "Epizoda 17",
                    "link_groups": {
                        "glavni": [
                            "https:\/\/www.file-upload.org\/ky8huk11ni6g"
                        ],
                        "alternativni_1": [],
                        "alternativni_2": []
                    }
                },
                {
                    "episode_number": 18,
                    "title": "Epizoda 18",
                    "link_groups": {
                        "glavni": [
                            "https:\/\/www.file-upload.org\/fhf6fmgg22th"
                        ],
                        "alternativni_1": [],
                        "alternativni_2": []
                    }
                },
                {
                    "episode_number": 19,
                    "title": "Epizoda 19",
                    "link_groups": {
                        "glavni": [
                            "https:\/\/www.file-upload.org\/wvar5ufsqhuk"
                        ],
                        "alternativni_1": [],
                        "alternativni_2": []
                    }
                },
                {
                    "episode_number": 20,
                    "title": "Epizoda 20",
                    "link_groups": {
                        "glavni": [
                            "https:\/\/www.file-upload.org\/fzdumgq479pk"
                        ],
                        "alternativni_1": [],
                        "alternativni_2": []
                    }
                },
                {
                    "episode_number": 21,
                    "title": "Epizoda 21",
                    "link_groups": {
                        "glavni": [
                            "https:\/\/www.file-upload.org\/jz2qkdx8cebd"
                        ],
                        "alternativni_1": [],
                        "alternativni_2": []
                    }
                },
                {
                    "episode_number": 22,
                    "title": "Epizoda 22",
                    "link_groups": {
                        "glavni": [
                            "https:\/\/www.file-upload.org\/93wwxjw6h6x4"
                        ],
                        "alternativni_1": [],
                        "alternativni_2": []
                    }
                },
                {
                    "episode_number": 23,
                    "title": "Epizoda 23",
                    "link_groups": {
                        "glavni": [
                            "https:\/\/www.file-upload.org\/11lrm7kemisj"
                        ],
                        "alternativni_1": [],
                        "alternativni_2": []
                    }
                },
                {
                    "episode_number": 24,
                    "title": "Epizoda 24",
                    "link_groups": {
                        "glavni": [
                            "https:\/\/www.file-upload.org\/3m27tfoeppbs"
                        ],
                        "alternativni_1": [],
                        "alternativni_2": []
                    }
                },
                {
                    "episode_number": 25,
                    "title": "Epizoda 25",
                    "link_groups": {
                        "glavni": [
                            "https:\/\/www.file-upload.org\/lvnzdjare7fc"
                        ],
                        "alternativni_1": [],
                        "alternativni_2": []
                    }
                },
                {
                    "episode_number": 26,
                    "title": "Epizoda 26",
                    "link_groups": {
                        "glavni": [
                            "https:\/\/www.file-upload.org\/shwc3na74c0y"
                        ],
                        "alternativni_1": [],
                        "alternativni_2": []
                    }
                },
                {
                    "episode_number": 27,
                    "title": "Epizoda 27",
                    "link_groups": {
                        "glavni": [
                            "https:\/\/www.file-upload.org\/d7ng05sze42f"
                        ],
                        "alternativni_1": [],
                        "alternativni_2": []
                    }
                },
                {
                    "episode_number": 28,
                    "title": "Epizoda 28",
                    "link_groups": {
                        "glavni": [
                            "https:\/\/www.file-upload.org\/ygcbvndi32s8"
                        ],
                        "alternativni_1": [],
                        "alternativni_2": []
                    }
                },
                {
                    "episode_number": 29,
                    "title": "Epizoda 29",
                    "link_groups": {
                        "glavni": [
                            "https:\/\/www.file-upload.org\/bq6df16u2qhq"
                        ],
                        "alternativni_1": [],
                        "alternativni_2": []
                    }
                },
                {
                    "episode_number": 30,
                    "title": "Epizoda 30",
                    "link_groups": {
                        "glavni": [
                            "https:\/\/www.file-upload.org\/i1ttvezut831"
                        ],
                        "alternativni_1": [],
                        "alternativni_2": []
                    }
                },
                {
                    "episode_number": 31,
                    "title": "Epizoda 31",
                    "link_groups": {
                        "glavni": [
                            "https:\/\/www.file-upload.org\/ra1shknaw8m9"
                        ],
                        "alternativni_1": [],
                        "alternativni_2": []
                    }
                },
                {
                    "episode_number": 32,
                    "title": "Epizoda 32",
                    "link_groups": {
                        "glavni": [
                            "https:\/\/www.file-upload.org\/nhy1b3e941ij"
                        ],
                        "alternativni_1": [],
                        "alternativni_2": []
                    }
                },
                {
                    "episode_number": 33,
                    "title": "Epizoda 33",
                    "link_groups": {
                        "glavni": [
                            "https:\/\/www.file-upload.org\/k3g5rymhb1gz"
                        ],
                        "alternativni_1": [],
                        "alternativni_2": []
                    }
                },
                {
                    "episode_number": 34,
                    "title": "Epizoda 34",
                    "link_groups": {
                        "glavni": [
                            "https:\/\/www.file-upload.org\/4l7rx4wir077"
                        ],
                        "alternativni_1": [],
                        "alternativni_2": []
                    }
                },
                {
                    "episode_number": 35,
                    "title": "Epizoda 35",
                    "link_groups": {
                        "glavni": [
                            "https:\/\/www.file-upload.org\/ea2px5gnecn9"
                        ],
                        "alternativni_1": [],
                        "alternativni_2": []
                    }
                },
                {
                    "episode_number": 36,
                    "title": "Epizoda 36",
                    "link_groups": {
                        "glavni": [
                            "https:\/\/www.file-upload.org\/7v4sj20u1opp"
                        ],
                        "alternativni_1": [],
                        "alternativni_2": []
                    }
                },
                {
                    "episode_number": 37,
                    "title": "Epizoda 37",
                    "link_groups": {
                        "glavni": [
                            "https:\/\/www.file-upload.org\/mzjvd1kj5p5n"
                        ],
                        "alternativni_1": [],
                        "alternativni_2": []
                    }
                },
                {
                    "episode_number": 38,
                    "title": "Epizoda 38",
                    "link_groups": {
                        "glavni": [
                            "https:\/\/www.file-upload.org\/92sel68klsm8"
                        ],
                        "alternativni_1": [],
                        "alternativni_2": []
                    }
                },
                {
                    "episode_number": 39,
                    "title": "Epizoda 39",
                    "link_groups": {
                        "glavni": [
                            "https:\/\/www.file-upload.org\/wi1auf8ahgtz"
                        ],
                        "alternativni_1": [],
                        "alternativni_2": []
                    }
                },
                {
                    "episode_number": 40,
                    "title": "Epizoda 40",
                    "link_groups": {
                        "glavni": [
                            "https:\/\/www.file-upload.org\/fpufhirm2xxi"
                        ],
                        "alternativni_1": [],
                        "alternativni_2": []
                    }
                },
                {
                    "episode_number": 41,
                    "title": "Epizoda 41",
                    "link_groups": {
                        "glavni": [
                            "https:\/\/www.file-upload.org\/mrd3mlfuturs"
                        ],
                        "alternativni_1": [],
                        "alternativni_2": []
                    }
                },
                {
                    "episode_number": 42,
                    "title": "Epizoda 42",
                    "link_groups": {
                        "glavni": [
                            "https:\/\/www.file-upload.org\/awcwlaeic9c8"
                        ],
                        "alternativni_1": [],
                        "alternativni_2": []
                    }
                },
                {
                    "episode_number": 43,
                    "title": "Epizoda 43",
                    "link_groups": {
                        "glavni": [
                            "https:\/\/www.file-upload.org\/3065b4ad5h99"
                        ],
                        "alternativni_1": [],
                        "alternativni_2": []
                    }
                },
                {
                    "episode_number": 44,
                    "title": "Epizoda 44",
                    "link_groups": {
                        "glavni": [
                            "https:\/\/www.file-upload.org\/055hcqedptxn"
                        ],
                        "alternativni_1": [],
                        "alternativni_2": []
                    }
                },
                {
                    "episode_number": 45,
                    "title": "Epizoda 45",
                    "link_groups": {
                        "glavni": [
                            "https:\/\/www.file-upload.org\/bbv9jk2dnwnf"
                        ],
                        "alternativni_1": [],
                        "alternativni_2": []
                    }
                },
                {
                    "episode_number": 46,
                    "title": "Epizoda 46",
                    "link_groups": {
                        "glavni": [
                            "https:\/\/www.file-upload.org\/1lpvjxpdi6kq"
                        ],
                        "alternativni_1": [],
                        "alternativni_2": []
                    }
                },
                {
                    "episode_number": 47,
                    "title": "Epizoda 47",
                    "link_groups": {
                        "glavni": [
                            "https:\/\/www.file-upload.org\/29ffiygnitsa"
                        ],
                        "alternativni_1": [],
                        "alternativni_2": []
                    }
                },
                {
                    "episode_number": 48,
                    "title": "Epizoda 48",
                    "link_groups": {
                        "glavni": [
                            "https:\/\/www.file-upload.org\/q0ty9zbp469y"
                        ],
                        "alternativni_1": [],
                        "alternativni_2": []
                    }
                },
                {
                    "episode_number": 49,
                    "title": "Epizoda 49",
                    "link_groups": {
                        "glavni": [
                            "https:\/\/www.file-upload.org\/7ar6p2xgv3az"
                        ],
                        "alternativni_1": [],
                        "alternativni_2": []
                    }
                },
                {
                    "episode_number": 50,
                    "title": "Epizoda 50",
                    "link_groups": {
                        "glavni": [
                            "https:\/\/www.file-upload.org\/g2i2qnf60fvd"
                        ],
                        "alternativni_1": [],
                        "alternativni_2": []
                    }
                },
                {
                    "episode_number": 51,
                    "title": "Epizoda 51",
                    "link_groups": {
                        "glavni": [
                            "https:\/\/www.file-upload.org\/sd4y0m65dr6n"
                        ],
                        "alternativni_1": [],
                        "alternativni_2": []
                    }
                },
                {
                    "episode_number": 52,
                    "title": "Epizoda 52",
                    "link_groups": {
                        "glavni": [
                            "https:\/\/www.file-upload.org\/hekctwiilkpd"
                        ],
                        "alternativni_1": [],
                        "alternativni_2": []
                    }
                },
                {
                    "episode_number": 53,
                    "title": "Epizoda 53",
                    "link_groups": {
                        "glavni": [
                            "https:\/\/www.file-upload.org\/j33d0ac2nq3z"
                        ],
                        "alternativni_1": [],
                        "alternativni_2": []
                    }
                },
                {
                    "episode_number": 54,
                    "title": "Epizoda 54",
                    "link_groups": {
                        "glavni": [
                            "https:\/\/www.file-upload.org\/0rlstkqr05as"
                        ],
                        "alternativni_1": [],
                        "alternativni_2": []
                    }
                },
                {
                    "episode_number": 55,
                    "title": "Epizoda 55",
                    "link_groups": {
                        "glavni": [
                            "https:\/\/www.file-upload.org\/mgkvhklwci8o"
                        ],
                        "alternativni_1": [],
                        "alternativni_2": []
                    }
                },
                {
                    "episode_number": 56,
                    "title": "Epizoda 56",
                    "link_groups": {
                        "glavni": [
                            "https:\/\/www.file-upload.org\/am5hgshnocz9"
                        ],
                        "alternativni_1": [],
                        "alternativni_2": []
                    }
                },
                {
                    "episode_number": 57,
                    "title": "Epizoda 57",
                    "link_groups": {
                        "glavni": [
                            "https:\/\/www.file-upload.org\/q8zogowh4jdj"
                        ],
                        "alternativni_1": [],
                        "alternativni_2": []
                    }
                },
                {
                    "episode_number": 58,
                    "title": "Epizoda 58",
                    "link_groups": {
                        "glavni": [
                            "https:\/\/www.file-upload.org\/h4cktwqyo5rn"
                        ],
                        "alternativni_1": [],
                        "alternativni_2": []
                    }
                },
                {
                    "episode_number": 59,
                    "title": "Epizoda 59",
                    "link_groups": {
                        "glavni": [
                            "https:\/\/www.file-upload.org\/or0va7rff1ar"
                        ],
                        "alternativni_1": [],
                        "alternativni_2": []
                    }
                },
                {
                    "episode_number": 60,
                    "title": "Epizoda 60",
                    "link_groups": {
                        "glavni": [
                            "https:\/\/www.file-upload.org\/7xz93mtdtcr2"
                        ],
                        "alternativni_1": [],
                        "alternativni_2": []
                    }
                },
                {
                    "episode_number": 61,
                    "title": "Epizoda 61",
                    "link_groups": {
                        "glavni": [
                            "https:\/\/www.file-upload.org\/i3tyychmvgk8"
                        ],
                        "alternativni_1": [],
                        "alternativni_2": []
                    }
                },
                {
                    "episode_number": 62,
                    "title": "Epizoda 62",
                    "link_groups": {
                        "glavni": [
                            "https:\/\/www.file-upload.org\/g8i2tmipjur9"
                        ],
                        "alternativni_1": [],
                        "alternativni_2": []
                    }
                },
                {
                    "episode_number": 63,
                    "title": "Epizoda 63",
                    "link_groups": {
                        "glavni": [
                            "https:\/\/www.file-upload.org\/wfb5kjdab86l"
                        ],
                        "alternativni_1": [],
                        "alternativni_2": []
                    }
                },
                {
                    "episode_number": 64,
                    "title": "Epizoda 64",
                    "link_groups": {
                        "glavni": [
                            "https:\/\/www.file-upload.org\/snf54738ua8d"
                        ],
                        "alternativni_1": [],
                        "alternativni_2": []
                    }
                },
                {
                    "episode_number": 65,
                    "title": "Epizoda 65",
                    "link_groups": {
                        "glavni": [
                            "https:\/\/www.file-upload.org\/7t7cosyhvose"
                        ],
                        "alternativni_1": [],
                        "alternativni_2": []
                    }
                },
                {
                    "episode_number": 66,
                    "title": "Epizoda 66",
                    "link_groups": {
                        "glavni": [
                            "https:\/\/www.file-upload.org\/pu58p311rgbk"
                        ],
                        "alternativni_1": [],
                        "alternativni_2": []
                    }
                },
                {
                    "episode_number": 67,
                    "title": "Epizoda 67",
                    "link_groups": {
                        "glavni": [
                            "https:\/\/www.file-upload.org\/vbnqm290z0ei"
                        ],
                        "alternativni_1": [],
                        "alternativni_2": []
                    }
                },
                {
                    "episode_number": 68,
                    "title": "Epizoda 68",
                    "link_groups": {
                        "glavni": [
                            "https:\/\/www.file-upload.org\/wvzsl59y78mz"
                        ],
                        "alternativni_1": [],
                        "alternativni_2": []
                    }
                },
                {
                    "episode_number": 69,
                    "title": "Epizoda 69",
                    "link_groups": {
                        "glavni": [
                            "https:\/\/www.file-upload.org\/ika5ke1hllwg"
                        ],
                        "alternativni_1": [],
                        "alternativni_2": []
                    }
                },
                {
                    "episode_number": 70,
                    "title": "Epizoda 70",
                    "link_groups": {
                        "glavni": [
                            "https:\/\/www.file-upload.org\/uto8zxdxwonn"
                        ],
                        "alternativni_1": [],
                        "alternativni_2": []
                    }
                },
                {
                    "episode_number": 71,
                    "title": "Epizoda 71",
                    "link_groups": {
                        "glavni": [
                            "https:\/\/www.file-upload.org\/94zdhrf0nwx8"
                        ],
                        "alternativni_1": [],
                        "alternativni_2": []
                    }
                },
                {
                    "episode_number": 72,
                    "title": "Epizoda 72",
                    "link_groups": {
                        "glavni": [
                            "https:\/\/www.file-upload.org\/ib69h7qwxtty"
                        ],
                        "alternativni_1": [],
                        "alternativni_2": []
                    }
                },
                {
                    "episode_number": 73,
                    "title": "Epizoda 73",
                    "link_groups": {
                        "glavni": [
                            "https:\/\/www.file-upload.org\/430xwkhrqobu"
                        ],
                        "alternativni_1": [],
                        "alternativni_2": []
                    }
                },
                {
                    "episode_number": 74,
                    "title": "Epizoda 74",
                    "link_groups": {
                        "glavni": [
                            "https:\/\/www.file-upload.org\/oshxnifw94ue"
                        ],
                        "alternativni_1": [],
                        "alternativni_2": []
                    }
                },
                {
                    "episode_number": 75,
                    "title": "Epizoda 75",
                    "link_groups": {
                        "glavni": [
                            "https:\/\/www.file-upload.org\/5ln4ur12cai1"
                        ],
                        "alternativni_1": [],
                        "alternativni_2": []
                    }
                },
                {
                    "episode_number": 76,
                    "title": "Epizoda 76",
                    "link_groups": {
                        "glavni": [
                            "https:\/\/www.file-upload.org\/5q6f6z097nlp"
                        ],
                        "alternativni_1": [],
                        "alternativni_2": []
                    }
                },
                {
                    "episode_number": 77,
                    "title": "Epizoda 77",
                    "link_groups": {
                        "glavni": [
                            "https:\/\/www.file-upload.org\/m64cky6gj8ut"
                        ],
                        "alternativni_1": [],
                        "alternativni_2": []
                    }
                },
                {
                    "episode_number": 78,
                    "title": "Epizoda 78",
                    "link_groups": {
                        "glavni": [
                            "https:\/\/www.file-upload.org\/1f4o2lw2wmzt"
                        ],
                        "alternativni_1": [],
                        "alternativni_2": []
                    }
                },
                {
                    "episode_number": 79,
                    "title": "Epizoda 79",
                    "link_groups": {
                        "glavni": [
                            "https:\/\/www.file-upload.org\/ibdhix6kggu1"
                        ],
                        "alternativni_1": [],
                        "alternativni_2": []
                    }
                },
                {
                    "episode_number": 80,
                    "title": "Epizoda 80",
                    "link_groups": {
                        "glavni": [
                            "https:\/\/www.file-upload.org\/p3l62qipir1n"
                        ],
                        "alternativni_1": [],
                        "alternativni_2": []
                    }
                },
                {
                    "episode_number": 81,
                    "title": "Epizoda 81",
                    "link_groups": {
                        "glavni": [
                            "https:\/\/www.file-upload.org\/vsv5yyxc6wx6"
                        ],
                        "alternativni_1": [],
                        "alternativni_2": []
                    }
                },
                {
                    "episode_number": 82,
                    "title": "Epizoda 82",
                    "link_groups": {
                        "glavni": [
                            "https:\/\/www.file-upload.org\/igp6cmzlplkq"
                        ],
                        "alternativni_1": [],
                        "alternativni_2": []
                    }
                },
                {
                    "episode_number": 83,
                    "title": "Epizoda 83",
                    "link_groups": {
                        "glavni": [
                            "https:\/\/www.file-upload.org\/1chjfzcnw6q9"
                        ],
                        "alternativni_1": [],
                        "alternativni_2": []
                    }
                },
                {
                    "episode_number": 84,
                    "title": "Epizoda 84",
                    "link_groups": {
                        "glavni": [
                            "https:\/\/www.file-upload.org\/vr8ykccic8ln"
                        ],
                        "alternativni_1": [],
                        "alternativni_2": []
                    }
                },
                {
                    "episode_number": 85,
                    "title": "Epizoda 85",
                    "link_groups": {
                        "glavni": [
                            "https:\/\/www.file-upload.org\/xw4ys8ff1v3y"
                        ],
                        "alternativni_1": [],
                        "alternativni_2": []
                    }
                },
                {
                    "episode_number": 86,
                    "title": "Epizoda 86",
                    "link_groups": {
                        "glavni": [
                            "https:\/\/www.file-upload.org\/eosh1lrpxglv"
                        ],
                        "alternativni_1": [],
                        "alternativni_2": []
                    }
                },
                {
                    "episode_number": 87,
                    "title": "Epizoda 87",
                    "link_groups": {
                        "glavni": [
                            "https:\/\/www.file-upload.org\/lb73ptvew2v9"
                        ],
                        "alternativni_1": [],
                        "alternativni_2": []
                    }
                },
                {
                    "episode_number": 88,
                    "title": "Epizoda 88",
                    "link_groups": {
                        "glavni": [
                            "https:\/\/www.file-upload.org\/0r0elpfae6i5"
                        ],
                        "alternativni_1": [],
                        "alternativni_2": []
                    }
                },
                {
                    "episode_number": 89,
                    "title": "Epizoda 89",
                    "link_groups": {
                        "glavni": [
                            "https:\/\/www.file-upload.org\/dvx8fm90avgl"
                        ],
                        "alternativni_1": [],
                        "alternativni_2": []
                    }
                },
                {
                    "episode_number": 90,
                    "title": "Epizoda 90",
                    "link_groups": {
                        "glavni": [
                            "https:\/\/www.file-upload.org\/vj2ei1m2w9e7"
                        ],
                        "alternativni_1": [],
                        "alternativni_2": []
                    }
                },
                {
                    "episode_number": 91,
                    "title": "Epizoda 91",
                    "link_groups": {
                        "glavni": [
                            "https:\/\/www.file-upload.org\/deohe2mlybq1"
                        ],
                        "alternativni_1": [],
                        "alternativni_2": []
                    }
                },
                {
                    "episode_number": 92,
                    "title": "Epizoda 92",
                    "link_groups": {
                        "glavni": [
                            "https:\/\/www.file-upload.org\/pfs4v75ozxfs"
                        ],
                        "alternativni_1": [],
                        "alternativni_2": []
                    }
                },
                {
                    "episode_number": 93,
                    "title": "Epizoda 93",
                    "link_groups": {
                        "glavni": [
                            "https:\/\/www.file-upload.org\/bxdalk991sc1"
                        ],
                        "alternativni_1": [],
                        "alternativni_2": []
                    }
                },
                {
                    "episode_number": 94,
                    "title": "Epizoda 94",
                    "link_groups": {
                        "glavni": [
                            "https:\/\/www.file-upload.org\/vj7vmzftt0tq"
                        ],
                        "alternativni_1": [],
                        "alternativni_2": []
                    }
                },
                {
                    "episode_number": 95,
                    "title": "Epizoda 95",
                    "link_groups": {
                        "glavni": [
                            "https:\/\/www.file-upload.org\/8hbb8svjnovo"
                        ],
                        "alternativni_1": [],
                        "alternativni_2": []
                    }
                },
                {
                    "episode_number": 96,
                    "title": "Epizoda 96",
                    "link_groups": {
                        "glavni": [
                            "https:\/\/www.file-upload.org\/o32h1uzf1423"
                        ],
                        "alternativni_1": [],
                        "alternativni_2": []
                    }
                },
                {
                    "episode_number": 97,
                    "title": "Epizoda 97",
                    "link_groups": {
                        "glavni": [
                            "https:\/\/www.file-upload.org\/uc00gqz6chg1"
                        ],
                        "alternativni_1": [],
                        "alternativni_2": []
                    }
                },
                {
                    "episode_number": 98,
                    "title": "Epizoda 98",
                    "link_groups": {
                        "glavni": [
                            "https:\/\/www.file-upload.org\/eblxssvrqsl5"
                        ],
                        "alternativni_1": [],
                        "alternativni_2": []
                    }
                },
                {
                    "episode_number": 99,
                    "title": "Epizoda 99",
                    "link_groups": {
                        "glavni": [
                            "https:\/\/www.file-upload.org\/34ti205l6idg"
                        ],
                        "alternativni_1": [],
                        "alternativni_2": []
                    }
                },
                {
                    "episode_number": 100,
                    "title": "Epizoda 100",
                    "link_groups": {
                        "glavni": [
                            "https:\/\/www.file-upload.org\/nk0pcd83p2f4"
                        ],
                        "alternativni_1": [],
                        "alternativni_2": []
                    }
                },
                {
                    "episode_number": 101,
                    "title": "Epizoda 101",
                    "link_groups": {
                        "glavni": [
                            "https:\/\/www.file-upload.org\/fv179t9c5712"
                        ],
                        "alternativni_1": [],
                        "alternativni_2": []
                    }
                },
                {
                    "episode_number": 102,
                    "title": "Epizoda 102",
                    "link_groups": {
                        "glavni": [
                            "https:\/\/www.file-upload.org\/vqp80dndh335"
                        ],
                        "alternativni_1": [],
                        "alternativni_2": []
                    }
                },
                {
                    "episode_number": 103,
                    "title": "Epizoda 103",
                    "link_groups": {
                        "glavni": [
                            "https:\/\/www.file-upload.org\/2f7o0z565gx0"
                        ],
                        "alternativni_1": [],
                        "alternativni_2": []
                    }
                },
                {
                    "episode_number": 104,
                    "title": "Epizoda 104",
                    "link_groups": {
                        "glavni": [
                            "https:\/\/www.file-upload.org\/m51jd1cdzn9e"
                        ],
                        "alternativni_1": [],
                        "alternativni_2": []
                    }
                },
                {
                    "episode_number": 105,
                    "title": "Epizoda 105",
                    "link_groups": {
                        "glavni": [
                            "https:\/\/www.file-upload.org\/j0t5qv4dpdcy"
                        ],
                        "alternativni_1": [],
                        "alternativni_2": []
                    }
                },
                {
                    "episode_number": 106,
                    "title": "Epizoda 106",
                    "link_groups": {
                        "glavni": [
                            "https:\/\/www.file-upload.org\/85d1t7mvthdt"
                        ],
                        "alternativni_1": [],
                        "alternativni_2": []
                    }
                },
                {
                    "episode_number": 107,
                    "title": "Epizoda 107",
                    "link_groups": {
                        "glavni": [
                            "https:\/\/www.file-upload.org\/xzl455m1v85u"
                        ],
                        "alternativni_1": [],
                        "alternativni_2": []
                    }
                },
                {
                    "episode_number": 108,
                    "title": "Epizoda 108",
                    "link_groups": {
                        "glavni": [
                            "https:\/\/www.file-upload.org\/k5d7z93rdzva"
                        ],
                        "alternativni_1": [],
                        "alternativni_2": []
                    }
                },
                {
                    "episode_number": 109,
                    "title": "Epizoda 109",
                    "link_groups": {
                        "glavni": [
                            "https:\/\/www.file-upload.org\/38y3ezas7ood"
                        ],
                        "alternativni_1": [],
                        "alternativni_2": []
                    }
                },
                {
                    "episode_number": 110,
                    "title": "Epizoda 110",
                    "link_groups": {
                        "glavni": [
                            "https:\/\/www.file-upload.org\/khprcuv28yr6"
                        ],
                        "alternativni_1": [],
                        "alternativni_2": []
                    }
                },
                {
                    "episode_number": 111,
                    "title": "Epizoda 111",
                    "link_groups": {
                        "glavni": [
                            "https:\/\/www.file-upload.org\/8oxr83gwvtmk"
                        ],
                        "alternativni_1": [],
                        "alternativni_2": []
                    }
                },
                {
                    "episode_number": 112,
                    "title": "Epizoda 112",
                    "link_groups": {
                        "glavni": [
                            "https:\/\/www.file-upload.org\/srbemakpcx2d"
                        ],
                        "alternativni_1": [],
                        "alternativni_2": []
                    }
                },
                {
                    "episode_number": 113,
                    "title": "Epizoda 113",
                    "link_groups": {
                        "glavni": [
                            "https:\/\/www.file-upload.org\/ser9q1320v3r"
                        ],
                        "alternativni_1": [],
                        "alternativni_2": []
                    }
                },
                {
                    "episode_number": 114,
                    "title": "Epizoda 114",
                    "link_groups": {
                        "glavni": [
                            "https:\/\/www.file-upload.org\/obcaflebwfik"
                        ],
                        "alternativni_1": [],
                        "alternativni_2": []
                    }
                },
                {
                    "episode_number": 115,
                    "title": "Epizoda 115",
                    "link_groups": {
                        "glavni": [
                            "https:\/\/www.file-upload.org\/8m2lf7zwq8my"
                        ],
                        "alternativni_1": [],
                        "alternativni_2": []
                    }
                },
                {
                    "episode_number": 116,
                    "title": "Epizoda 116",
                    "link_groups": {
                        "glavni": [
                            "https:\/\/www.file-upload.org\/lkuv76fuxjg3"
                        ],
                        "alternativni_1": [],
                        "alternativni_2": []
                    }
                },
                {
                    "episode_number": 117,
                    "title": "Epizoda 117",
                    "link_groups": {
                        "glavni": [
                            "https:\/\/www.file-upload.org\/6f3e8dhxuhq5"
                        ],
                        "alternativni_1": [],
                        "alternativni_2": []
                    }
                },
                {
                    "episode_number": 118,
                    "title": "Epizoda 118",
                    "link_groups": {
                        "glavni": [
                            "https:\/\/www.file-upload.org\/oksuax7xhsyq"
                        ],
                        "alternativni_1": [],
                        "alternativni_2": []
                    }
                },
                {
                    "episode_number": 119,
                    "title": "Epizoda 119",
                    "link_groups": {
                        "glavni": [
                            "https:\/\/www.file-upload.org\/41syc4ulmkrs"
                        ],
                        "alternativni_1": [],
                        "alternativni_2": []
                    }
                },
                {
                    "episode_number": 120,
                    "title": "Epizoda 120",
                    "link_groups": {
                        "glavni": [
                            "https:\/\/www.file-upload.org\/evpxbot2ent7"
                        ],
                        "alternativni_1": [],
                        "alternativni_2": []
                    }
                },
                {
                    "episode_number": 121,
                    "title": "Epizoda 121",
                    "link_groups": {
                        "glavni": [
                            "https:\/\/www.file-upload.org\/h5kpv38t74lw"
                        ],
                        "alternativni_1": [],
                        "alternativni_2": []
                    }
                },
                {
                    "episode_number": 122,
                    "title": "Epizoda 122",
                    "link_groups": {
                        "glavni": [
                            "https:\/\/www.file-upload.org\/67hrp7987ws4"
                        ],
                        "alternativni_1": [],
                        "alternativni_2": []
                    }
                },
                {
                    "episode_number": 123,
                    "title": "Epizoda 123",
                    "link_groups": {
                        "glavni": [
                            "https:\/\/www.file-upload.org\/dh607czgnb29"
                        ],
                        "alternativni_1": [],
                        "alternativni_2": []
                    }
                },
                {
                    "episode_number": 124,
                    "title": "Epizoda 124",
                    "link_groups": {
                        "glavni": [
                            "https:\/\/www.file-upload.org\/qek8uuzvrqc0"
                        ],
                        "alternativni_1": [],
                        "alternativni_2": []
                    }
                },
                {
                    "episode_number": 125,
                    "title": "Epizoda 125",
                    "link_groups": {
                        "glavni": [
                            "https:\/\/www.file-upload.org\/dmknyll0hmua"
                        ],
                        "alternativni_1": [],
                        "alternativni_2": []
                    }
                },
                {
                    "episode_number": 126,
                    "title": "Epizoda 126",
                    "link_groups": {
                        "glavni": [
                            "https:\/\/www.file-upload.org\/zqrnmxgu15qu"
                        ],
                        "alternativni_1": [],
                        "alternativni_2": []
                    }
                },
                {
                    "episode_number": 127,
                    "title": "Epizoda 127",
                    "link_groups": {
                        "glavni": [
                            "https:\/\/www.file-upload.org\/sq8j8w6p1x0h"
                        ],
                        "alternativni_1": [],
                        "alternativni_2": []
                    }
                },
                {
                    "episode_number": 128,
                    "title": "Epizoda 128",
                    "link_groups": {
                        "glavni": [
                            "https:\/\/www.file-upload.org\/zwdngsp6lc5q"
                        ],
                        "alternativni_1": [],
                        "alternativni_2": []
                    }
                },
                {
                    "episode_number": 129,
                    "title": "Epizoda 129",
                    "link_groups": {
                        "glavni": [
                            "https:\/\/www.file-upload.org\/oyju58d6zcfa"
                        ],
                        "alternativni_1": [],
                        "alternativni_2": []
                    }
                },
                {
                    "episode_number": 130,
                    "title": "Epizoda 130",
                    "link_groups": {
                        "glavni": [
                            "https:\/\/www.file-upload.org\/qm3q8bx1u3rh"
                        ],
                        "alternativni_1": [],
                        "alternativni_2": []
                    }
                },
                {
                    "episode_number": 131,
                    "title": "Epizoda 131",
                    "link_groups": {
                        "glavni": [
                            "https:\/\/www.file-upload.org\/ettqpoqkw5rg"
                        ],
                        "alternativni_1": [],
                        "alternativni_2": []
                    }
                },
                {
                    "episode_number": 132,
                    "title": "Epizoda 132",
                    "link_groups": {
                        "glavni": [
                            "https:\/\/www.file-upload.org\/gfvenur2tiuq"
                        ],
                        "alternativni_1": [],
                        "alternativni_2": []
                    }
                },
                {
                    "episode_number": 133,
                    "title": "Epizoda 133",
                    "link_groups": {
                        "glavni": [
                            "https:\/\/www.file-upload.org\/ccbfcs7qcbjq"
                        ],
                        "alternativni_1": [],
                        "alternativni_2": []
                    }
                },
                {
                    "episode_number": 134,
                    "title": "Epizoda 134",
                    "link_groups": {
                        "glavni": [
                            "https:\/\/www.file-upload.org\/azvpln9z4fb1"
                        ],
                        "alternativni_1": [],
                        "alternativni_2": []
                    }
                },
                {
                    "episode_number": 135,
                    "title": "Epizoda 135",
                    "link_groups": {
                        "glavni": [
                            "https:\/\/www.file-upload.org\/kprtzfaw7d9d"
                        ],
                        "alternativni_1": [],
                        "alternativni_2": []
                    }
                },
                {
                    "episode_number": 136,
                    "title": "Epizoda 136",
                    "link_groups": {
                        "glavni": [
                            "https:\/\/www.file-upload.org\/e7udklpft8qz"
                        ],
                        "alternativni_1": [],
                        "alternativni_2": []
                    }
                },
                {
                    "episode_number": 137,
                    "title": "Epizoda 137",
                    "link_groups": {
                        "glavni": [
                            "https:\/\/www.file-upload.org\/myhx60j2gl39"
                        ],
                        "alternativni_1": [],
                        "alternativni_2": []
                    }
                },
                {
                    "episode_number": 138,
                    "title": "Epizoda 138",
                    "link_groups": {
                        "glavni": [
                            "https:\/\/www.file-upload.org\/yjggam20r41v"
                        ],
                        "alternativni_1": [],
                        "alternativni_2": []
                    }
                },
                {
                    "episode_number": 139,
                    "title": "Epizoda 139",
                    "link_groups": {
                        "glavni": [
                            "https:\/\/www.file-upload.org\/fm31xqqsfiro"
                        ],
                        "alternativni_1": [],
                        "alternativni_2": []
                    }
                },
                {
                    "episode_number": 140,
                    "title": "Epizoda 140",
                    "link_groups": {
                        "glavni": [
                            "https:\/\/www.file-upload.org\/7whc1y5o5jtm"
                        ],
                        "alternativni_1": [],
                        "alternativni_2": []
                    }
                },
                {
                    "episode_number": 141,
                    "title": "Epizoda 141",
                    "link_groups": {
                        "glavni": [
                            "https:\/\/www.file-upload.org\/x7h4rcr8xuzw"
                        ],
                        "alternativni_1": [],
                        "alternativni_2": []
                    }
                },
                {
                    "episode_number": 142,
                    "title": "Epizoda 142",
                    "link_groups": {
                        "glavni": [
                            "https:\/\/www.file-upload.org\/hszhsjkomay8"
                        ],
                        "alternativni_1": [],
                        "alternativni_2": []
                    }
                },
                {
                    "episode_number": 143,
                    "title": "Epizoda 143",
                    "link_groups": {
                        "glavni": [
                            "https:\/\/www.file-upload.org\/3kwp5ospmhha"
                        ],
                        "alternativni_1": [],
                        "alternativni_2": []
                    }
                },
                {
                    "episode_number": 144,
                    "title": "Epizoda 144",
                    "link_groups": {
                        "glavni": [
                            "https:\/\/www.file-upload.org\/fctffgdpvd96"
                        ],
                        "alternativni_1": [],
                        "alternativni_2": []
                    }
                },
                {
                    "episode_number": 145,
                    "title": "Epizoda 145",
                    "link_groups": {
                        "glavni": [
                            "https:\/\/www.file-upload.org\/blrmq4hp0gco"
                        ],
                        "alternativni_1": [],
                        "alternativni_2": []
                    }
                },
                {
                    "episode_number": 146,
                    "title": "Epizoda 146",
                    "link_groups": {
                        "glavni": [
                            "https:\/\/www.file-upload.org\/11h38eqgjkfb"
                        ],
                        "alternativni_1": [],
                        "alternativni_2": []
                    }
                },
                {
                    "episode_number": 147,
                    "title": "Epizoda 147",
                    "link_groups": {
                        "glavni": [
                            "https:\/\/www.file-upload.org\/yzad19zkxocm"
                        ],
                        "alternativni_1": [],
                        "alternativni_2": []
                    }
                },
                {
                    "episode_number": 148,
                    "title": "Epizoda 148",
                    "link_groups": {
                        "glavni": [
                            "https:\/\/www.file-upload.org\/yb8fg69qxaf4"
                        ],
                        "alternativni_1": [],
                        "alternativni_2": []
                    }
                },
                {
                    "episode_number": 149,
                    "title": "Epizoda 149",
                    "link_groups": {
                        "glavni": [
                            "https:\/\/www.file-upload.org\/hvc0hjbg4kuu"
                        ],
                        "alternativni_1": [],
                        "alternativni_2": []
                    }
                },
                {
                    "episode_number": 150,
                    "title": "Epizoda 150",
                    "link_groups": {
                        "glavni": [
                            "https:\/\/www.file-upload.org\/o07x66c7vc6l"
                        ],
                        "alternativni_1": [],
                        "alternativni_2": []
                    }
                },
                {
                    "episode_number": 151,
                    "title": "Epizoda 151",
                    "link_groups": {
                        "glavni": [
                            "https:\/\/www.file-upload.org\/15vh3fy67491"
                        ],
                        "alternativni_1": [],
                        "alternativni_2": []
                    }
                },
                {
                    "episode_number": 152,
                    "title": "Epizoda 152",
                    "link_groups": {
                        "glavni": [
                            "https:\/\/www.file-upload.org\/ib50wz2r9oiw"
                        ],
                        "alternativni_1": [],
                        "alternativni_2": []
                    }
                },
                {
                    "episode_number": 153,
                    "title": "Epizoda 153",
                    "link_groups": {
                        "glavni": [
                            "https:\/\/www.file-upload.org\/s112t6vbztix"
                        ],
                        "alternativni_1": [],
                        "alternativni_2": []
                    }
                },
                {
                    "episode_number": 154,
                    "title": "Epizoda 154",
                    "link_groups": {
                        "glavni": [
                            "https:\/\/www.file-upload.org\/9td1k0cz75r0"
                        ],
                        "alternativni_1": [],
                        "alternativni_2": []
                    }
                },
                {
                    "episode_number": 155,
                    "title": "Epizoda 155",
                    "link_groups": {
                        "glavni": [
                            "https:\/\/www.file-upload.org\/24argsu0ezla"
                        ],
                        "alternativni_1": [],
                        "alternativni_2": []
                    }
                },
                {
                    "episode_number": 156,
                    "title": "Epizoda 156",
                    "link_groups": {
                        "glavni": [
                            "https:\/\/www.file-upload.org\/r7mvzcd14hum"
                        ],
                        "alternativni_1": [],
                        "alternativni_2": []
                    }
                },
                {
                    "episode_number": 157,
                    "title": "Epizoda 157",
                    "link_groups": {
                        "glavni": [
                            "https:\/\/www.file-upload.org\/tlkkv68mnqfw"
                        ],
                        "alternativni_1": [],
                        "alternativni_2": []
                    }
                },
                {
                    "episode_number": 158,
                    "title": "Epizoda 158",
                    "link_groups": {
                        "glavni": [
                            "https:\/\/www.file-upload.org\/453379kxsvlj"
                        ],
                        "alternativni_1": [],
                        "alternativni_2": []
                    }
                },
                {
                    "episode_number": 159,
                    "title": "Epizoda 159",
                    "link_groups": {
                        "glavni": [
                            "https:\/\/www.file-upload.org\/nijtxmp1x2ol"
                        ],
                        "alternativni_1": [],
                        "alternativni_2": []
                    }
                },
                {
                    "episode_number": 160,
                    "title": "Epizoda 160",
                    "link_groups": {
                        "glavni": [
                            "https:\/\/www.file-upload.org\/mii9ljmqie7p"
                        ],
                        "alternativni_1": [],
                        "alternativni_2": []
                    }
                },
                {
                    "episode_number": 161,
                    "title": "Epizoda 161",
                    "link_groups": {
                        "glavni": [
                            "https:\/\/www.file-upload.org\/8xruib1i29bf"
                        ],
                        "alternativni_1": [],
                        "alternativni_2": []
                    }
                },
                {
                    "episode_number": 162,
                    "title": "Epizoda 162",
                    "link_groups": {
                        "glavni": [
                            "https:\/\/www.file-upload.org\/3e9ln6dxvw34"
                        ],
                        "alternativni_1": [],
                        "alternativni_2": []
                    }
                },
                {
                    "episode_number": 163,
                    "title": "Epizoda 163",
                    "link_groups": {
                        "glavni": [
                            "https:\/\/www.file-upload.org\/m6fy5gnvvx9h"
                        ],
                        "alternativni_1": [],
                        "alternativni_2": []
                    }
                },
                {
                    "episode_number": 164,
                    "title": "Epizoda 164",
                    "link_groups": {
                        "glavni": [
                            "https:\/\/www.file-upload.org\/y95ao5kef6r9"
                        ],
                        "alternativni_1": [],
                        "alternativni_2": []
                    }
                },
                {
                    "episode_number": 165,
                    "title": "Epizoda 165",
                    "link_groups": {
                        "glavni": [
                            "https:\/\/www.file-upload.org\/drkbtucw44zz"
                        ],
                        "alternativni_1": [],
                        "alternativni_2": []
                    }
                },
                {
                    "episode_number": 166,
                    "title": "Epizoda 166",
                    "link_groups": {
                        "glavni": [
                            "https:\/\/www.file-upload.org\/b8jucnz6n7z2"
                        ],
                        "alternativni_1": [],
                        "alternativni_2": []
                    }
                }
            ]
        }
    },
    "last_updated": "2025-06-06 01:50:41"
}