{
    "title": "Dom Za Vesanje",
    "plot": "Dom za vešanje, u međunarodnoj distribuciji poznat pod engleskim naslovom Time of the Gypsies (srpskohrvatski: Vrijeme Cigana) je jugoslavensko-britansko-italijanski film snimljen 1988. godine u režiji Emira Kusturice, koji se smatra jednim od najuspješnijih ostvarenja njegove filmografije. Po žanru je drama sa elementima fantastike. Protagonist, čiji lik tumači Davor Dujmović, je Perhan, mladi Rom sa telekinetičkim sposobnostima. Radnja prikazuje kako ga Ahmed, vođa grupe Roma, na prevaru odvede u Milano gdje je prisiljen da se bavi kriminalom, dok u međuvremenu sanja o povratku u matičnu čergu gdje ga čeka buduća supruga po imenu Azra (čiji lik tumači Sinolička Trpkova). Snimljen nekoliko godina nakon Kusturučinog međunarodnog uspjeha sa Otac na službenom putu, te uz pomoć uglednog britanskog producenta Harryja Saltzmana, Dom za vešanje je izazvao veliku pažnju i očekivanja jugoslavenske javnosti, a koje je velikim dijelom i potvrdio na Kanskom festivalu gdje je Kusturica dobio Nagradu za najbolju režiju. Popularnosti filma je dosta pomogao i istoimeni soundtrack koji je po motivima romske muzike komponirao Goran Bregović, uključujući pjesmu Ederlezi koja je postala veliki hit i kasnije često bila obrađivana.",
    "thumb": "https:\/\/upload.wikimedia.org\/wikipedia\/sr\/d\/dd\/Dom_za_vesanje.jpg",
    "type": "serije",
    "created_at": "2025-05-29 11:30:06",
    "year": 1990,
    "seasons": {
        "1": {
            "title": "Sezona 1",
            "episodes": [
                {
                    "episode_number": 1,
                    "title": "Epizoda 1",
                    "link_groups": {
                        "glavni": [
                            "https:\/\/www.file-upload.org\/66rf6rey285z"
                        ],
                        "alternativni_1": [],
                        "alternativni_2": []
                    }
                },
                {
                    "episode_number": 2,
                    "title": "Epizoda 2",
                    "link_groups": {
                        "glavni": [
                            "https:\/\/www.file-upload.org\/c3i9ly76f2s9"
                        ],
                        "alternativni_1": [],
                        "alternativni_2": []
                    }
                },
                {
                    "episode_number": 3,
                    "title": "Epizoda 3",
                    "link_groups": {
                        "glavni": [
                            "https:\/\/www.file-upload.org\/uu9ytbdrucvt"
                        ],
                        "alternativni_1": [],
                        "alternativni_2": []
                    }
                },
                {
                    "episode_number": 4,
                    "title": "Epizoda 4",
                    "link_groups": {
                        "glavni": [
                            "https:\/\/www.file-upload.org\/92zjokc84uyf"
                        ],
                        "alternativni_1": [],
                        "alternativni_2": []
                    }
                },
                {
                    "episode_number": 5,
                    "title": "Epizoda 5",
                    "link_groups": {
                        "glavni": [
                            "https:\/\/www.file-upload.org\/r0j3yn8nvniv"
                        ],
                        "alternativni_1": [],
                        "alternativni_2": []
                    }
                }
            ]
        }
    }
}