{
    "title": "Sve Ce Biti Dobro",
    "plot": "Matko je u braku sa Nevenkom. No, ona mu je druga žena. Marija, njegova prva supruga i ljubav iz mladosti, je preminula za vreme porođaja. Marija nije bila samo Matkova velika ljubav, nego i sestra njegovog prijatelja Zorana. Nevenku, tada lepu i mladu stažistkinju, je oženio, kratko vreme nakon Marijine smrti i rođenja sina Slavena. Ona je sada ugledna lekarka Nevenka Augustinčić-Bebić, i radi u bolnici \"Zapad\". Ćerka Sunčica je razmažena mezimica porodice Bebić. Nevenkin otac, penzionisani hirurg Josip Augustinčić, je svoje vreme bio vrlo moćan čovek u medicinskim i političkim krugovima. Svoju ćerku je uvek podržavao. Nevenku je kroz život pratio osećaj, da za Matka predstavlja samo zamenu za njegovu prvu suprugu Mariju. U vreme dok proživljava bračnu krizu Nevenku opterećuju i događaji u bolnici, gde se očekuje dolazak novog primarijusa hirurgije. Prepreka u borbi za poziciju šefovice odela joj je ambiciozna lekarka Aleksandra Kirin, koja se neretko služi prljavim trikovima, kako bi se rešila konkurencije. Dodatne brige Nevenki stvara i mladi neozbiljni specijalizant Anton Kučera, kojeg više zanimaju medicinske sestre nego pacijenti i učenje o medicinskim zahvatima.",
    "thumb": "https:\/\/m.media-amazon.com\/images\/M\/MV5BODAyZGVkZDAtYmNhNi00YzQyLWE1YzUtMDRlZmM4NjNhMWNiXkEyXkFqcGc@._V1_.jpg",
    "type": "serije",
    "created_at": "2025-06-11 00:40:27",
    "year": 2008,
    "seasons": {
        "1": {
            "title": "Sezona 1",
            "episodes": [
                {
                    "episode_number": 1,
                    "title": "Epizoda 1",
                    "link_groups": {
                        "glavni": [
                            "https:\/\/www.file-upload.org\/cmpo848iyp82"
                        ],
                        "alternativni_1": [],
                        "alternativni_2": []
                    }
                },
                {
                    "episode_number": 2,
                    "title": "Epizoda 2",
                    "link_groups": {
                        "glavni": [
                            "https:\/\/www.file-upload.org\/ghxauj0iwvpe"
                        ],
                        "alternativni_1": [],
                        "alternativni_2": []
                    }
                },
                {
                    "episode_number": 3,
                    "title": "Epizoda 3",
                    "link_groups": {
                        "glavni": [
                            "https:\/\/www.file-upload.org\/bzbd1risbcc9"
                        ],
                        "alternativni_1": [],
                        "alternativni_2": []
                    }
                },
                {
                    "episode_number": 4,
                    "title": "Epizoda 4",
                    "link_groups": {
                        "glavni": [
                            "https:\/\/www.file-upload.org\/uv31hibx94gv"
                        ],
                        "alternativni_1": [],
                        "alternativni_2": []
                    }
                },
                {
                    "episode_number": 5,
                    "title": "Epizoda 5",
                    "link_groups": {
                        "glavni": [
                            "https:\/\/www.file-upload.org\/18sq63oa16tn"
                        ],
                        "alternativni_1": [],
                        "alternativni_2": []
                    }
                },
                {
                    "episode_number": 6,
                    "title": "Epizoda 6",
                    "link_groups": {
                        "glavni": [
                            "https:\/\/www.file-upload.org\/2sftnfi3ry4a"
                        ],
                        "alternativni_1": [],
                        "alternativni_2": []
                    }
                },
                {
                    "episode_number": 7,
                    "title": "Epizoda 7",
                    "link_groups": {
                        "glavni": [
                            "https:\/\/www.file-upload.org\/z6lfsam0ealh"
                        ],
                        "alternativni_1": [],
                        "alternativni_2": []
                    }
                },
                {
                    "episode_number": 8,
                    "title": "Epizoda 8",
                    "link_groups": {
                        "glavni": [
                            "https:\/\/www.file-upload.org\/tf3prsaqq0l0"
                        ],
                        "alternativni_1": [],
                        "alternativni_2": []
                    }
                },
                {
                    "episode_number": 9,
                    "title": "Epizoda 9",
                    "link_groups": {
                        "glavni": [
                            "https:\/\/www.file-upload.org\/mpq60mw8j751"
                        ],
                        "alternativni_1": [],
                        "alternativni_2": []
                    }
                },
                {
                    "episode_number": 10,
                    "title": "Epizoda 10",
                    "link_groups": {
                        "glavni": [
                            "https:\/\/www.file-upload.org\/96or6rvm1w6m"
                        ],
                        "alternativni_1": [],
                        "alternativni_2": []
                    }
                },
                {
                    "episode_number": 11,
                    "title": "Epizoda 11",
                    "link_groups": {
                        "glavni": [
                            "https:\/\/www.file-upload.org\/6k0r8ijnwedr"
                        ],
                        "alternativni_1": [],
                        "alternativni_2": []
                    }
                },
                {
                    "episode_number": 12,
                    "title": "Epizoda 12",
                    "link_groups": {
                        "glavni": [
                            "https:\/\/www.file-upload.org\/qwkg3f2zie2s"
                        ],
                        "alternativni_1": [],
                        "alternativni_2": []
                    }
                },
                {
                    "episode_number": 13,
                    "title": "Epizoda 13",
                    "link_groups": {
                        "glavni": [
                            "https:\/\/www.file-upload.org\/v4a5ekbi6m7r"
                        ],
                        "alternativni_1": [],
                        "alternativni_2": []
                    }
                },
                {
                    "episode_number": 14,
                    "title": "Epizoda 14",
                    "link_groups": {
                        "glavni": [
                            "https:\/\/www.file-upload.org\/zkcmc2i0td58"
                        ],
                        "alternativni_1": [],
                        "alternativni_2": []
                    }
                },
                {
                    "episode_number": 15,
                    "title": "Epizoda 15",
                    "link_groups": {
                        "glavni": [
                            "https:\/\/www.file-upload.org\/5nin9q7p1bur"
                        ],
                        "alternativni_1": [],
                        "alternativni_2": []
                    }
                },
                {
                    "episode_number": 16,
                    "title": "Epizoda 16",
                    "link_groups": {
                        "glavni": [
                            "https:\/\/www.file-upload.org\/2gl4h7970bv8"
                        ],
                        "alternativni_1": [],
                        "alternativni_2": []
                    }
                },
                {
                    "episode_number": 17,
                    "title": "Epizoda 17",
                    "link_groups": {
                        "glavni": [
                            "https:\/\/www.file-upload.org\/pukv07zjk9i9"
                        ],
                        "alternativni_1": [],
                        "alternativni_2": []
                    }
                },
                {
                    "episode_number": 18,
                    "title": "Epizoda 18",
                    "link_groups": {
                        "glavni": [
                            "https:\/\/www.file-upload.org\/vvmw46wi97s6"
                        ],
                        "alternativni_1": [],
                        "alternativni_2": []
                    }
                },
                {
                    "episode_number": 19,
                    "title": "Epizoda 19",
                    "link_groups": {
                        "glavni": [
                            "https:\/\/www.file-upload.org\/9bpxzhq7hanb"
                        ],
                        "alternativni_1": [],
                        "alternativni_2": []
                    }
                },
                {
                    "episode_number": 20,
                    "title": "Epizoda 20",
                    "link_groups": {
                        "glavni": [
                            "https:\/\/www.file-upload.org\/i3oda6csylwy"
                        ],
                        "alternativni_1": [],
                        "alternativni_2": []
                    }
                },
                {
                    "episode_number": 21,
                    "title": "Epizoda 21",
                    "link_groups": {
                        "glavni": [
                            "https:\/\/www.file-upload.org\/k54fvj3wn6dm"
                        ],
                        "alternativni_1": [],
                        "alternativni_2": []
                    }
                },
                {
                    "episode_number": 22,
                    "title": "Epizoda 22",
                    "link_groups": {
                        "glavni": [
                            "https:\/\/www.file-upload.org\/zjpw8gcjile5"
                        ],
                        "alternativni_1": [],
                        "alternativni_2": []
                    }
                },
                {
                    "episode_number": 23,
                    "title": "Epizoda 23",
                    "link_groups": {
                        "glavni": [
                            "https:\/\/www.file-upload.org\/p95c7zwwsev8"
                        ],
                        "alternativni_1": [],
                        "alternativni_2": []
                    }
                },
                {
                    "episode_number": 24,
                    "title": "Epizoda 24",
                    "link_groups": {
                        "glavni": [
                            "https:\/\/www.file-upload.org\/6qld7z0jsqai"
                        ],
                        "alternativni_1": [],
                        "alternativni_2": []
                    }
                },
                {
                    "episode_number": 25,
                    "title": "Epizoda 25",
                    "link_groups": {
                        "glavni": [
                            "https:\/\/www.file-upload.org\/ta0w1kxcj6jc"
                        ],
                        "alternativni_1": [],
                        "alternativni_2": []
                    }
                },
                {
                    "episode_number": 26,
                    "title": "Epizoda 26",
                    "link_groups": {
                        "glavni": [
                            "https:\/\/www.file-upload.org\/ua068l3zeyib"
                        ],
                        "alternativni_1": [],
                        "alternativni_2": []
                    }
                },
                {
                    "episode_number": 27,
                    "title": "Epizoda 27",
                    "link_groups": {
                        "glavni": [
                            "https:\/\/www.file-upload.org\/td876010gr5t"
                        ],
                        "alternativni_1": [],
                        "alternativni_2": []
                    }
                },
                {
                    "episode_number": 28,
                    "title": "Epizoda 28",
                    "link_groups": {
                        "glavni": [
                            "https:\/\/www.file-upload.org\/1roizktxfvdk"
                        ],
                        "alternativni_1": [],
                        "alternativni_2": []
                    }
                },
                {
                    "episode_number": 29,
                    "title": "Epizoda 29",
                    "link_groups": {
                        "glavni": [
                            "https:\/\/www.file-upload.org\/nts2io5tyj4y"
                        ],
                        "alternativni_1": [],
                        "alternativni_2": []
                    }
                },
                {
                    "episode_number": 30,
                    "title": "Epizoda 30",
                    "link_groups": {
                        "glavni": [
                            "https:\/\/www.file-upload.org\/o8zm75ygnvox"
                        ],
                        "alternativni_1": [],
                        "alternativni_2": []
                    }
                },
                {
                    "episode_number": 31,
                    "title": "Epizoda 31",
                    "link_groups": {
                        "glavni": [
                            "https:\/\/www.file-upload.org\/b9d7vawix76h"
                        ],
                        "alternativni_1": [],
                        "alternativni_2": []
                    }
                },
                {
                    "episode_number": 32,
                    "title": "Epizoda 32",
                    "link_groups": {
                        "glavni": [
                            "https:\/\/www.file-upload.org\/n64evypg30ws"
                        ],
                        "alternativni_1": [],
                        "alternativni_2": []
                    }
                },
                {
                    "episode_number": 33,
                    "title": "Epizoda 33",
                    "link_groups": {
                        "glavni": [
                            "https:\/\/www.file-upload.org\/pi6qppuhxb2w"
                        ],
                        "alternativni_1": [],
                        "alternativni_2": []
                    }
                },
                {
                    "episode_number": 34,
                    "title": "Epizoda 34",
                    "link_groups": {
                        "glavni": [
                            "https:\/\/www.file-upload.org\/4syn5z0l1nzt"
                        ],
                        "alternativni_1": [],
                        "alternativni_2": []
                    }
                },
                {
                    "episode_number": 35,
                    "title": "Epizoda 35",
                    "link_groups": {
                        "glavni": [
                            "https:\/\/www.file-upload.org\/hs2u5mi5rc59"
                        ],
                        "alternativni_1": [],
                        "alternativni_2": []
                    }
                },
                {
                    "episode_number": 36,
                    "title": "Epizoda 36",
                    "link_groups": {
                        "glavni": [
                            "https:\/\/www.file-upload.org\/z1gsmgqzkevt"
                        ],
                        "alternativni_1": [],
                        "alternativni_2": []
                    }
                },
                {
                    "episode_number": 37,
                    "title": "Epizoda 37",
                    "link_groups": {
                        "glavni": [
                            "https:\/\/www.file-upload.org\/wns2mhbebpka"
                        ],
                        "alternativni_1": [],
                        "alternativni_2": []
                    }
                },
                {
                    "episode_number": 38,
                    "title": "Epizoda 38",
                    "link_groups": {
                        "glavni": [
                            "https:\/\/www.file-upload.org\/7l5ipmzxtho3"
                        ],
                        "alternativni_1": [],
                        "alternativni_2": []
                    }
                },
                {
                    "episode_number": 39,
                    "title": "Epizoda 39",
                    "link_groups": {
                        "glavni": [
                            "https:\/\/www.file-upload.org\/vt334ruxegu2"
                        ],
                        "alternativni_1": [],
                        "alternativni_2": []
                    }
                },
                {
                    "episode_number": 40,
                    "title": "Epizoda 40",
                    "link_groups": {
                        "glavni": [
                            "https:\/\/www.file-upload.org\/v43xw5a4ztgo"
                        ],
                        "alternativni_1": [],
                        "alternativni_2": []
                    }
                },
                {
                    "episode_number": 41,
                    "title": "Epizoda 41",
                    "link_groups": {
                        "glavni": [
                            "https:\/\/www.file-upload.org\/i9ag49t1i0r1"
                        ],
                        "alternativni_1": [],
                        "alternativni_2": []
                    }
                },
                {
                    "episode_number": 42,
                    "title": "Epizoda 42",
                    "link_groups": {
                        "glavni": [
                            "https:\/\/www.file-upload.org\/y0e43klv5o9j"
                        ],
                        "alternativni_1": [],
                        "alternativni_2": []
                    }
                },
                {
                    "episode_number": 43,
                    "title": "Epizoda 43",
                    "link_groups": {
                        "glavni": [
                            "https:\/\/www.file-upload.org\/50cvtarj1zso"
                        ],
                        "alternativni_1": [],
                        "alternativni_2": []
                    }
                },
                {
                    "episode_number": 44,
                    "title": "Epizoda 44",
                    "link_groups": {
                        "glavni": [
                            "https:\/\/www.file-upload.org\/smw75v2fudpu"
                        ],
                        "alternativni_1": [],
                        "alternativni_2": []
                    }
                },
                {
                    "episode_number": 45,
                    "title": "Epizoda 45",
                    "link_groups": {
                        "glavni": [
                            "https:\/\/www.file-upload.org\/pqpcyt3rp1v9"
                        ],
                        "alternativni_1": [],
                        "alternativni_2": []
                    }
                },
                {
                    "episode_number": 46,
                    "title": "Epizoda 46",
                    "link_groups": {
                        "glavni": [
                            "https:\/\/www.file-upload.org\/66izjv7e2rhv"
                        ],
                        "alternativni_1": [],
                        "alternativni_2": []
                    }
                },
                {
                    "episode_number": 47,
                    "title": "Epizoda 47",
                    "link_groups": {
                        "glavni": [
                            "https:\/\/www.file-upload.org\/tyv9xdgf57dj"
                        ],
                        "alternativni_1": [],
                        "alternativni_2": []
                    }
                },
                {
                    "episode_number": 48,
                    "title": "Epizoda 48",
                    "link_groups": {
                        "glavni": [
                            "https:\/\/www.file-upload.org\/ww2xqk0fughe"
                        ],
                        "alternativni_1": [],
                        "alternativni_2": []
                    }
                },
                {
                    "episode_number": 49,
                    "title": "Epizoda 49",
                    "link_groups": {
                        "glavni": [
                            "https:\/\/www.file-upload.org\/1uk69cacorb3"
                        ],
                        "alternativni_1": [],
                        "alternativni_2": []
                    }
                },
                {
                    "episode_number": 50,
                    "title": "Epizoda 50",
                    "link_groups": {
                        "glavni": [
                            "https:\/\/www.file-upload.org\/rinkop19gdno"
                        ],
                        "alternativni_1": [],
                        "alternativni_2": []
                    }
                },
                {
                    "episode_number": 51,
                    "title": "Epizoda 51",
                    "link_groups": {
                        "glavni": [
                            "https:\/\/www.file-upload.org\/p762ylfczidh"
                        ],
                        "alternativni_1": [],
                        "alternativni_2": []
                    }
                },
                {
                    "episode_number": 52,
                    "title": "Epizoda 52",
                    "link_groups": {
                        "glavni": [
                            "https:\/\/www.file-upload.org\/irxlb7c9csi3"
                        ],
                        "alternativni_1": [],
                        "alternativni_2": []
                    }
                },
                {
                    "episode_number": 53,
                    "title": "Epizoda 53",
                    "link_groups": {
                        "glavni": [
                            "https:\/\/www.file-upload.org\/65n5wwqalmg5"
                        ],
                        "alternativni_1": [],
                        "alternativni_2": []
                    }
                },
                {
                    "episode_number": 54,
                    "title": "Epizoda 54",
                    "link_groups": {
                        "glavni": [
                            "https:\/\/www.file-upload.org\/qc3pzjdmo33q"
                        ],
                        "alternativni_1": [],
                        "alternativni_2": []
                    }
                },
                {
                    "episode_number": 55,
                    "title": "Epizoda 55",
                    "link_groups": {
                        "glavni": [
                            "https:\/\/www.file-upload.org\/u70xgu2k0uv8"
                        ],
                        "alternativni_1": [],
                        "alternativni_2": []
                    }
                },
                {
                    "episode_number": 56,
                    "title": "Epizoda 56",
                    "link_groups": {
                        "glavni": [
                            "https:\/\/www.file-upload.org\/yvn676ykw53i"
                        ],
                        "alternativni_1": [],
                        "alternativni_2": []
                    }
                },
                {
                    "episode_number": 57,
                    "title": "Epizoda 57",
                    "link_groups": {
                        "glavni": [
                            "https:\/\/www.file-upload.org\/tb4r6wj1gcrw"
                        ],
                        "alternativni_1": [],
                        "alternativni_2": []
                    }
                },
                {
                    "episode_number": 58,
                    "title": "Epizoda 58",
                    "link_groups": {
                        "glavni": [
                            "https:\/\/www.file-upload.org\/hf2ee8n0ggy5"
                        ],
                        "alternativni_1": [],
                        "alternativni_2": []
                    }
                },
                {
                    "episode_number": 59,
                    "title": "Epizoda 59",
                    "link_groups": {
                        "glavni": [
                            "https:\/\/www.file-upload.org\/h12dxy9s1qwq"
                        ],
                        "alternativni_1": [],
                        "alternativni_2": []
                    }
                },
                {
                    "episode_number": 60,
                    "title": "Epizoda 60",
                    "link_groups": {
                        "glavni": [
                            "https:\/\/www.file-upload.org\/2xst6dbx60o5"
                        ],
                        "alternativni_1": [],
                        "alternativni_2": []
                    }
                },
                {
                    "episode_number": 61,
                    "title": "Epizoda 61",
                    "link_groups": {
                        "glavni": [
                            "https:\/\/www.file-upload.org\/9slo0c7xyci8"
                        ],
                        "alternativni_1": [],
                        "alternativni_2": []
                    }
                },
                {
                    "episode_number": 62,
                    "title": "Epizoda 62",
                    "link_groups": {
                        "glavni": [
                            "https:\/\/www.file-upload.org\/2n9ki5wcafkh"
                        ],
                        "alternativni_1": [],
                        "alternativni_2": []
                    }
                },
                {
                    "episode_number": 63,
                    "title": "Epizoda 63",
                    "link_groups": {
                        "glavni": [
                            "https:\/\/www.file-upload.org\/0cljjpyhu4ab"
                        ],
                        "alternativni_1": [],
                        "alternativni_2": []
                    }
                },
                {
                    "episode_number": 64,
                    "title": "Epizoda 64",
                    "link_groups": {
                        "glavni": [
                            "https:\/\/www.file-upload.org\/tjffxqu9cuao"
                        ],
                        "alternativni_1": [],
                        "alternativni_2": []
                    }
                },
                {
                    "episode_number": 65,
                    "title": "Epizoda 65",
                    "link_groups": {
                        "glavni": [
                            "https:\/\/www.file-upload.org\/fk7amfje1g8z"
                        ],
                        "alternativni_1": [],
                        "alternativni_2": []
                    }
                },
                {
                    "episode_number": 66,
                    "title": "Epizoda 66",
                    "link_groups": {
                        "glavni": [
                            "https:\/\/www.file-upload.org\/la5y9xcueb6x"
                        ],
                        "alternativni_1": [],
                        "alternativni_2": []
                    }
                },
                {
                    "episode_number": 67,
                    "title": "Epizoda 67",
                    "link_groups": {
                        "glavni": [
                            "https:\/\/www.file-upload.org\/jh68za0s3v52"
                        ],
                        "alternativni_1": [],
                        "alternativni_2": []
                    }
                },
                {
                    "episode_number": 68,
                    "title": "Epizoda 68",
                    "link_groups": {
                        "glavni": [
                            "https:\/\/www.file-upload.org\/hjdex0xj70vi"
                        ],
                        "alternativni_1": [],
                        "alternativni_2": []
                    }
                },
                {
                    "episode_number": 69,
                    "title": "Epizoda 69",
                    "link_groups": {
                        "glavni": [
                            "https:\/\/www.file-upload.org\/n2i8lubnuav5"
                        ],
                        "alternativni_1": [],
                        "alternativni_2": []
                    }
                },
                {
                    "episode_number": 70,
                    "title": "Epizoda 70",
                    "link_groups": {
                        "glavni": [
                            "https:\/\/www.file-upload.org\/cgo6rxi7ppsg"
                        ],
                        "alternativni_1": [],
                        "alternativni_2": []
                    }
                },
                {
                    "episode_number": 71,
                    "title": "Epizoda 71",
                    "link_groups": {
                        "glavni": [
                            "https:\/\/www.file-upload.org\/cg2ou16b4ymg"
                        ],
                        "alternativni_1": [],
                        "alternativni_2": []
                    }
                },
                {
                    "episode_number": 72,
                    "title": "Epizoda 72",
                    "link_groups": {
                        "glavni": [
                            "https:\/\/www.file-upload.org\/y39ig8mn0bks"
                        ],
                        "alternativni_1": [],
                        "alternativni_2": []
                    }
                },
                {
                    "episode_number": 73,
                    "title": "Epizoda 73",
                    "link_groups": {
                        "glavni": [
                            "https:\/\/www.file-upload.org\/rzkv4z8o9l88"
                        ],
                        "alternativni_1": [],
                        "alternativni_2": []
                    }
                },
                {
                    "episode_number": 74,
                    "title": "Epizoda 74",
                    "link_groups": {
                        "glavni": [
                            "https:\/\/www.file-upload.org\/hsywfgu3s2df"
                        ],
                        "alternativni_1": [],
                        "alternativni_2": []
                    }
                },
                {
                    "episode_number": 75,
                    "title": "Epizoda 75",
                    "link_groups": {
                        "glavni": [
                            "https:\/\/www.file-upload.org\/huzrxhhhd3ju"
                        ],
                        "alternativni_1": [],
                        "alternativni_2": []
                    }
                },
                {
                    "episode_number": 76,
                    "title": "Epizoda 76",
                    "link_groups": {
                        "glavni": [
                            "https:\/\/www.file-upload.org\/sl5algfwgjpy"
                        ],
                        "alternativni_1": [],
                        "alternativni_2": []
                    }
                },
                {
                    "episode_number": 77,
                    "title": "Epizoda 77",
                    "link_groups": {
                        "glavni": [
                            "https:\/\/www.file-upload.org\/9gybvpyyh2ys"
                        ],
                        "alternativni_1": [],
                        "alternativni_2": []
                    }
                },
                {
                    "episode_number": 78,
                    "title": "Epizoda 78",
                    "link_groups": {
                        "glavni": [
                            "https:\/\/www.file-upload.org\/iecd7qtfqtd4"
                        ],
                        "alternativni_1": [],
                        "alternativni_2": []
                    }
                },
                {
                    "episode_number": 79,
                    "title": "Epizoda 79",
                    "link_groups": {
                        "glavni": [
                            "https:\/\/www.file-upload.org\/ios771febekb"
                        ],
                        "alternativni_1": [],
                        "alternativni_2": []
                    }
                },
                {
                    "episode_number": 80,
                    "title": "Epizoda 80",
                    "link_groups": {
                        "glavni": [
                            "https:\/\/www.file-upload.org\/mmwghue5ahig"
                        ],
                        "alternativni_1": [],
                        "alternativni_2": []
                    }
                },
                {
                    "episode_number": 81,
                    "title": "Epizoda 81",
                    "link_groups": {
                        "glavni": [
                            "https:\/\/www.file-upload.org\/vyx6jtr42uuz"
                        ],
                        "alternativni_1": [],
                        "alternativni_2": []
                    }
                },
                {
                    "episode_number": 82,
                    "title": "Epizoda 82",
                    "link_groups": {
                        "glavni": [
                            "https:\/\/www.file-upload.org\/aqm5s75myj8v"
                        ],
                        "alternativni_1": [],
                        "alternativni_2": []
                    }
                },
                {
                    "episode_number": 83,
                    "title": "Epizoda 83",
                    "link_groups": {
                        "glavni": [
                            "https:\/\/www.file-upload.org\/3izfyvx8z0tj"
                        ],
                        "alternativni_1": [],
                        "alternativni_2": []
                    }
                },
                {
                    "episode_number": 84,
                    "title": "Epizoda 84",
                    "link_groups": {
                        "glavni": [
                            "https:\/\/www.file-upload.org\/rx2bc9143qvl"
                        ],
                        "alternativni_1": [],
                        "alternativni_2": []
                    }
                },
                {
                    "episode_number": 85,
                    "title": "Epizoda 85",
                    "link_groups": {
                        "glavni": [
                            "https:\/\/www.file-upload.org\/kbo445kbfkzz"
                        ],
                        "alternativni_1": [],
                        "alternativni_2": []
                    }
                },
                {
                    "episode_number": 86,
                    "title": "Epizoda 86",
                    "link_groups": {
                        "glavni": [
                            "https:\/\/www.file-upload.org\/f5z43j8qo8to"
                        ],
                        "alternativni_1": [],
                        "alternativni_2": []
                    }
                },
                {
                    "episode_number": 87,
                    "title": "Epizoda 87",
                    "link_groups": {
                        "glavni": [
                            "https:\/\/www.file-upload.org\/mo6y8q562oni"
                        ],
                        "alternativni_1": [],
                        "alternativni_2": []
                    }
                },
                {
                    "episode_number": 88,
                    "title": "Epizoda 88",
                    "link_groups": {
                        "glavni": [
                            "https:\/\/www.file-upload.org\/5f861f7g6tzs"
                        ],
                        "alternativni_1": [],
                        "alternativni_2": []
                    }
                },
                {
                    "episode_number": 89,
                    "title": "Epizoda 89",
                    "link_groups": {
                        "glavni": [
                            "https:\/\/www.file-upload.org\/ykpw87z65pig"
                        ],
                        "alternativni_1": [],
                        "alternativni_2": []
                    }
                },
                {
                    "episode_number": 90,
                    "title": "Epizoda 90",
                    "link_groups": {
                        "glavni": [
                            "https:\/\/www.file-upload.org\/6e6cs2yyb20b"
                        ],
                        "alternativni_1": [],
                        "alternativni_2": []
                    }
                },
                {
                    "episode_number": 91,
                    "title": "Epizoda 91",
                    "link_groups": {
                        "glavni": [
                            "https:\/\/www.file-upload.org\/xofuoiicd76u"
                        ],
                        "alternativni_1": [],
                        "alternativni_2": []
                    }
                },
                {
                    "episode_number": 92,
                    "title": "Epizoda 92",
                    "link_groups": {
                        "glavni": [
                            "https:\/\/www.file-upload.org\/7dk4zrakyvsv"
                        ],
                        "alternativni_1": [],
                        "alternativni_2": []
                    }
                },
                {
                    "episode_number": 93,
                    "title": "Epizoda 93",
                    "link_groups": {
                        "glavni": [
                            "https:\/\/www.file-upload.org\/jnzjyhool66k"
                        ],
                        "alternativni_1": [],
                        "alternativni_2": []
                    }
                },
                {
                    "episode_number": 94,
                    "title": "Epizoda 94",
                    "link_groups": {
                        "glavni": [
                            "https:\/\/www.file-upload.org\/ak21vtuhffs7"
                        ],
                        "alternativni_1": [],
                        "alternativni_2": []
                    }
                },
                {
                    "episode_number": 95,
                    "title": "Epizoda 95",
                    "link_groups": {
                        "glavni": [
                            "https:\/\/www.file-upload.org\/td527e4rspty"
                        ],
                        "alternativni_1": [],
                        "alternativni_2": []
                    }
                },
                {
                    "episode_number": 96,
                    "title": "Epizoda 96",
                    "link_groups": {
                        "glavni": [
                            "https:\/\/www.file-upload.org\/9p84ksw2tc55"
                        ],
                        "alternativni_1": [],
                        "alternativni_2": []
                    }
                },
                {
                    "episode_number": 97,
                    "title": "Epizoda 97",
                    "link_groups": {
                        "glavni": [
                            "https:\/\/www.file-upload.org\/zf7nopj8ezkq"
                        ],
                        "alternativni_1": [],
                        "alternativni_2": []
                    }
                },
                {
                    "episode_number": 98,
                    "title": "Epizoda 98",
                    "link_groups": {
                        "glavni": [
                            "https:\/\/www.file-upload.org\/4igohjgf3dby"
                        ],
                        "alternativni_1": [],
                        "alternativni_2": []
                    }
                },
                {
                    "episode_number": 99,
                    "title": "Epizoda 99",
                    "link_groups": {
                        "glavni": [
                            "https:\/\/www.file-upload.org\/oceygzxmnwtf"
                        ],
                        "alternativni_1": [],
                        "alternativni_2": []
                    }
                },
                {
                    "episode_number": 100,
                    "title": "Epizoda 100",
                    "link_groups": {
                        "glavni": [
                            "https:\/\/www.file-upload.org\/01wnzgkhzbn0"
                        ],
                        "alternativni_1": [],
                        "alternativni_2": []
                    }
                },
                {
                    "episode_number": 101,
                    "title": "Epizoda 101",
                    "link_groups": {
                        "glavni": [
                            "https:\/\/www.file-upload.org\/8zigcbmncf70"
                        ],
                        "alternativni_1": [],
                        "alternativni_2": []
                    }
                },
                {
                    "episode_number": 102,
                    "title": "Epizoda 102",
                    "link_groups": {
                        "glavni": [
                            "https:\/\/www.file-upload.org\/fz1hx9hhbwjo"
                        ],
                        "alternativni_1": [],
                        "alternativni_2": []
                    }
                },
                {
                    "episode_number": 103,
                    "title": "Epizoda 103",
                    "link_groups": {
                        "glavni": [
                            "https:\/\/www.file-upload.org\/o6gu6lr9oljw"
                        ],
                        "alternativni_1": [],
                        "alternativni_2": []
                    }
                },
                {
                    "episode_number": 104,
                    "title": "Epizoda 104",
                    "link_groups": {
                        "glavni": [
                            "https:\/\/www.file-upload.org\/df2qxt3bf5k4"
                        ],
                        "alternativni_1": [],
                        "alternativni_2": []
                    }
                },
                {
                    "episode_number": 105,
                    "title": "Epizoda 105",
                    "link_groups": {
                        "glavni": [
                            "https:\/\/www.file-upload.org\/keb9s2r087ke"
                        ],
                        "alternativni_1": [],
                        "alternativni_2": []
                    }
                },
                {
                    "episode_number": 106,
                    "title": "Epizoda 106",
                    "link_groups": {
                        "glavni": [
                            "https:\/\/www.file-upload.org\/bq4d9gj8apbc"
                        ],
                        "alternativni_1": [],
                        "alternativni_2": []
                    }
                },
                {
                    "episode_number": 107,
                    "title": "Epizoda 107",
                    "link_groups": {
                        "glavni": [
                            "https:\/\/www.file-upload.org\/bm6dqlg8dzzx"
                        ],
                        "alternativni_1": [],
                        "alternativni_2": []
                    }
                },
                {
                    "episode_number": 108,
                    "title": "Epizoda 108",
                    "link_groups": {
                        "glavni": [
                            "https:\/\/www.file-upload.org\/nrl0awudprpe"
                        ],
                        "alternativni_1": [],
                        "alternativni_2": []
                    }
                },
                {
                    "episode_number": 109,
                    "title": "Epizoda 109",
                    "link_groups": {
                        "glavni": [
                            "https:\/\/www.file-upload.org\/ghu1vv9iv434"
                        ],
                        "alternativni_1": [],
                        "alternativni_2": []
                    }
                },
                {
                    "episode_number": 110,
                    "title": "Epizoda 110",
                    "link_groups": {
                        "glavni": [
                            "https:\/\/www.file-upload.org\/l6ujhdwsbj0j"
                        ],
                        "alternativni_1": [],
                        "alternativni_2": []
                    }
                },
                {
                    "episode_number": 111,
                    "title": "Epizoda 111",
                    "link_groups": {
                        "glavni": [
                            "https:\/\/www.file-upload.org\/a427s9ez0px7"
                        ],
                        "alternativni_1": [],
                        "alternativni_2": []
                    }
                },
                {
                    "episode_number": 112,
                    "title": "Epizoda 112",
                    "link_groups": {
                        "glavni": [
                            "https:\/\/www.file-upload.org\/cgg4tbq382wb"
                        ],
                        "alternativni_1": [],
                        "alternativni_2": []
                    }
                },
                {
                    "episode_number": 113,
                    "title": "Epizoda 113",
                    "link_groups": {
                        "glavni": [
                            "https:\/\/www.file-upload.org\/x327pcg5tda8"
                        ],
                        "alternativni_1": [],
                        "alternativni_2": []
                    }
                },
                {
                    "episode_number": 114,
                    "title": "Epizoda 114",
                    "link_groups": {
                        "glavni": [
                            "https:\/\/www.file-upload.org\/dc5bmks8qoa7"
                        ],
                        "alternativni_1": [],
                        "alternativni_2": []
                    }
                },
                {
                    "episode_number": 115,
                    "title": "Epizoda 115",
                    "link_groups": {
                        "glavni": [
                            "https:\/\/www.file-upload.org\/icowj43vs7ds"
                        ],
                        "alternativni_1": [],
                        "alternativni_2": []
                    }
                },
                {
                    "episode_number": 116,
                    "title": "Epizoda 116",
                    "link_groups": {
                        "glavni": [
                            "https:\/\/www.file-upload.org\/4kwm2qkk226d"
                        ],
                        "alternativni_1": [],
                        "alternativni_2": []
                    }
                },
                {
                    "episode_number": 117,
                    "title": "Epizoda 117",
                    "link_groups": {
                        "glavni": [
                            "https:\/\/www.file-upload.org\/2du3ifkch3zu"
                        ],
                        "alternativni_1": [],
                        "alternativni_2": []
                    }
                },
                {
                    "episode_number": 118,
                    "title": "Epizoda 118",
                    "link_groups": {
                        "glavni": [
                            "https:\/\/www.file-upload.org\/fbknogamn9zb"
                        ],
                        "alternativni_1": [],
                        "alternativni_2": []
                    }
                },
                {
                    "episode_number": 119,
                    "title": "Epizoda 119",
                    "link_groups": {
                        "glavni": [
                            "https:\/\/www.file-upload.org\/hs6na6c0ualf"
                        ],
                        "alternativni_1": [],
                        "alternativni_2": []
                    }
                },
                {
                    "episode_number": 120,
                    "title": "Epizoda 120",
                    "link_groups": {
                        "glavni": [
                            "https:\/\/www.file-upload.org\/awjzs7jgfp2z"
                        ],
                        "alternativni_1": [],
                        "alternativni_2": []
                    }
                },
                {
                    "episode_number": 121,
                    "title": "Epizoda 121",
                    "link_groups": {
                        "glavni": [
                            "https:\/\/www.file-upload.org\/d0l34jllksfs"
                        ],
                        "alternativni_1": [],
                        "alternativni_2": []
                    }
                },
                {
                    "episode_number": 122,
                    "title": "Epizoda 122",
                    "link_groups": {
                        "glavni": [
                            "https:\/\/www.file-upload.org\/ju3iddpwdyh2"
                        ],
                        "alternativni_1": [],
                        "alternativni_2": []
                    }
                },
                {
                    "episode_number": 123,
                    "title": "Epizoda 123",
                    "link_groups": {
                        "glavni": [
                            "https:\/\/www.file-upload.org\/0ay700n1cogd"
                        ],
                        "alternativni_1": [],
                        "alternativni_2": []
                    }
                },
                {
                    "episode_number": 124,
                    "title": "Epizoda 124",
                    "link_groups": {
                        "glavni": [
                            "https:\/\/www.file-upload.org\/b36peig8ue0z"
                        ],
                        "alternativni_1": [],
                        "alternativni_2": []
                    }
                },
                {
                    "episode_number": 125,
                    "title": "Epizoda 125",
                    "link_groups": {
                        "glavni": [
                            "https:\/\/www.file-upload.org\/f8v23kz96nct"
                        ],
                        "alternativni_1": [],
                        "alternativni_2": []
                    }
                },
                {
                    "episode_number": 126,
                    "title": "Epizoda 126",
                    "link_groups": {
                        "glavni": [
                            "https:\/\/www.file-upload.org\/ajx9kposdzor"
                        ],
                        "alternativni_1": [],
                        "alternativni_2": []
                    }
                },
                {
                    "episode_number": 127,
                    "title": "Epizoda 127",
                    "link_groups": {
                        "glavni": [
                            "https:\/\/www.file-upload.org\/5apohbeeorpz"
                        ],
                        "alternativni_1": [],
                        "alternativni_2": []
                    }
                },
                {
                    "episode_number": 128,
                    "title": "Epizoda 128",
                    "link_groups": {
                        "glavni": [
                            "https:\/\/www.file-upload.org\/x9ac7bby7f4m"
                        ],
                        "alternativni_1": [],
                        "alternativni_2": []
                    }
                },
                {
                    "episode_number": 129,
                    "title": "Epizoda 129",
                    "link_groups": {
                        "glavni": [
                            "https:\/\/www.file-upload.org\/jjjra8fqdwm3"
                        ],
                        "alternativni_1": [],
                        "alternativni_2": []
                    }
                },
                {
                    "episode_number": 130,
                    "title": "Epizoda 130",
                    "link_groups": {
                        "glavni": [
                            "https:\/\/www.file-upload.org\/c1xudm5vpkof"
                        ],
                        "alternativni_1": [],
                        "alternativni_2": []
                    }
                },
                {
                    "episode_number": 131,
                    "title": "Epizoda 131",
                    "link_groups": {
                        "glavni": [
                            "https:\/\/www.file-upload.org\/qmdrmfgbnwj1"
                        ],
                        "alternativni_1": [],
                        "alternativni_2": []
                    }
                },
                {
                    "episode_number": 132,
                    "title": "Epizoda 132",
                    "link_groups": {
                        "glavni": [
                            "https:\/\/www.file-upload.org\/hnolbbejdc44"
                        ],
                        "alternativni_1": [],
                        "alternativni_2": []
                    }
                },
                {
                    "episode_number": 133,
                    "title": "Epizoda 133",
                    "link_groups": {
                        "glavni": [
                            "https:\/\/www.file-upload.org\/pblj98yr7q47"
                        ],
                        "alternativni_1": [],
                        "alternativni_2": []
                    }
                },
                {
                    "episode_number": 134,
                    "title": "Epizoda 134",
                    "link_groups": {
                        "glavni": [
                            "https:\/\/www.file-upload.org\/tw2mogsf99pc"
                        ],
                        "alternativni_1": [],
                        "alternativni_2": []
                    }
                },
                {
                    "episode_number": 135,
                    "title": "Epizoda 135",
                    "link_groups": {
                        "glavni": [
                            "https:\/\/www.file-upload.org\/13zrod7r291g"
                        ],
                        "alternativni_1": [],
                        "alternativni_2": []
                    }
                },
                {
                    "episode_number": 136,
                    "title": "Epizoda 136",
                    "link_groups": {
                        "glavni": [
                            "https:\/\/www.file-upload.org\/lkcpiw9teurp"
                        ],
                        "alternativni_1": [],
                        "alternativni_2": []
                    }
                },
                {
                    "episode_number": 137,
                    "title": "Epizoda 137",
                    "link_groups": {
                        "glavni": [
                            "https:\/\/www.file-upload.org\/hr2ti44o3j3e"
                        ],
                        "alternativni_1": [],
                        "alternativni_2": []
                    }
                },
                {
                    "episode_number": 138,
                    "title": "Epizoda 138",
                    "link_groups": {
                        "glavni": [
                            "https:\/\/www.file-upload.org\/0l2fie24rwxg"
                        ],
                        "alternativni_1": [],
                        "alternativni_2": []
                    }
                },
                {
                    "episode_number": 139,
                    "title": "Epizoda 139",
                    "link_groups": {
                        "glavni": [
                            "https:\/\/www.file-upload.org\/dlr3m1dasjum"
                        ],
                        "alternativni_1": [],
                        "alternativni_2": []
                    }
                },
                {
                    "episode_number": 140,
                    "title": "Epizoda 140",
                    "link_groups": {
                        "glavni": [
                            "https:\/\/www.file-upload.org\/1hbgx8dpn7n0"
                        ],
                        "alternativni_1": [],
                        "alternativni_2": []
                    }
                },
                {
                    "episode_number": 141,
                    "title": "Epizoda 141",
                    "link_groups": {
                        "glavni": [
                            "https:\/\/www.file-upload.org\/9pxf45nvtfp3"
                        ],
                        "alternativni_1": [],
                        "alternativni_2": []
                    }
                },
                {
                    "episode_number": 142,
                    "title": "Epizoda 142",
                    "link_groups": {
                        "glavni": [
                            "https:\/\/www.file-upload.org\/nvzq9snpjkf9"
                        ],
                        "alternativni_1": [],
                        "alternativni_2": []
                    }
                },
                {
                    "episode_number": 143,
                    "title": "Epizoda 143",
                    "link_groups": {
                        "glavni": [
                            "https:\/\/www.file-upload.org\/9afkixhkk6sb"
                        ],
                        "alternativni_1": [],
                        "alternativni_2": []
                    }
                },
                {
                    "episode_number": 144,
                    "title": "Epizoda 144",
                    "link_groups": {
                        "glavni": [
                            "https:\/\/www.file-upload.org\/kxx7qq9b1pkb"
                        ],
                        "alternativni_1": [],
                        "alternativni_2": []
                    }
                },
                {
                    "episode_number": 145,
                    "title": "Epizoda 145",
                    "link_groups": {
                        "glavni": [
                            "https:\/\/www.file-upload.org\/4ewov36e9xmz"
                        ],
                        "alternativni_1": [],
                        "alternativni_2": []
                    }
                },
                {
                    "episode_number": 146,
                    "title": "Epizoda 146",
                    "link_groups": {
                        "glavni": [
                            "https:\/\/www.file-upload.org\/kgj7hn1inkgz"
                        ],
                        "alternativni_1": [],
                        "alternativni_2": []
                    }
                },
                {
                    "episode_number": 147,
                    "title": "Epizoda 147",
                    "link_groups": {
                        "glavni": [
                            "https:\/\/www.file-upload.org\/upcb63j391f9"
                        ],
                        "alternativni_1": [],
                        "alternativni_2": []
                    }
                },
                {
                    "episode_number": 148,
                    "title": "Epizoda 148",
                    "link_groups": {
                        "glavni": [
                            "https:\/\/www.file-upload.org\/bnqqc1ma3ct2"
                        ],
                        "alternativni_1": [],
                        "alternativni_2": []
                    }
                },
                {
                    "episode_number": 149,
                    "title": "Epizoda 149",
                    "link_groups": {
                        "glavni": [
                            "https:\/\/www.file-upload.org\/tdk21894s063"
                        ],
                        "alternativni_1": [],
                        "alternativni_2": []
                    }
                },
                {
                    "episode_number": 150,
                    "title": "Epizoda 150",
                    "link_groups": {
                        "glavni": [
                            "https:\/\/www.file-upload.org\/sbwrlexi1nkz"
                        ],
                        "alternativni_1": [],
                        "alternativni_2": []
                    }
                },
                {
                    "episode_number": 151,
                    "title": "Epizoda 151",
                    "link_groups": {
                        "glavni": [
                            "https:\/\/www.file-upload.org\/fhhguwisimwn"
                        ],
                        "alternativni_1": [],
                        "alternativni_2": []
                    }
                },
                {
                    "episode_number": 152,
                    "title": "Epizoda 152",
                    "link_groups": {
                        "glavni": [
                            "https:\/\/www.file-upload.org\/dajwjunsljeb"
                        ],
                        "alternativni_1": [],
                        "alternativni_2": []
                    }
                },
                {
                    "episode_number": 153,
                    "title": "Epizoda 153",
                    "link_groups": {
                        "glavni": [
                            "https:\/\/www.file-upload.org\/zgvn0fvr7wbn"
                        ],
                        "alternativni_1": [],
                        "alternativni_2": []
                    }
                },
                {
                    "episode_number": 154,
                    "title": "Epizoda 154",
                    "link_groups": {
                        "glavni": [
                            "https:\/\/www.file-upload.org\/7indkj6ba0lo"
                        ],
                        "alternativni_1": [],
                        "alternativni_2": []
                    }
                },
                {
                    "episode_number": 155,
                    "title": "Epizoda 155",
                    "link_groups": {
                        "glavni": [
                            "https:\/\/www.file-upload.org\/ax86sly7ucbk"
                        ],
                        "alternativni_1": [],
                        "alternativni_2": []
                    }
                },
                {
                    "episode_number": 156,
                    "title": "Epizoda 156",
                    "link_groups": {
                        "glavni": [
                            "https:\/\/www.file-upload.org\/6aesiy7ow9hu"
                        ],
                        "alternativni_1": [],
                        "alternativni_2": []
                    }
                },
                {
                    "episode_number": 157,
                    "title": "Epizoda 157",
                    "link_groups": {
                        "glavni": [
                            "https:\/\/www.file-upload.org\/587a34gvszr6"
                        ],
                        "alternativni_1": [],
                        "alternativni_2": []
                    }
                },
                {
                    "episode_number": 158,
                    "title": "Epizoda 158",
                    "link_groups": {
                        "glavni": [
                            "https:\/\/www.file-upload.org\/7emoxj4f9oqy"
                        ],
                        "alternativni_1": [],
                        "alternativni_2": []
                    }
                },
                {
                    "episode_number": 159,
                    "title": "Epizoda 159",
                    "link_groups": {
                        "glavni": [
                            "https:\/\/www.file-upload.org\/m03hk1d6lm04"
                        ],
                        "alternativni_1": [],
                        "alternativni_2": []
                    }
                },
                {
                    "episode_number": 160,
                    "title": "Epizoda 160",
                    "link_groups": {
                        "glavni": [
                            "https:\/\/www.file-upload.org\/zqcglvkqf8t5"
                        ],
                        "alternativni_1": [],
                        "alternativni_2": []
                    }
                },
                {
                    "episode_number": 161,
                    "title": "Epizoda 161",
                    "link_groups": {
                        "glavni": [
                            "https:\/\/www.file-upload.org\/zuifwliiya08"
                        ],
                        "alternativni_1": [],
                        "alternativni_2": []
                    }
                },
                {
                    "episode_number": 162,
                    "title": "Epizoda 162",
                    "link_groups": {
                        "glavni": [
                            "https:\/\/www.file-upload.org\/5waa7jllpcjq"
                        ],
                        "alternativni_1": [],
                        "alternativni_2": []
                    }
                },
                {
                    "episode_number": 163,
                    "title": "Epizoda 163",
                    "link_groups": {
                        "glavni": [
                            "https:\/\/www.file-upload.org\/j1410gn3p0cz"
                        ],
                        "alternativni_1": [],
                        "alternativni_2": []
                    }
                },
                {
                    "episode_number": 164,
                    "title": "Epizoda 164",
                    "link_groups": {
                        "glavni": [
                            "https:\/\/www.file-upload.org\/x4e61t9qekff"
                        ],
                        "alternativni_1": [],
                        "alternativni_2": []
                    }
                },
                {
                    "episode_number": 165,
                    "title": "Epizoda 165",
                    "link_groups": {
                        "glavni": [
                            "https:\/\/www.file-upload.org\/exveidrmn46x"
                        ],
                        "alternativni_1": [],
                        "alternativni_2": []
                    }
                },
                {
                    "episode_number": 166,
                    "title": "Epizoda 166",
                    "link_groups": {
                        "glavni": [
                            "https:\/\/www.file-upload.org\/y9dofnqd37p0"
                        ],
                        "alternativni_1": [],
                        "alternativni_2": []
                    }
                },
                {
                    "episode_number": 167,
                    "title": "Epizoda 167",
                    "link_groups": {
                        "glavni": [
                            "https:\/\/www.file-upload.org\/iwpdgfuozwrb"
                        ],
                        "alternativni_1": [],
                        "alternativni_2": []
                    }
                },
                {
                    "episode_number": 168,
                    "title": "Epizoda 168",
                    "link_groups": {
                        "glavni": [
                            "https:\/\/www.file-upload.org\/lmvwp9upj0rd"
                        ],
                        "alternativni_1": [],
                        "alternativni_2": []
                    }
                },
                {
                    "episode_number": 169,
                    "title": "Epizoda 169",
                    "link_groups": {
                        "glavni": [
                            "https:\/\/www.file-upload.org\/lu3te0svj3sv"
                        ],
                        "alternativni_1": [],
                        "alternativni_2": []
                    }
                },
                {
                    "episode_number": 170,
                    "title": "Epizoda 170",
                    "link_groups": {
                        "glavni": [
                            "https:\/\/www.file-upload.org\/k8yyt6p0fprz"
                        ],
                        "alternativni_1": [],
                        "alternativni_2": []
                    }
                },
                {
                    "episode_number": 171,
                    "title": "Epizoda 171",
                    "link_groups": {
                        "glavni": [
                            "https:\/\/www.file-upload.org\/pexf61rrxklp"
                        ],
                        "alternativni_1": [],
                        "alternativni_2": []
                    }
                },
                {
                    "episode_number": 172,
                    "title": "Epizoda 172",
                    "link_groups": {
                        "glavni": [
                            "https:\/\/www.file-upload.org\/b6xocir5dttx"
                        ],
                        "alternativni_1": [],
                        "alternativni_2": []
                    }
                },
                {
                    "episode_number": 173,
                    "title": "Epizoda 173",
                    "link_groups": {
                        "glavni": [
                            "https:\/\/www.file-upload.org\/xzexq39b8z9n"
                        ],
                        "alternativni_1": [],
                        "alternativni_2": []
                    }
                },
                {
                    "episode_number": 174,
                    "title": "Epizoda 174",
                    "link_groups": {
                        "glavni": [
                            "https:\/\/www.file-upload.org\/18pp8akvgs8h"
                        ],
                        "alternativni_1": [],
                        "alternativni_2": []
                    }
                },
                {
                    "episode_number": 175,
                    "title": "Epizoda 175",
                    "link_groups": {
                        "glavni": [
                            "https:\/\/www.file-upload.org\/quf9su90r19o"
                        ],
                        "alternativni_1": [],
                        "alternativni_2": []
                    }
                },
                {
                    "episode_number": 176,
                    "title": "Epizoda 176",
                    "link_groups": {
                        "glavni": [
                            "https:\/\/www.file-upload.org\/88a0lk996jo9"
                        ],
                        "alternativni_1": [],
                        "alternativni_2": []
                    }
                },
                {
                    "episode_number": 177,
                    "title": "Epizoda 177",
                    "link_groups": {
                        "glavni": [
                            "https:\/\/www.file-upload.org\/4tg5cdl6pyjb"
                        ],
                        "alternativni_1": [],
                        "alternativni_2": []
                    }
                },
                {
                    "episode_number": 178,
                    "title": "Epizoda 178",
                    "link_groups": {
                        "glavni": [
                            "https:\/\/www.file-upload.org\/rbg0owxb97gz"
                        ],
                        "alternativni_1": [],
                        "alternativni_2": []
                    }
                },
                {
                    "episode_number": 179,
                    "title": "Epizoda 179",
                    "link_groups": {
                        "glavni": [
                            "https:\/\/www.file-upload.org\/6ny7wup0irkf"
                        ],
                        "alternativni_1": [],
                        "alternativni_2": []
                    }
                },
                {
                    "episode_number": 180,
                    "title": "Epizoda 180",
                    "link_groups": {
                        "glavni": [
                            "https:\/\/www.file-upload.org\/tlo7b0ojc1mo"
                        ],
                        "alternativni_1": [],
                        "alternativni_2": []
                    }
                }
            ]
        }
    }
}