{
    "title": "Kalup",
    "plot": "Radnja serije je smeštena u sadašnje vreme u kom bivši policajac, a sada privatni istražitelj Ljuba, na poziv jedne grupe roditelja nestalih beba pokušava da dođe do istine.\r\nOva socijalna drama govori o tome da istina nije jednostavna, ali da je država odavno morala da uradi mnogo više da pomogne roditeljima da dođu do istine, ma kakva ona bila. Autori imaju kritički osvrt i na medije u Srbiji, koji su ovu temu tretirali tabloidno, u većini. Cilj ovog projekta, pored kvalitetnog dramskog programa, jeste upravo taj: da se ovoj teškoj temi pristupi na drugačiji način i da se zaustavi njena dalja tabloidizacija, izazivanjem gotovo svakodnevnih senzacija.",
    "thumb": "https:\/\/upload.wikimedia.org\/wikipedia\/sr\/3\/3f\/Kalup_%28TV_serija%29.jpg",
    "type": "serije",
    "created_at": "2025-05-30 13:00:48",
    "year": 2020,
    "seasons": {
        "1": {
            "title": "Sezona 1",
            "episodes": [
                {
                    "episode_number": 1,
                    "title": "Epizoda 1",
                    "link_groups": {
                        "glavni": [
                            "https:\/\/www.file-upload.org\/kp6f03pctgjs"
                        ],
                        "alternativni_1": [],
                        "alternativni_2": []
                    }
                },
                {
                    "episode_number": 2,
                    "title": "Epizoda 2",
                    "link_groups": {
                        "glavni": [
                            "https:\/\/www.file-upload.org\/320tdvnsx2em"
                        ],
                        "alternativni_1": [],
                        "alternativni_2": []
                    }
                },
                {
                    "episode_number": 3,
                    "title": "Epizoda 3",
                    "link_groups": {
                        "glavni": [
                            "https:\/\/www.file-upload.org\/8fjqdtrc7itd"
                        ],
                        "alternativni_1": [],
                        "alternativni_2": []
                    }
                },
                {
                    "episode_number": 4,
                    "title": "Epizoda 4",
                    "link_groups": {
                        "glavni": [
                            "https:\/\/www.file-upload.org\/ky8f6new2sq3"
                        ],
                        "alternativni_1": [],
                        "alternativni_2": []
                    }
                }
            ]
        }
    }
}