{
    "title": "Nobelovac",
    "plot": "Serija od osam epizoda prati život književnika Ive Andrića tokom nekoliko meseci u jesen i zimu 1961. godine, od trenutka kada je saznao da je dobio Nobelovu nagradu do povratka sa ceremonije dodele, preko Švajcarske, u Beograd.\r\n\r\nSvaka od epizoda ima dva toka naracije: jedan, vezan za 1961. godinu, u kom pratimo Andrićeve pripreme za odlazak u Stokholm, i drugi, subjektivni skokovit povratak u prošlost. Andrićev pogled na ključne trenutke sopstvenog života, koji su gotovo uvek bili i ključni trenuci zemlje u kojoj je živeo i živi, susrete i odluke koje je donosio pun je preispitivanja, sumnji i ponovnog vrednovanja.\r\n\r\nKroz osam epizoda otkrivaju se i prate najvažnije, poznate i one manje poznate, staze kojima je Andrić hodao, lica koja su ga okruživala i predeli u kojima je prebivao tokom zime 1961. i tokom svog života.",
    "thumb": "https:\/\/upload.wikimedia.org\/wikipedia\/sr\/thumb\/4\/4f\/Nobelovac.jpg\/250px-Nobelovac.jpg",
    "type": "serije",
    "created_at": "2025-06-07 21:58:21",
    "year": 2024,
    "seasons": {
        "1": {
            "title": "Sezona 1",
            "episodes": [
                {
                    "episode_number": 1,
                    "title": "Epizoda 1",
                    "link_groups": {
                        "glavni": [
                            "https:\/\/www.file-upload.org\/jo575rvj5prq"
                        ],
                        "alternativni_1": [],
                        "alternativni_2": []
                    }
                },
                {
                    "episode_number": 2,
                    "title": "Epizoda 2",
                    "link_groups": {
                        "glavni": [
                            "https:\/\/www.file-upload.org\/f1l3hodp4u97"
                        ],
                        "alternativni_1": [],
                        "alternativni_2": []
                    }
                },
                {
                    "episode_number": 3,
                    "title": "Epizoda 3",
                    "link_groups": {
                        "glavni": [
                            "https:\/\/www.file-upload.org\/nim0bvqo4duf"
                        ],
                        "alternativni_1": [],
                        "alternativni_2": []
                    }
                },
                {
                    "episode_number": 4,
                    "title": "Epizoda 4",
                    "link_groups": {
                        "glavni": [
                            "https:\/\/www.file-upload.org\/kj80sjknvd6o"
                        ],
                        "alternativni_1": [],
                        "alternativni_2": []
                    }
                },
                {
                    "episode_number": 5,
                    "title": "Epizoda 5",
                    "link_groups": {
                        "glavni": [
                            "https:\/\/www.file-upload.org\/fa2h3ye1oo1d"
                        ],
                        "alternativni_1": [],
                        "alternativni_2": []
                    }
                },
                {
                    "episode_number": 6,
                    "title": "Epizoda 6",
                    "link_groups": {
                        "glavni": [
                            "https:\/\/www.file-upload.org\/1wtt9obpan07"
                        ],
                        "alternativni_1": [],
                        "alternativni_2": []
                    }
                },
                {
                    "episode_number": 7,
                    "title": "Epizoda 7",
                    "link_groups": {
                        "glavni": [
                            "https:\/\/www.file-upload.org\/8m3pyndcrtkl"
                        ],
                        "alternativni_1": [],
                        "alternativni_2": []
                    }
                },
                {
                    "episode_number": 8,
                    "title": "Epizoda 8",
                    "link_groups": {
                        "glavni": [
                            "https:\/\/www.file-upload.org\/oozw944hh04d"
                        ],
                        "alternativni_1": [],
                        "alternativni_2": []
                    }
                }
            ]
        }
    }
}