{
    "title": "Balkan Inc",
    "plot": "Balkan Inc. je hrvatsko-slovenska kriminalistička TV serija koja se godine 2006. originalno prikazivala na programu Nove TV. Scenarij je napisao Robert Naprta na temelju svojih romana Bijela jutra i Marševski korak, a glavni junak je zagrebački policijski inspektor Marko Prilika Čens koga je u seriji tumačio Aleksandar Cvjetković. Zaplet se bavio Čensovim pokušajima da otkrije tajanstvenog ubojicu koji je likvidirao njegove ljubavnice istovremeno za ratom za prevlast koji su na zagrebačkim ulicama vodile kriminalne organizacije s područja bivše Jugoslavije.",
    "thumb": "https:\/\/m.media-amazon.com\/images\/M\/MV5BN2Y0OTlmYjgtY2RiNS00MDA1LWFiMjAtYTc1ZDgxNzczZjViXkEyXkFqcGc@._V1_.jpg",
    "type": "serije",
    "created_at": "2025-05-27 12:53:03",
    "year": 2006,
    "seasons": {
        "1": {
            "title": "Sezona 1",
            "episodes": [
                {
                    "episode_number": 1,
                    "title": "Epizoda 1",
                    "link_groups": {
                        "glavni": [
                            "https:\/\/www.file-upload.org\/a0e32px4fwvt"
                        ],
                        "alternativni_1": [],
                        "alternativni_2": []
                    }
                },
                {
                    "episode_number": 2,
                    "title": "Epizoda 2",
                    "link_groups": {
                        "glavni": [
                            "https:\/\/www.file-upload.org\/efdbrqff2sbh"
                        ],
                        "alternativni_1": [],
                        "alternativni_2": []
                    }
                },
                {
                    "episode_number": 3,
                    "title": "Epizoda 3",
                    "link_groups": {
                        "glavni": [
                            "https:\/\/www.file-upload.org\/y9q29kleb3az"
                        ],
                        "alternativni_1": [],
                        "alternativni_2": []
                    }
                },
                {
                    "episode_number": 4,
                    "title": "Epizoda 4",
                    "link_groups": {
                        "glavni": [
                            "https:\/\/www.file-upload.org\/1pbxn14z3oq7"
                        ],
                        "alternativni_1": [],
                        "alternativni_2": []
                    }
                },
                {
                    "episode_number": 5,
                    "title": "Epizoda 5",
                    "link_groups": {
                        "glavni": [
                            "https:\/\/www.file-upload.org\/pqgl50actc0w"
                        ],
                        "alternativni_1": [],
                        "alternativni_2": []
                    }
                },
                {
                    "episode_number": 6,
                    "title": "Epizoda 6",
                    "link_groups": {
                        "glavni": [
                            "https:\/\/www.file-upload.org\/u0f3da5dswbd"
                        ],
                        "alternativni_1": [],
                        "alternativni_2": []
                    }
                },
                {
                    "episode_number": 7,
                    "title": "Epizoda 7",
                    "link_groups": {
                        "glavni": [
                            "https:\/\/www.file-upload.org\/ooso7gifpcvl"
                        ],
                        "alternativni_1": [],
                        "alternativni_2": []
                    }
                },
                {
                    "episode_number": 8,
                    "title": "Epizoda 8",
                    "link_groups": {
                        "glavni": [
                            "https:\/\/www.file-upload.org\/23u5vvuxjy6o"
                        ],
                        "alternativni_1": [],
                        "alternativni_2": []
                    }
                },
                {
                    "episode_number": 9,
                    "title": "Epizoda 9",
                    "link_groups": {
                        "glavni": [
                            "https:\/\/www.file-upload.org\/938d43td0rkh"
                        ],
                        "alternativni_1": [],
                        "alternativni_2": []
                    }
                },
                {
                    "episode_number": 10,
                    "title": "Epizoda 10",
                    "link_groups": {
                        "glavni": [
                            "https:\/\/www.file-upload.org\/jzdx58f99zcz"
                        ],
                        "alternativni_1": [],
                        "alternativni_2": []
                    }
                },
                {
                    "episode_number": 11,
                    "title": "Epizoda 11",
                    "link_groups": {
                        "glavni": [
                            "https:\/\/www.file-upload.org\/w7w883tk0ccc"
                        ],
                        "alternativni_1": [],
                        "alternativni_2": []
                    }
                },
                {
                    "episode_number": 12,
                    "title": "Epizoda 12",
                    "link_groups": {
                        "glavni": [
                            "https:\/\/www.file-upload.org\/qhh41msf765t"
                        ],
                        "alternativni_1": [],
                        "alternativni_2": []
                    }
                },
                {
                    "episode_number": 13,
                    "title": "Epizoda 13",
                    "link_groups": {
                        "glavni": [
                            "https:\/\/www.file-upload.org\/yreeh1cir3q1"
                        ],
                        "alternativni_1": [],
                        "alternativni_2": []
                    }
                }
            ]
        }
    }
}