{
    "title": "Crni Sneg",
    "plot": "Dvadeset ljudi iz jednog autobusa, zavejanog u planini, sklanja se u nekakav polurazrušeni zamak. Tu ostaju zatrpani deset dana. Svaki dan je druga priča i nova emisija. U ovoj seriji napravljen je neobičan dramaturški eksperiment: svaka emisija pripada drugom dramskom žanru, od komedije situacije do tragedije. U svakoj epizodi su druga dva lika nosioci radnje.",
    "thumb": "https:\/\/m.media-amazon.com\/images\/M\/MV5BZmIyM2RjYWItNzllZS00ODI4LWIwMmQtZWM0N2QzZmQ0MmZkXkEyXkFqcGc@._V1_.jpg",
    "type": "serije",
    "created_at": "2025-05-28 23:44:28",
    "year": 1966,
    "seasons": {
        "1": {
            "title": "Sezona 1",
            "episodes": [
                {
                    "episode_number": 1,
                    "title": "Epizoda 1",
                    "link_groups": {
                        "glavni": [
                            "https:\/\/www.file-upload.org\/91gnmsl2kbx3"
                        ],
                        "alternativni_1": [],
                        "alternativni_2": []
                    }
                },
                {
                    "episode_number": 2,
                    "title": "Epizoda 2",
                    "link_groups": {
                        "glavni": [
                            "https:\/\/www.file-upload.org\/5u5sn2hy2lk4"
                        ],
                        "alternativni_1": [],
                        "alternativni_2": []
                    }
                },
                {
                    "episode_number": 3,
                    "title": "Epizoda 3",
                    "link_groups": {
                        "glavni": [
                            "https:\/\/www.file-upload.org\/hmyjnm1ce19r"
                        ],
                        "alternativni_1": [],
                        "alternativni_2": []
                    }
                },
                {
                    "episode_number": 4,
                    "title": "Epizoda 4",
                    "link_groups": {
                        "glavni": [
                            "https:\/\/www.file-upload.org\/e5w8j7wpqy74"
                        ],
                        "alternativni_1": [],
                        "alternativni_2": []
                    }
                }
            ]
        }
    }
}