{
    "title": "Dnevnik Velikog Perice",
    "plot": "Serija se nastavlja na kultni film Kreše Golika Tko pjeva zlo ne misli. Radnja je tridesetak godina nakon radnje iz tog filma. U seriji su nekim junacima iz filma produženi životi u novom, drukčijem i po mnogo čemu zanimljivom vremenu. U šestorima epizodama prikazuje se zbivanja u životu Perice Šafraneka i njegove obitelji tijekom 1964. godine. Perica prolazi turbulentno razdoblje svog života, a duh političkog Zapada sa svime što ga čini – od mode do glazbe, od ideja do tehnološkog napretka – postaje sve primjetniji i utjecajniji. Tadašnji Zagreb ubrzano se razvija. Stvara se i razvija bogata pop-kultura koja nezaustavljivo prodire u ondašnje socijalističko društvo. Vrijeme je plesnjaka, početaka televizije, glamuroznih glazbenih festivala. U takvom okružju zbiva se priča puna emocija, realnih životnih izbora između oportunizma i iskrene ljubavi.",
    "thumb": "https:\/\/m.media-amazon.com\/images\/M\/MV5BOTIwZTllMjYtODNkOS00YmJmLWI4Y2MtMzMyYmE5MjdmMGIzXkEyXkFqcGc@._V1_.jpg",
    "type": "serije",
    "created_at": "2025-05-29 11:11:17",
    "year": 2021,
    "seasons": {
        "1": {
            "title": "Sezona 1",
            "episodes": [
                {
                    "episode_number": 1,
                    "title": "Epizoda 1",
                    "link_groups": {
                        "glavni": [
                            "https:\/\/www.file-upload.org\/0qpaq8pdb40m"
                        ],
                        "alternativni_1": [],
                        "alternativni_2": []
                    }
                },
                {
                    "episode_number": 2,
                    "title": "Epizoda 2",
                    "link_groups": {
                        "glavni": [
                            "https:\/\/www.file-upload.org\/pclj5ozahk66"
                        ],
                        "alternativni_1": [],
                        "alternativni_2": []
                    }
                },
                {
                    "episode_number": 3,
                    "title": "Epizoda 3",
                    "link_groups": {
                        "glavni": [
                            "https:\/\/www.file-upload.org\/9805uf93hicr"
                        ],
                        "alternativni_1": [],
                        "alternativni_2": []
                    }
                },
                {
                    "episode_number": 4,
                    "title": "Epizoda 4",
                    "link_groups": {
                        "glavni": [
                            "https:\/\/www.file-upload.org\/xqh8ohcnasf3"
                        ],
                        "alternativni_1": [],
                        "alternativni_2": []
                    }
                },
                {
                    "episode_number": 5,
                    "title": "Epizoda 5",
                    "link_groups": {
                        "glavni": [
                            "https:\/\/www.file-upload.org\/0x5s4nbxd3pj"
                        ],
                        "alternativni_1": [],
                        "alternativni_2": []
                    }
                },
                {
                    "episode_number": 6,
                    "title": "Epizoda 6",
                    "link_groups": {
                        "glavni": [
                            "https:\/\/www.file-upload.org\/m3dq0nnfr9do"
                        ],
                        "alternativni_1": [],
                        "alternativni_2": []
                    }
                }
            ]
        },
        "2": {
            "title": "Sezona 2",
            "episodes": [
                {
                    "episode_number": 1,
                    "title": "Epizoda 1",
                    "link_groups": {
                        "glavni": [
                            "https:\/\/www.file-upload.org\/rk8rkysg9xzy"
                        ],
                        "alternativni_1": [],
                        "alternativni_2": []
                    }
                },
                {
                    "episode_number": 2,
                    "title": "Epizoda 2",
                    "link_groups": {
                        "glavni": [
                            "https:\/\/www.file-upload.org\/yt2ngmdltimn"
                        ],
                        "alternativni_1": [],
                        "alternativni_2": []
                    }
                },
                {
                    "episode_number": 3,
                    "title": "Epizoda 3",
                    "link_groups": {
                        "glavni": [
                            "https:\/\/www.file-upload.org\/8usj0pcx3f6m"
                        ],
                        "alternativni_1": [],
                        "alternativni_2": []
                    }
                },
                {
                    "episode_number": 4,
                    "title": "Epizoda 4",
                    "link_groups": {
                        "glavni": [
                            "https:\/\/www.file-upload.org\/gdu70ble7915"
                        ],
                        "alternativni_1": [],
                        "alternativni_2": []
                    }
                },
                {
                    "episode_number": 5,
                    "title": "Epizoda 5",
                    "link_groups": {
                        "glavni": [
                            "https:\/\/www.file-upload.org\/kw23hh9e3cae"
                        ],
                        "alternativni_1": [],
                        "alternativni_2": []
                    }
                },
                {
                    "episode_number": 6,
                    "title": "Epizoda 6",
                    "link_groups": {
                        "glavni": [
                            "https:\/\/www.file-upload.org\/7kgpoeftg3zu"
                        ],
                        "alternativni_1": [],
                        "alternativni_2": []
                    }
                }
            ]
        }
    }
}