{
    "title": "Diplomci",
    "plot": "Serija prikazuje život grupe studenata na periferiji Beograda. Jedan od glavnih junaka je Budimir Bumba (Bora Todorović), neodgovorni student Pravnog fakulteta, koji još uvek nije položio poslednji ispit i preuzeo odgovornost na sebe. Ipak, uz pomoć oca Sime (Mija Aleksić), nervoznog činovnika koji konstantno sumnja u njega, uspeva da dobije posao, ali tek nakon toga upada u nevolje i počinje da sazreva.",
    "thumb": "https:\/\/upload.wikimedia.org\/wikipedia\/sr\/2\/29\/%D0%94%D0%B8%D0%BF%D0%BB%D0%BE%D0%BC%D1%86%D0%B8.jpg",
    "type": "serije",
    "created_at": "2025-05-29 00:30:37",
    "year": 1971,
    "seasons": {
        "1": {
            "title": "Sezona 1",
            "episodes": [
                {
                    "episode_number": 1,
                    "title": "Epizoda 1",
                    "link_groups": {
                        "glavni": [
                            "https:\/\/www.file-upload.org\/699gpcr6ii92"
                        ],
                        "alternativni_1": [],
                        "alternativni_2": []
                    }
                },
                {
                    "episode_number": 2,
                    "title": "Epizoda 2",
                    "link_groups": {
                        "glavni": [
                            "https:\/\/www.file-upload.org\/mat43alrckq1"
                        ],
                        "alternativni_1": [],
                        "alternativni_2": []
                    }
                },
                {
                    "episode_number": 3,
                    "title": "Epizoda 3",
                    "link_groups": {
                        "glavni": [
                            "https:\/\/www.file-upload.org\/br7hw2d7n7ey"
                        ],
                        "alternativni_1": [],
                        "alternativni_2": []
                    }
                },
                {
                    "episode_number": 4,
                    "title": "Epizoda 4",
                    "link_groups": {
                        "glavni": [
                            "https:\/\/www.file-upload.org\/hb62z22893nz"
                        ],
                        "alternativni_1": [],
                        "alternativni_2": []
                    }
                },
                {
                    "episode_number": 5,
                    "title": "Epizoda 5",
                    "link_groups": {
                        "glavni": [
                            "https:\/\/www.file-upload.org\/tq6ujuh31vu1"
                        ],
                        "alternativni_1": [],
                        "alternativni_2": []
                    }
                },
                {
                    "episode_number": 6,
                    "title": "Epizoda 6",
                    "link_groups": {
                        "glavni": [
                            "https:\/\/www.file-upload.org\/xpje9nfa80bg"
                        ],
                        "alternativni_1": [],
                        "alternativni_2": []
                    }
                }
            ]
        }
    }
}