{
    "title": "Djuka Begovic",
    "plot": "U namjeri da širokom televizijskom gledateljstvu približe Slavoniju s kraja devetnaestog i s početka dvadesetog stoljeća, te da pojačaju motivaciju glavnog junaka, i na način primjeren dramaturgiji TV serije razjasne njegove kontroverzne postupke, scenaristi Fabijan Šovagović i Branko Schmidt posegnuli su i za ostalim dijelovima slavonske književne baštine: zaboravljenim romanom \"Rasap\" Josipa Kosora, njegovom poznatom dramom \"Požar strasti\" te za romanom \"Među svjetlom i tminom\" Josipa Kozarca.",
    "thumb": "https:\/\/upload.wikimedia.org\/wikipedia\/sr\/thumb\/a\/a7\/%C4%90uka_Begovi%C4%87.jpg\/250px-%C4%90uka_Begovi%C4%87.jpg",
    "type": "serije",
    "created_at": "2025-05-29 00:38:18",
    "year": 1991,
    "seasons": {
        "1": {
            "title": "Sezona 1",
            "episodes": [
                {
                    "episode_number": 1,
                    "title": "Epizoda 1",
                    "link_groups": {
                        "glavni": [
                            "https:\/\/www.file-upload.org\/ic6fumk1xg2l"
                        ],
                        "alternativni_1": [],
                        "alternativni_2": []
                    }
                },
                {
                    "episode_number": 2,
                    "title": "Epizoda 2",
                    "link_groups": {
                        "glavni": [
                            "https:\/\/www.file-upload.org\/0q7a4qse526j"
                        ],
                        "alternativni_1": [],
                        "alternativni_2": []
                    }
                },
                {
                    "episode_number": 3,
                    "title": "Epizoda 3",
                    "link_groups": {
                        "glavni": [
                            "https:\/\/www.file-upload.org\/0srv0j93g0jm"
                        ],
                        "alternativni_1": [],
                        "alternativni_2": []
                    }
                },
                {
                    "episode_number": 4,
                    "title": "Epizoda 4",
                    "link_groups": {
                        "glavni": [
                            "https:\/\/www.file-upload.org\/rljhj0tv64y3"
                        ],
                        "alternativni_1": [],
                        "alternativni_2": []
                    }
                }
            ]
        }
    }
}