{
    "title": "Poziv",
    "plot": "Anica Reljić, bivša policijska inspektorka koja sada radi u kol centru, dobija poziv od Sonje Tošić, bogate samohrane majke koja želi da sazna identitet osobe koja joj preti telefonom. Dok Anica istražuje preteće pozive, shvata da su oni povezani sa kriminalnom grupom kojom se bavila dok je radila u policiji.\r\n\r\nAnica pokušava da upozori Sonju, ali Sonja nestaje. Zbog toga bivša inspektorka Anica i Sonjina buntovna kćerka Tijana, kreću u potragu. Uskoro otkrivaju da Sonja može biti ključ u otkrivanju istine koja stoji iza ekološkog skandala koji potresa zemlju — misteriozno trovanje tri dečaka.",
    "thumb": "https:\/\/m.media-amazon.com\/images\/M\/MV5BZWZkMzhhMDEtNjMyNS00Yzc3LWEwYjgtYzcyZjZhZTM1OTA2XkEyXkFqcGc@._V1_.jpg",
    "type": "serije",
    "created_at": "2025-06-10 10:10:14",
    "year": 2023,
    "seasons": {
        "1": {
            "title": "Sezona 1",
            "episodes": [
                {
                    "episode_number": 1,
                    "title": "Epizoda 1",
                    "link_groups": {
                        "glavni": [
                            "https:\/\/www.file-upload.org\/wlaj88yiqk3k"
                        ],
                        "alternativni_1": [],
                        "alternativni_2": []
                    }
                },
                {
                    "episode_number": 2,
                    "title": "Epizoda 2",
                    "link_groups": {
                        "glavni": [
                            "https:\/\/www.file-upload.org\/xxtvhqvyoasu"
                        ],
                        "alternativni_1": [],
                        "alternativni_2": []
                    }
                },
                {
                    "episode_number": 3,
                    "title": "Epizoda 3",
                    "link_groups": {
                        "glavni": [
                            "https:\/\/www.file-upload.org\/ylmejmu91byw"
                        ],
                        "alternativni_1": [],
                        "alternativni_2": []
                    }
                },
                {
                    "episode_number": 4,
                    "title": "Epizoda 4",
                    "link_groups": {
                        "glavni": [
                            "https:\/\/www.file-upload.org\/00pfk5cbim2b"
                        ],
                        "alternativni_1": [],
                        "alternativni_2": []
                    }
                },
                {
                    "episode_number": 5,
                    "title": "Epizoda 5",
                    "link_groups": {
                        "glavni": [
                            "https:\/\/www.file-upload.org\/k5j4fwpwwya1"
                        ],
                        "alternativni_1": [],
                        "alternativni_2": []
                    }
                },
                {
                    "episode_number": 6,
                    "title": "Epizoda 6",
                    "link_groups": {
                        "glavni": [
                            "https:\/\/www.file-upload.org\/kqof4azhmams"
                        ],
                        "alternativni_1": [],
                        "alternativni_2": []
                    }
                },
                {
                    "episode_number": 7,
                    "title": "Epizoda 7",
                    "link_groups": {
                        "glavni": [
                            "https:\/\/www.file-upload.org\/zmrf9p6k4h8k"
                        ],
                        "alternativni_1": [],
                        "alternativni_2": []
                    }
                },
                {
                    "episode_number": 8,
                    "title": "Epizoda 8",
                    "link_groups": {
                        "glavni": [
                            "https:\/\/www.file-upload.org\/bzn7k4nx1jke"
                        ],
                        "alternativni_1": [],
                        "alternativni_2": []
                    }
                }
            ]
        }
    }
}