{
    "title": "Dojc Caffe",
    "plot": "\"Ovo je univerzalna priča i sitkomovske situacije koje se svuda mogu naći, u svakom gradu. Takvi ljudi žive oko nas. Zato ova priča nije samo vezana za Podgoricu, već za Balkan i šire“",
    "thumb": "https:\/\/www.vijesti.me\/data\/images\/2019\/02\/14\/00\/2614411_20190214060228_5c64fcedb789684e9ffa2271jpeg_share.jpg",
    "type": "serije",
    "created_at": "2025-05-29 11:22:41",
    "year": 2016,
    "seasons": {
        "1": {
            "title": "Sezona 1",
            "episodes": [
                {
                    "episode_number": 1,
                    "title": "Epizoda 1",
                    "link_groups": {
                        "glavni": [
                            "https:\/\/www.file-upload.org\/ja6lomdcg05e"
                        ],
                        "alternativni_1": [],
                        "alternativni_2": []
                    }
                },
                {
                    "episode_number": 2,
                    "title": "Epizoda 2",
                    "link_groups": {
                        "glavni": [
                            "https:\/\/www.file-upload.org\/fd3jwqck34fy"
                        ],
                        "alternativni_1": [],
                        "alternativni_2": []
                    }
                },
                {
                    "episode_number": 3,
                    "title": "Epizoda 3",
                    "link_groups": {
                        "glavni": [
                            "https:\/\/www.file-upload.org\/wa9tdq5ly9tj"
                        ],
                        "alternativni_1": [],
                        "alternativni_2": []
                    }
                },
                {
                    "episode_number": 4,
                    "title": "Epizoda 4",
                    "link_groups": {
                        "glavni": [
                            "https:\/\/www.file-upload.org\/ge2vtgbm19fg"
                        ],
                        "alternativni_1": [],
                        "alternativni_2": []
                    }
                },
                {
                    "episode_number": 5,
                    "title": "Epizoda 5",
                    "link_groups": {
                        "glavni": [
                            "https:\/\/www.file-upload.org\/hkoc9ozw692l"
                        ],
                        "alternativni_1": [],
                        "alternativni_2": []
                    }
                },
                {
                    "episode_number": 6,
                    "title": "Epizoda 6",
                    "link_groups": {
                        "glavni": [
                            "https:\/\/www.file-upload.org\/indz3kwmojuo"
                        ],
                        "alternativni_1": [],
                        "alternativni_2": []
                    }
                },
                {
                    "episode_number": 7,
                    "title": "Epizoda 7",
                    "link_groups": {
                        "glavni": [
                            "https:\/\/www.file-upload.org\/bz87f7j0mppq"
                        ],
                        "alternativni_1": [],
                        "alternativni_2": []
                    }
                },
                {
                    "episode_number": 8,
                    "title": "Epizoda 8",
                    "link_groups": {
                        "glavni": [
                            "https:\/\/www.file-upload.org\/9ujj9qpqrla9"
                        ],
                        "alternativni_1": [],
                        "alternativni_2": []
                    }
                },
                {
                    "episode_number": 9,
                    "title": "Epizoda 9",
                    "link_groups": {
                        "glavni": [
                            "https:\/\/www.file-upload.org\/rolgo7xxhnnf"
                        ],
                        "alternativni_1": [],
                        "alternativni_2": []
                    }
                },
                {
                    "episode_number": 10,
                    "title": "Epizoda 10",
                    "link_groups": {
                        "glavni": [
                            "https:\/\/www.file-upload.org\/bcc1lp7zi40r"
                        ],
                        "alternativni_1": [],
                        "alternativni_2": []
                    }
                },
                {
                    "episode_number": 11,
                    "title": "Epizoda 11",
                    "link_groups": {
                        "glavni": [
                            "https:\/\/www.file-upload.org\/waenyefmm6jl"
                        ],
                        "alternativni_1": [],
                        "alternativni_2": []
                    }
                },
                {
                    "episode_number": 12,
                    "title": "Epizoda 12",
                    "link_groups": {
                        "glavni": [
                            "https:\/\/www.file-upload.org\/tmtp8cimm81i"
                        ],
                        "alternativni_1": [],
                        "alternativni_2": []
                    }
                },
                {
                    "episode_number": 13,
                    "title": "Epizoda 13",
                    "link_groups": {
                        "glavni": [
                            "https:\/\/www.file-upload.org\/s4pxtgzupxrs"
                        ],
                        "alternativni_1": [],
                        "alternativni_2": []
                    }
                },
                {
                    "episode_number": 14,
                    "title": "Epizoda 14",
                    "link_groups": {
                        "glavni": [
                            "https:\/\/www.file-upload.org\/2t75j8fm4hw9"
                        ],
                        "alternativni_1": [],
                        "alternativni_2": []
                    }
                },
                {
                    "episode_number": 15,
                    "title": "Epizoda 15",
                    "link_groups": {
                        "glavni": [
                            "https:\/\/www.file-upload.org\/tp6d5k5pwxrc"
                        ],
                        "alternativni_1": [],
                        "alternativni_2": []
                    }
                },
                {
                    "episode_number": 16,
                    "title": "Epizoda 16",
                    "link_groups": {
                        "glavni": [
                            "https:\/\/www.file-upload.org\/9y2rhbmm016y"
                        ],
                        "alternativni_1": [],
                        "alternativni_2": []
                    }
                }
            ]
        },
        "2": {
            "title": "Sezona 2",
            "episodes": [
                {
                    "episode_number": 1,
                    "title": "Epizoda 1",
                    "link_groups": {
                        "glavni": [
                            "https:\/\/www.file-upload.org\/ns459wydbtae"
                        ],
                        "alternativni_1": [],
                        "alternativni_2": []
                    }
                },
                {
                    "episode_number": 2,
                    "title": "Epizoda 2",
                    "link_groups": {
                        "glavni": [
                            "https:\/\/www.file-upload.org\/67llscl7954b"
                        ],
                        "alternativni_1": [],
                        "alternativni_2": []
                    }
                },
                {
                    "episode_number": 3,
                    "title": "Epizoda 3",
                    "link_groups": {
                        "glavni": [
                            "https:\/\/www.file-upload.org\/zweto8zci5n4"
                        ],
                        "alternativni_1": [],
                        "alternativni_2": []
                    }
                },
                {
                    "episode_number": 4,
                    "title": "Epizoda 4",
                    "link_groups": {
                        "glavni": [
                            "https:\/\/www.file-upload.org\/zzq6a9g2ylc7"
                        ],
                        "alternativni_1": [],
                        "alternativni_2": []
                    }
                },
                {
                    "episode_number": 5,
                    "title": "Epizoda 5",
                    "link_groups": {
                        "glavni": [
                            "https:\/\/www.file-upload.org\/4vdf00r4ipeq"
                        ],
                        "alternativni_1": [],
                        "alternativni_2": []
                    }
                },
                {
                    "episode_number": 6,
                    "title": "Epizoda 6",
                    "link_groups": {
                        "glavni": [
                            "https:\/\/www.file-upload.org\/z2ao9ig4wz86"
                        ],
                        "alternativni_1": [],
                        "alternativni_2": []
                    }
                },
                {
                    "episode_number": 7,
                    "title": "Epizoda 7",
                    "link_groups": {
                        "glavni": [
                            "https:\/\/www.file-upload.org\/beo41bm8ykj2"
                        ],
                        "alternativni_1": [],
                        "alternativni_2": []
                    }
                },
                {
                    "episode_number": 8,
                    "title": "Epizoda 8",
                    "link_groups": {
                        "glavni": [
                            "https:\/\/www.file-upload.org\/br4hini6nno6"
                        ],
                        "alternativni_1": [],
                        "alternativni_2": []
                    }
                },
                {
                    "episode_number": 9,
                    "title": "Epizoda 9",
                    "link_groups": {
                        "glavni": [
                            "https:\/\/www.file-upload.org\/a4drmfjm3qqj"
                        ],
                        "alternativni_1": [],
                        "alternativni_2": []
                    }
                },
                {
                    "episode_number": 10,
                    "title": "Epizoda 10",
                    "link_groups": {
                        "glavni": [
                            "https:\/\/www.file-upload.org\/vwmommad0ht1"
                        ],
                        "alternativni_1": [],
                        "alternativni_2": []
                    }
                },
                {
                    "episode_number": 11,
                    "title": "Epizoda 11",
                    "link_groups": {
                        "glavni": [
                            "https:\/\/www.file-upload.org\/pour14vgeau2"
                        ],
                        "alternativni_1": [],
                        "alternativni_2": []
                    }
                },
                {
                    "episode_number": 12,
                    "title": "Epizoda 12",
                    "link_groups": {
                        "glavni": [
                            "https:\/\/www.file-upload.org\/d2z0vi45dwhn"
                        ],
                        "alternativni_1": [],
                        "alternativni_2": []
                    }
                },
                {
                    "episode_number": 13,
                    "title": "Epizoda 13",
                    "link_groups": {
                        "glavni": [
                            "https:\/\/www.file-upload.org\/uj2zqi2e7uju"
                        ],
                        "alternativni_1": [],
                        "alternativni_2": []
                    }
                },
                {
                    "episode_number": 14,
                    "title": "Epizoda 14",
                    "link_groups": {
                        "glavni": [
                            "https:\/\/www.file-upload.org\/f62ycst3pq5w"
                        ],
                        "alternativni_1": [],
                        "alternativni_2": []
                    }
                },
                {
                    "episode_number": 15,
                    "title": "Epizoda 15",
                    "link_groups": {
                        "glavni": [
                            "https:\/\/www.file-upload.org\/0odffx1y2eux"
                        ],
                        "alternativni_1": [],
                        "alternativni_2": []
                    }
                },
                {
                    "episode_number": 16,
                    "title": "Epizoda 16",
                    "link_groups": {
                        "glavni": [
                            "https:\/\/www.file-upload.org\/s9l0c2isyjcb"
                        ],
                        "alternativni_1": [],
                        "alternativni_2": []
                    }
                }
            ]
        }
    }
}