{
    "title": "Dnevnik Gorcina Vukobrata",
    "plot": "Dramska serija režisera Nikole Stojanovića iz 1986. godine, rađena na osnovu filma Od zlata jabuka 1986. godine",
    "thumb": "https:\/\/mojtv.hr\/images\/f73a5858-4de5-443a-aeb4-5acbf813b4e5.jpg",
    "type": "serije",
    "created_at": "2025-05-29 00:40:33",
    "year": 1986,
    "seasons": {
        "1": {
            "title": "Sezona 1",
            "episodes": [
                {
                    "episode_number": 1,
                    "title": "Epizoda 1",
                    "link_groups": {
                        "glavni": [
                            "https:\/\/www.file-upload.org\/oiws10ujnjwm"
                        ],
                        "alternativni_1": [],
                        "alternativni_2": []
                    }
                },
                {
                    "episode_number": 2,
                    "title": "Epizoda 2",
                    "link_groups": {
                        "glavni": [
                            "https:\/\/www.file-upload.org\/dw2pfvlosus4"
                        ],
                        "alternativni_1": [],
                        "alternativni_2": []
                    }
                },
                {
                    "episode_number": 3,
                    "title": "Epizoda 3",
                    "link_groups": {
                        "glavni": [
                            "https:\/\/www.file-upload.org\/sqpdi5lcin1o"
                        ],
                        "alternativni_1": [],
                        "alternativni_2": []
                    }
                }
            ]
        }
    }
}