{
    "title": "San Snova",
    "plot": "Radnja serije prati mladića koji je zvezda fudbalskog kluba \"Kroacija\", a pred kojim je transfer života u Španiju. Kada u bizarnoj nesreći tokom procesije u rodnom Kamenu povredi već povređeno koleno, Alen Stošić mora da počne ispočetka. Tridesete ga okrutno dočekaju, transfer propadne, a doživi i krah veze sa nekadašnjom misicom Kristinom Ćuk. Mlada advokatica Maja Romić preuzima Alenov sudski proces sa pohlepnom bivšom devojkom. Kada Alenova karijera naglo propadne, ruše se svi snovi njegovog oca Mirka, koji mora pronaći novi način da dostigne toliko željeni uspeh.",
    "thumb": "https:\/\/images.rtl.hr\/media\/images\/original\/Dec2023\/eb488a5163afc4ef923b_896313.jpg?v=9aea",
    "type": "serije",
    "created_at": "2025-06-10 19:09:23",
    "year": 2023,
    "seasons": {
        "1": {
            "title": "Sezona 1",
            "episodes": [
                {
                    "episode_number": 1,
                    "title": "Epizoda 1",
                    "link_groups": {
                        "glavni": [
                            "https:\/\/www.file-upload.org\/fmif2zqdlshu"
                        ],
                        "alternativni_1": [],
                        "alternativni_2": []
                    }
                },
                {
                    "episode_number": 2,
                    "title": "Epizoda 2",
                    "link_groups": {
                        "glavni": [
                            "https:\/\/www.file-upload.org\/sexwdx1pssqa"
                        ],
                        "alternativni_1": [],
                        "alternativni_2": []
                    }
                },
                {
                    "episode_number": 3,
                    "title": "Epizoda 3",
                    "link_groups": {
                        "glavni": [
                            "https:\/\/www.file-upload.org\/2sux1k461wvz"
                        ],
                        "alternativni_1": [],
                        "alternativni_2": []
                    }
                },
                {
                    "episode_number": 4,
                    "title": "Epizoda 4",
                    "link_groups": {
                        "glavni": [
                            "https:\/\/www.file-upload.org\/fv4bxefoz68m"
                        ],
                        "alternativni_1": [],
                        "alternativni_2": []
                    }
                },
                {
                    "episode_number": 5,
                    "title": "Epizoda 5",
                    "link_groups": {
                        "glavni": [
                            "https:\/\/www.file-upload.org\/5xju9vyibrr8"
                        ],
                        "alternativni_1": [],
                        "alternativni_2": []
                    }
                },
                {
                    "episode_number": 6,
                    "title": "Epizoda 6",
                    "link_groups": {
                        "glavni": [
                            "https:\/\/www.file-upload.org\/54pt9lnivy2a"
                        ],
                        "alternativni_1": [],
                        "alternativni_2": []
                    }
                },
                {
                    "episode_number": 7,
                    "title": "Epizoda 7",
                    "link_groups": {
                        "glavni": [
                            "https:\/\/www.file-upload.org\/cx2ianqsa9au"
                        ],
                        "alternativni_1": [],
                        "alternativni_2": []
                    }
                },
                {
                    "episode_number": 8,
                    "title": "Epizoda 8",
                    "link_groups": {
                        "glavni": [
                            "https:\/\/www.file-upload.org\/74ahpi4pxdmn"
                        ],
                        "alternativni_1": [],
                        "alternativni_2": []
                    }
                },
                {
                    "episode_number": 9,
                    "title": "Epizoda 9",
                    "link_groups": {
                        "glavni": [
                            "https:\/\/www.file-upload.org\/3k5xvhy37l0t"
                        ],
                        "alternativni_1": [],
                        "alternativni_2": []
                    }
                },
                {
                    "episode_number": 10,
                    "title": "Epizoda 10",
                    "link_groups": {
                        "glavni": [
                            "https:\/\/www.file-upload.org\/vjr07v4shpbd"
                        ],
                        "alternativni_1": [],
                        "alternativni_2": []
                    }
                },
                {
                    "episode_number": 11,
                    "title": "Epizoda 11",
                    "link_groups": {
                        "glavni": [
                            "https:\/\/www.file-upload.org\/qp5awewa00f4"
                        ],
                        "alternativni_1": [],
                        "alternativni_2": []
                    }
                },
                {
                    "episode_number": 12,
                    "title": "Epizoda 12",
                    "link_groups": {
                        "glavni": [
                            "https:\/\/www.file-upload.org\/0b3izu9xru8l"
                        ],
                        "alternativni_1": [],
                        "alternativni_2": []
                    }
                },
                {
                    "episode_number": 13,
                    "title": "Epizoda 13",
                    "link_groups": {
                        "glavni": [
                            "https:\/\/www.file-upload.org\/35urw5xxhln4"
                        ],
                        "alternativni_1": [],
                        "alternativni_2": []
                    }
                },
                {
                    "episode_number": 14,
                    "title": "Epizoda 14",
                    "link_groups": {
                        "glavni": [
                            "https:\/\/www.file-upload.org\/nqrdiwsxe9fx"
                        ],
                        "alternativni_1": [],
                        "alternativni_2": []
                    }
                },
                {
                    "episode_number": 15,
                    "title": "Epizoda 15",
                    "link_groups": {
                        "glavni": [
                            "https:\/\/www.file-upload.org\/gqye2q7fxop6"
                        ],
                        "alternativni_1": [],
                        "alternativni_2": []
                    }
                },
                {
                    "episode_number": 16,
                    "title": "Epizoda 16",
                    "link_groups": {
                        "glavni": [
                            "https:\/\/www.file-upload.org\/fe8ph4v9iq9q"
                        ],
                        "alternativni_1": [],
                        "alternativni_2": []
                    }
                },
                {
                    "episode_number": 17,
                    "title": "Epizoda 17",
                    "link_groups": {
                        "glavni": [
                            "https:\/\/www.file-upload.org\/clbg7psnp87s"
                        ],
                        "alternativni_1": [],
                        "alternativni_2": []
                    }
                },
                {
                    "episode_number": 18,
                    "title": "Epizoda 18",
                    "link_groups": {
                        "glavni": [
                            "https:\/\/www.file-upload.org\/q9z55is2gfql"
                        ],
                        "alternativni_1": [],
                        "alternativni_2": []
                    }
                },
                {
                    "episode_number": 19,
                    "title": "Epizoda 19",
                    "link_groups": {
                        "glavni": [
                            "https:\/\/www.file-upload.org\/54ntik91je5y"
                        ],
                        "alternativni_1": [],
                        "alternativni_2": []
                    }
                },
                {
                    "episode_number": 20,
                    "title": "Epizoda 20",
                    "link_groups": {
                        "glavni": [
                            "https:\/\/www.file-upload.org\/29j366ebzv9g"
                        ],
                        "alternativni_1": [],
                        "alternativni_2": []
                    }
                },
                {
                    "episode_number": 21,
                    "title": "Epizoda 21",
                    "link_groups": {
                        "glavni": [
                            "https:\/\/www.file-upload.org\/c4h30tj3sy71"
                        ],
                        "alternativni_1": [],
                        "alternativni_2": []
                    }
                },
                {
                    "episode_number": 22,
                    "title": "Epizoda 22",
                    "link_groups": {
                        "glavni": [
                            "https:\/\/www.file-upload.org\/75r2v7dc0dxh"
                        ],
                        "alternativni_1": [],
                        "alternativni_2": []
                    }
                },
                {
                    "episode_number": 23,
                    "title": "Epizoda 23",
                    "link_groups": {
                        "glavni": [
                            "https:\/\/www.file-upload.org\/ikqnobfe9bfl"
                        ],
                        "alternativni_1": [],
                        "alternativni_2": []
                    }
                },
                {
                    "episode_number": 24,
                    "title": "Epizoda 24",
                    "link_groups": {
                        "glavni": [
                            "https:\/\/www.file-upload.org\/11uix8dm8oab"
                        ],
                        "alternativni_1": [],
                        "alternativni_2": []
                    }
                },
                {
                    "episode_number": 25,
                    "title": "Epizoda 25",
                    "link_groups": {
                        "glavni": [
                            "https:\/\/www.file-upload.org\/jywhoitu5liv"
                        ],
                        "alternativni_1": [],
                        "alternativni_2": []
                    }
                },
                {
                    "episode_number": 26,
                    "title": "Epizoda 26",
                    "link_groups": {
                        "glavni": [
                            "https:\/\/www.file-upload.org\/56dsmkdsr7sl"
                        ],
                        "alternativni_1": [],
                        "alternativni_2": []
                    }
                },
                {
                    "episode_number": 27,
                    "title": "Epizoda 27",
                    "link_groups": {
                        "glavni": [
                            "https:\/\/www.file-upload.org\/e1bn1ln0bot5"
                        ],
                        "alternativni_1": [],
                        "alternativni_2": []
                    }
                },
                {
                    "episode_number": 28,
                    "title": "Epizoda 28",
                    "link_groups": {
                        "glavni": [
                            "https:\/\/www.file-upload.org\/euse96gsa67t"
                        ],
                        "alternativni_1": [],
                        "alternativni_2": []
                    }
                },
                {
                    "episode_number": 29,
                    "title": "Epizoda 29",
                    "link_groups": {
                        "glavni": [
                            "https:\/\/www.file-upload.org\/cgmnkddn5hwr"
                        ],
                        "alternativni_1": [],
                        "alternativni_2": []
                    }
                },
                {
                    "episode_number": 30,
                    "title": "Epizoda 30",
                    "link_groups": {
                        "glavni": [
                            "https:\/\/www.file-upload.org\/rnr361nivhzc"
                        ],
                        "alternativni_1": [],
                        "alternativni_2": []
                    }
                },
                {
                    "episode_number": 31,
                    "title": "Epizoda 31",
                    "link_groups": {
                        "glavni": [
                            "https:\/\/www.file-upload.org\/21s8s7t4invh"
                        ],
                        "alternativni_1": [],
                        "alternativni_2": []
                    }
                }
            ]
        }
    }
}