{
    "title": "Odumiranje",
    "plot": "Posle nekoliko mučnih godina života u Beogradu, Janko (Branislav Trifunović) se vraća u svoje zabito i ljudima opustelo, planinsko selo, sa namerom da proda zemlju i ode u Švajcarsku, verujući da će se tako izbaviti nevolja i konačno izboriti za svoje mesto pod suncem. Njegova usamljena majka Milica (Dara Džokić), koja već dugo živi u nadi da će se Janko vratiti, dovesti ženu i osnovati porodicu, ne samo da će se njegovoj nameri usprotiviti, već će učiniti sve da njen sin od te namere odustane. U tome joj pomaže Strahinja (Boris Isaković), zanesenjak, ali i čovek prepun snage i volje za životom, koji je posle tragične smrti sina zatvorio seosku kafanu, i čija se ćerka propila, a žena prestala da govori. I pored toga što će Milica, snagom majčinske ljubavi, ubeđivati Janka da ostane i pokuša da živi na svojoj zemlji i od svoje zemlje, i pored Strahinjine ponude da zajedno otvore kafanu a zaradu podele, Janko neće odustati od svog plana.[1]",
    "thumb": "https:\/\/m.media-amazon.com\/images\/M\/MV5BZmVmYTMzMTUtNmUzYy00MTBhLWE3MjktN2JjMWUyN2MzMTVlXkEyXkFqcGc@._V1_FMjpg_UX1000_.jpg",
    "type": "serije",
    "created_at": "2025-06-07 22:22:39",
    "year": 2013,
    "seasons": {
        "1": {
            "title": "Sezona 1",
            "episodes": [
                {
                    "episode_number": 1,
                    "title": "Epizoda 1",
                    "link_groups": {
                        "glavni": [
                            "https:\/\/www.file-upload.org\/6mwba1h3g1ie"
                        ],
                        "alternativni_1": [],
                        "alternativni_2": []
                    }
                },
                {
                    "episode_number": 2,
                    "title": "Epizoda 2",
                    "link_groups": {
                        "glavni": [
                            "https:\/\/www.file-upload.org\/p5kpldv9j924"
                        ],
                        "alternativni_1": [],
                        "alternativni_2": []
                    }
                },
                {
                    "episode_number": 3,
                    "title": "Epizoda 3",
                    "link_groups": {
                        "glavni": [
                            "https:\/\/www.file-upload.org\/2fn2o6kmwouy"
                        ],
                        "alternativni_1": [],
                        "alternativni_2": []
                    }
                },
                {
                    "episode_number": 4,
                    "title": "Epizoda 4",
                    "link_groups": {
                        "glavni": [
                            "https:\/\/www.file-upload.org\/tlznuwkga8se"
                        ],
                        "alternativni_1": [],
                        "alternativni_2": []
                    }
                }
            ]
        }
    }
}