{
    "title": "Mrtav 'ladan",
    "plot": "Dvojica braće, Zoki i Mile, švercuju svog mrtvog dedu u vozu jer nemaju novac da ga prebace u Vršac, gde ih čeka njihov nezgodan otac koga se mnogo plaše. U vozu se nađe i narko-diler Limeni, koji putuje sa tuđim detetom, a plašeći se policije, ubaci dedi paketić droge u džep. Zoki i Mile odlaze u vagon restoran, voz naglo koči, a težak kofer pada Dedi na glavu. Ostali putnici u kupeu konstatuju da je to ubilo dedu. Svako iz svojih razloga ne želi policiju u kupeu i oni reše da ga izbace kroz prozor.[2] I tada nastaje potraga za dedom koga svi traže.U priču se upliću milicioner željan unapređenja, šofer koji glumi detektiva, dva ratara koja se spore oko međe.",
    "thumb": "https:\/\/m.media-amazon.com\/images\/M\/MV5BMTk5NDc0MjU3Nl5BMl5BanBnXkFtZTcwNDc3NTU3OQ@@._V1_FMjpg_UX1000_.jpg",
    "type": "serije",
    "created_at": "2025-06-03 23:52:30",
    "year": 2002,
    "seasons": {
        "1": {
            "title": "Sezona 1",
            "episodes": [
                {
                    "episode_number": 1,
                    "title": "Epizoda 1",
                    "link_groups": {
                        "glavni": [
                            "https:\/\/www.file-upload.org\/61cnc8o84hfc"
                        ],
                        "alternativni_1": [],
                        "alternativni_2": []
                    }
                },
                {
                    "episode_number": 2,
                    "title": "Epizoda 2",
                    "link_groups": {
                        "glavni": [
                            "https:\/\/www.file-upload.org\/xiv8hp08j8u5"
                        ],
                        "alternativni_1": [],
                        "alternativni_2": []
                    }
                },
                {
                    "episode_number": 3,
                    "title": "Epizoda 3",
                    "link_groups": {
                        "glavni": [
                            "https:\/\/www.file-upload.org\/v5jsbrj1bjez"
                        ],
                        "alternativni_1": [],
                        "alternativni_2": []
                    }
                },
                {
                    "episode_number": 4,
                    "title": "Epizoda 4",
                    "link_groups": {
                        "glavni": [
                            "https:\/\/www.file-upload.org\/e9yeuach27j8"
                        ],
                        "alternativni_1": [],
                        "alternativni_2": []
                    }
                }
            ]
        }
    }
}