{
    "title": "U Ime Zakona",
    "plot": "Priča o ambiciznom, ne baš spretnom ni pametnom, mladom policajcu Stanoju i njegovom ocu Radoju, velikom imenu svetskog kriminala koji se posle mnogo godina vraća kući pun energije, mašte i šarma. Između oca i sina stoji, i kao veza i kao prepreka, dobronamerni šef policije Živko.",
    "thumb": "https:\/\/m.media-amazon.com\/images\/M\/MV5BOWNiNWY5YjQtZTI1My00MzkyLWJiMmItOTZjMWIyODkwNjBlXkEyXkFqcGc@._V1_.jpg",
    "type": "serije",
    "created_at": "2025-06-12 12:05:21",
    "year": 1990,
    "seasons": {
        "1": {
            "title": "Sezona 1",
            "episodes": [
                {
                    "episode_number": 1,
                    "title": "Epizoda 1",
                    "link_groups": {
                        "glavni": [
                            "https:\/\/www.file-upload.org\/ihksok3c7nnu"
                        ],
                        "alternativni_1": [],
                        "alternativni_2": []
                    }
                },
                {
                    "episode_number": 2,
                    "title": "Epizoda 2",
                    "link_groups": {
                        "glavni": [
                            "https:\/\/www.file-upload.org\/wwh278j2foha"
                        ],
                        "alternativni_1": [],
                        "alternativni_2": []
                    }
                },
                {
                    "episode_number": 3,
                    "title": "Epizoda 3",
                    "link_groups": {
                        "glavni": [
                            "https:\/\/www.file-upload.org\/hd6ijvoxjgzu"
                        ],
                        "alternativni_1": [],
                        "alternativni_2": []
                    }
                },
                {
                    "episode_number": 4,
                    "title": "Epizoda 4",
                    "link_groups": {
                        "glavni": [
                            "https:\/\/www.file-upload.org\/b0vwin7s7wtu"
                        ],
                        "alternativni_1": [],
                        "alternativni_2": []
                    }
                },
                {
                    "episode_number": 5,
                    "title": "Epizoda 5",
                    "link_groups": {
                        "glavni": [
                            "https:\/\/www.file-upload.org\/pca8vu8uyhd7"
                        ],
                        "alternativni_1": [],
                        "alternativni_2": []
                    }
                },
                {
                    "episode_number": 6,
                    "title": "Epizoda 6",
                    "link_groups": {
                        "glavni": [
                            "https:\/\/www.file-upload.org\/nkvtem67aqz7"
                        ],
                        "alternativni_1": [],
                        "alternativni_2": []
                    }
                },
                {
                    "episode_number": 7,
                    "title": "Epizoda 7",
                    "link_groups": {
                        "glavni": [
                            "https:\/\/www.file-upload.org\/270h0ez5vowb"
                        ],
                        "alternativni_1": [],
                        "alternativni_2": []
                    }
                },
                {
                    "episode_number": 8,
                    "title": "Epizoda 8",
                    "link_groups": {
                        "glavni": [
                            "https:\/\/www.file-upload.org\/gb1yj7mzamtk"
                        ],
                        "alternativni_1": [],
                        "alternativni_2": []
                    }
                },
                {
                    "episode_number": 9,
                    "title": "Epizoda 9",
                    "link_groups": {
                        "glavni": [
                            "https:\/\/www.file-upload.org\/4pp583yzvso2"
                        ],
                        "alternativni_1": [],
                        "alternativni_2": []
                    }
                },
                {
                    "episode_number": 10,
                    "title": "Epizoda 10",
                    "link_groups": {
                        "glavni": [
                            "https:\/\/www.file-upload.org\/br9p4c36wlj6"
                        ],
                        "alternativni_1": [],
                        "alternativni_2": []
                    }
                }
            ]
        }
    }
}