{
    "title": "Letovi Koji Se Pamte",
    "plot": "Letovi koji se pamte je jugoslovenska televizijska miniserija u koprodukciji RTV Beograd i Zastava filma emitovana 1967. godine. Sastoji se od sedam epizoda koje su prikazivale živote pripadnika tadašnjeg Jugoslovenskog ratnog vazduhoplovstva. Seriju je režirao Nikola Tanhofer a scenario su napisali Stjepan Čikeš, Nikola Lekić, Radenko Ostojić i Antun Vrdoljak.",
    "thumb": "https:\/\/m.media-amazon.com\/images\/M\/MV5BNDQ4NzBmMDItYmM5Ny00ZjZiLWI2ZmYtNDIzMWUwODRhODYzXkEyXkFqcGc@._V1_QL75_UX289_.jpg",
    "type": "serije",
    "created_at": "2025-05-31 12:36:23",
    "year": 1967,
    "seasons": {
        "1": {
            "title": "Sezona 1",
            "episodes": [
                {
                    "episode_number": 1,
                    "title": "Epizoda 1",
                    "link_groups": {
                        "glavni": [
                            "https:\/\/www.file-upload.org\/9lv3ivn4dg5f"
                        ],
                        "alternativni_1": [],
                        "alternativni_2": []
                    }
                },
                {
                    "episode_number": 2,
                    "title": "Epizoda 2",
                    "link_groups": {
                        "glavni": [
                            "https:\/\/www.file-upload.org\/wzxx80f8i0je"
                        ],
                        "alternativni_1": [],
                        "alternativni_2": []
                    }
                },
                {
                    "episode_number": 3,
                    "title": "Epizoda 3",
                    "link_groups": {
                        "glavni": [
                            "https:\/\/www.file-upload.org\/r9pa51bue03h"
                        ],
                        "alternativni_1": [],
                        "alternativni_2": []
                    }
                },
                {
                    "episode_number": 4,
                    "title": "Epizoda 4",
                    "link_groups": {
                        "glavni": [
                            "https:\/\/www.file-upload.org\/7wnx7lwgkgss"
                        ],
                        "alternativni_1": [],
                        "alternativni_2": []
                    }
                },
                {
                    "episode_number": 5,
                    "title": "Epizoda 5",
                    "link_groups": {
                        "glavni": [
                            "https:\/\/www.file-upload.org\/rzcqsbpckg23"
                        ],
                        "alternativni_1": [],
                        "alternativni_2": []
                    }
                },
                {
                    "episode_number": 6,
                    "title": "Epizoda 6",
                    "link_groups": {
                        "glavni": [
                            "https:\/\/www.file-upload.org\/044ctf32pqbw"
                        ],
                        "alternativni_1": [],
                        "alternativni_2": []
                    }
                },
                {
                    "episode_number": 7,
                    "title": "Epizoda 7",
                    "link_groups": {
                        "glavni": [
                            "https:\/\/www.file-upload.org\/xqdpt864rb7j"
                        ],
                        "alternativni_1": [],
                        "alternativni_2": []
                    }
                }
            ]
        }
    }
}