{
    "title": "Gori Vatra",
    "plot": "Bosna i Hercegovina, dve godine posle rata. Tešanj, mali, ni po čemu izuzetan gradić - na površini dobri, otvoreni ljudi, skroman, pošten život, pijaca, tradicija i komšiluk. Ali ispod površine: glad, etnička netrpeljivost, kriminal, prostitucija i totalna korupcija.\r\n\r\nOnda stiže vest o skoroj poseti američkog predsednika - Bila Klintona gradu, i njegovoj spremnosti da tom prilikom postane počasni građanin i kum opštine. Sve izgleda kao jasan nagoveštaj dolaska boljih dana, dana blagostanja, napretka i sreće. Ali to mora i da se zasluži: u sedam dana sve što nije dobro: kriminal, korupcija, etnička netrpeljivost, mora jednostavno da nestane. Pod nadzorom i uz svesrdnu pomoć posmatrača iz međunarodne zajednice počinje besomučna borba za stvaranjem demokratije za sedam dana. U toj trci grad potpuno poludi.",
    "thumb": "https:\/\/m.media-amazon.com\/images\/M\/MV5BNjcwYzExODMtMjEzOS00ZTg2LTkyNGQtNzZjYzU0N2NkOWQ2XkEyXkFqcGc@._V1_.jpg",
    "type": "serije",
    "created_at": "2025-05-29 23:34:29",
    "year": 2003,
    "seasons": {
        "1": {
            "title": "Sezona 1",
            "episodes": [
                {
                    "episode_number": 1,
                    "title": "Epizoda 1",
                    "link_groups": {
                        "glavni": [
                            "https:\/\/www.file-upload.org\/kckwqmbji3kw"
                        ],
                        "alternativni_1": [],
                        "alternativni_2": []
                    }
                },
                {
                    "episode_number": 2,
                    "title": "Epizoda 2",
                    "link_groups": {
                        "glavni": [
                            "https:\/\/www.file-upload.org\/8qq8gibqpjie"
                        ],
                        "alternativni_1": [],
                        "alternativni_2": []
                    }
                },
                {
                    "episode_number": 3,
                    "title": "Epizoda 3",
                    "link_groups": {
                        "glavni": [
                            "https:\/\/www.file-upload.org\/nt0d2o24ppa3"
                        ],
                        "alternativni_1": [],
                        "alternativni_2": []
                    }
                },
                {
                    "episode_number": 4,
                    "title": "Epizoda 4",
                    "link_groups": {
                        "glavni": [
                            "https:\/\/www.file-upload.org\/us4ye1e3oc6w"
                        ],
                        "alternativni_1": [],
                        "alternativni_2": []
                    }
                }
            ]
        }
    }
}