{
    "title": "Dragi Susjedi",
    "plot": "Dragi susjedi je hrvatska humoristična serija koja je s emitiranjem započela 21. travnja 2018. godine. Redatelji serije su Marko Manojlović (redatelj serijala Andrija i Anđelka) i Dejan Karakljajić, dok je serija rađena po uzoru na francusku seriju Nos chers voisins.\r\n\r\nGlavni likovi ovoga sitcoma su stanari jedne vrlo živahne i zaigrane zgrade. Susjede glume Nataša Dangubić i Moamer Kasumović, koji se gledateljima predstavljaju kao tradicionalni i konzervativni bračni par Zovko, dok su Katarina Marković i Petar Ćiritović moderni i slobodoumni supružnike Perković. Srpskom glumcu Zoranu Cvijanoviću pripala je uloga glavne sveznalice u zgradi - domara, a Ornela Vištica okušat će se u ulozi seksi susjede zbog koje će muškarci u zgradi često gubiti glavu, što se neće svidjeti ženskim stanarima zgrade. Asim Ugljen i Ivan Magud u sitcomu će postati cimeri koji žive do Ornele Vištice.[1]\r\n\r\nSerija ima 10 epizoda, svaka u trajanju od 40 minuta, a televizijski kanal RTL seriju je prikazivao dio kroz 40-minutne epizode, a dio kao odvojene skečeve prije početna glavnom programa u 20 sati.",
    "thumb": "https:\/\/m.media-amazon.com\/images\/M\/MV5BMWY3YmJkYzEtMWJkOS00MzdjLWIxOWQtNGY0MzY1OTYzZjM1XkEyXkFqcGc@._V1_FMjpg_UX1000_.jpg",
    "type": "serije",
    "created_at": "2025-05-29 11:36:34",
    "year": 2018,
    "seasons": {
        "1": {
            "title": "Sezona 1",
            "episodes": [
                {
                    "episode_number": 1,
                    "title": "Epizoda 1",
                    "link_groups": {
                        "glavni": [
                            "https:\/\/www.file-upload.org\/xczgaubguq7h"
                        ],
                        "alternativni_1": [],
                        "alternativni_2": []
                    }
                },
                {
                    "episode_number": 2,
                    "title": "Epizoda 2",
                    "link_groups": {
                        "glavni": [
                            "https:\/\/www.file-upload.org\/jrht097rpg4r"
                        ],
                        "alternativni_1": [],
                        "alternativni_2": []
                    }
                },
                {
                    "episode_number": 3,
                    "title": "Epizoda 3",
                    "link_groups": {
                        "glavni": [
                            "https:\/\/www.file-upload.org\/cw3uapk2id1u"
                        ],
                        "alternativni_1": [],
                        "alternativni_2": []
                    }
                },
                {
                    "episode_number": 4,
                    "title": "Epizoda 4",
                    "link_groups": {
                        "glavni": [
                            "https:\/\/www.file-upload.org\/i20hzjxjw0eh"
                        ],
                        "alternativni_1": [],
                        "alternativni_2": []
                    }
                },
                {
                    "episode_number": 5,
                    "title": "Epizoda 5",
                    "link_groups": {
                        "glavni": [
                            "https:\/\/www.file-upload.org\/de4j6dapp54e"
                        ],
                        "alternativni_1": [],
                        "alternativni_2": []
                    }
                },
                {
                    "episode_number": 6,
                    "title": "Epizoda 6",
                    "link_groups": {
                        "glavni": [
                            "https:\/\/www.file-upload.org\/arfrk87ga74d"
                        ],
                        "alternativni_1": [],
                        "alternativni_2": []
                    }
                },
                {
                    "episode_number": 7,
                    "title": "Epizoda 7",
                    "link_groups": {
                        "glavni": [
                            "https:\/\/www.file-upload.org\/at6owan3qekh"
                        ],
                        "alternativni_1": [],
                        "alternativni_2": []
                    }
                },
                {
                    "episode_number": 8,
                    "title": "Epizoda 8",
                    "link_groups": {
                        "glavni": [
                            "https:\/\/www.file-upload.org\/no9so9izftii"
                        ],
                        "alternativni_1": [],
                        "alternativni_2": []
                    }
                },
                {
                    "episode_number": 9,
                    "title": "Epizoda 9",
                    "link_groups": {
                        "glavni": [
                            "https:\/\/www.file-upload.org\/v7hv4kf7mk9c"
                        ],
                        "alternativni_1": [],
                        "alternativni_2": []
                    }
                },
                {
                    "episode_number": 10,
                    "title": "Epizoda 10",
                    "link_groups": {
                        "glavni": [
                            "https:\/\/www.file-upload.org\/m5tuk5rt3euk"
                        ],
                        "alternativni_1": [],
                        "alternativni_2": []
                    }
                },
                {
                    "episode_number": 11,
                    "title": "Epizoda 11",
                    "link_groups": {
                        "glavni": [
                            "https:\/\/www.file-upload.org\/zm42g06mvrly"
                        ],
                        "alternativni_1": [],
                        "alternativni_2": []
                    }
                }
            ]
        }
    }
}