{
    "title": "U Zagrljaju Crne Ruke",
    "plot": "Radnja serije prati harmoničnu istoriju Srbije na prelasku iz 19. u 20. vek (od dolaska na presto kralja Milana Obrenovića 1882 do njegove abdikacije 1889. godine), iz ugla Tanasija K. Abadžića, kraljevog ađutanta, koji se, na toj funkciji našao ne svojom krivicom.\r\n\r\nTanasije K. Abadžić je niži vojni činovnik na dvoru Obrenovića i praunuk Crnog Gruje. Srednje slovo \"K\" potiče od prezimena Karađorđević, jer je njegov tetak Crni Đorđe, ali Abadžić to krije. Ima i svog slugu, Dobrotu Punišića.",
    "thumb": "https:\/\/m.media-amazon.com\/images\/M\/MV5BNjY3M2U3NTQtYmVmZi00ZWZlLTkxYzUtNzBjYzUxNmExNWNkXkEyXkFqcGc@._V1_.jpg",
    "type": "serije",
    "created_at": "2025-06-12 12:07:04",
    "year": 2021,
    "seasons": {
        "1": {
            "title": "Sezona 1",
            "episodes": [
                {
                    "episode_number": 1,
                    "title": "Epizoda 1",
                    "link_groups": {
                        "glavni": [
                            "https:\/\/www.file-upload.org\/e3vv4k5nk58u"
                        ],
                        "alternativni_1": [],
                        "alternativni_2": []
                    }
                },
                {
                    "episode_number": 2,
                    "title": "Epizoda 2",
                    "link_groups": {
                        "glavni": [
                            "https:\/\/www.file-upload.org\/3hvfg1h6oc9g"
                        ],
                        "alternativni_1": [],
                        "alternativni_2": []
                    }
                },
                {
                    "episode_number": 3,
                    "title": "Epizoda 3",
                    "link_groups": {
                        "glavni": [
                            "https:\/\/www.file-upload.org\/4i8bj2ciagxt"
                        ],
                        "alternativni_1": [],
                        "alternativni_2": []
                    }
                }
            ]
        }
    }
}