{
    "title": "Ne Daj Se Floki!",
    "plot": "U novoizgrađenom zagrebačkom naselju pas lutalica želi postati kućni pas. No, put do ostvarenja te želje je dug, jer stanari zgrade imaju različita mišljenja o kućnim ljubimcima. Tako će mali Jura, koji psa naziva Floki i želi ga udomiti, u nizu dogodovština otkriti različite karaktere odraslih te će na kraju uz pomoć dede i bake Flokiju osigurati dom...",
    "thumb": "https:\/\/m.media-amazon.com\/images\/M\/MV5BNzE5MWQ5YzItYWMwYS00OTUyLWEyNmItN2FlNzFlZDU2YzMwXkEyXkFqcGc@._V1_.jpg",
    "type": "serije",
    "created_at": "2025-06-06 02:03:39",
    "year": 1986,
    "seasons": {
        "1": {
            "title": "Sezona 1",
            "episodes": [
                {
                    "episode_number": 1,
                    "title": "Epizoda 1",
                    "link_groups": {
                        "glavni": [
                            "https:\/\/www.file-upload.org\/935xo5oybobc"
                        ],
                        "alternativni_1": [],
                        "alternativni_2": []
                    }
                },
                {
                    "episode_number": 2,
                    "title": "Epizoda 2",
                    "link_groups": {
                        "glavni": [
                            "https:\/\/www.file-upload.org\/o4vak3v4p8nk"
                        ],
                        "alternativni_1": [],
                        "alternativni_2": []
                    }
                },
                {
                    "episode_number": 3,
                    "title": "Epizoda 3",
                    "link_groups": {
                        "glavni": [
                            "https:\/\/www.file-upload.org\/s6h2s1njm2qb"
                        ],
                        "alternativni_1": [],
                        "alternativni_2": []
                    }
                },
                {
                    "episode_number": 4,
                    "title": "Epizoda 4",
                    "link_groups": {
                        "glavni": [
                            "https:\/\/www.file-upload.org\/6ah8j69ib5o4"
                        ],
                        "alternativni_1": [],
                        "alternativni_2": []
                    }
                },
                {
                    "episode_number": 5,
                    "title": "Epizoda 5",
                    "link_groups": {
                        "glavni": [
                            "https:\/\/www.file-upload.org\/wgkrf1kr95w4"
                        ],
                        "alternativni_1": [],
                        "alternativni_2": []
                    }
                }
            ]
        }
    }
}