{
    "title": "Rusko Meso",
    "plot": "Kriminalac Vuk, vlasnik bordela, nakon orgije uz opijate i kokain gubi kontrolu i ubija prostitutku Lauru. Iako policijsko izvješće navodi da se radi o samoubojstvu, Laurina sestra Ida sumnja u to, ali joj bratić i bolničar savjetuje da ne postavlja previše pitanja. Ida svejedno odluči istražiti slučaj, dijelom i stoga jer ju grize savijest pošto nije imala dobar odnos sa sestrom. Lažno se zapošljava kao prostitutka u bordelu, a ubrzo joj prijatelj postaje bordelski tjelesni čuvar Hrvoje, koji je pak prerušeni detektiv. Ida upoznaje vlasnika bordela, Vuka, kao i mnoge mušterije te djevojke iz struke.",
    "thumb": "https:\/\/m.media-amazon.com\/images\/M\/MV5BZmZiMTg3MjEtYTc3MC00YjkxLWFiZTAtYTc3ZWMxZjIyMjljXkEyXkFqcGc@._V1_.jpg",
    "type": "serije",
    "created_at": "2025-06-10 13:20:25",
    "year": 1997,
    "seasons": {
        "1": {
            "title": "Sezona 1",
            "episodes": [
                {
                    "episode_number": 1,
                    "title": "Epizoda 1",
                    "link_groups": {
                        "glavni": [
                            "https:\/\/www.file-upload.org\/x4oj5r6r9mzl"
                        ],
                        "alternativni_1": [],
                        "alternativni_2": []
                    }
                },
                {
                    "episode_number": 2,
                    "title": "Epizoda 2",
                    "link_groups": {
                        "glavni": [
                            "https:\/\/www.file-upload.org\/mvb8mtepgpab"
                        ],
                        "alternativni_1": [],
                        "alternativni_2": []
                    }
                },
                {
                    "episode_number": 3,
                    "title": "Epizoda 3",
                    "link_groups": {
                        "glavni": [
                            "https:\/\/www.file-upload.org\/v3sykmsxbdf3"
                        ],
                        "alternativni_1": [],
                        "alternativni_2": []
                    }
                }
            ]
        }
    }
}