{
    "title": "Dva Drugara",
    "plot": "Dva drugara je jugoslovenska i srpska televizijska serija komičnog karaktera iz 1976. godine. Seriju je režirao Andrija Đukić, dok su scenarije pisali Vuk Ljutica i Slobodan Stojanović. Premijerno je prikazivana 1976. godine na TV Beograd, a snimljeno je 8 epizoda.",
    "thumb": "https:\/\/i.ytimg.com\/vi\/5tr3HMtnbfo\/hqdefault.jpg?sqp=-oaymwEmCOADEOgC8quKqQMa8AEB-AHeA4AC6AKKAgwIABABGFwgXChcMA8=&rs=AOn4CLDrhsmDtBBj86anxlxq7QBF9EaUgA",
    "type": "serije",
    "created_at": "2025-05-29 11:59:09",
    "year": 1976,
    "seasons": {
        "1": {
            "title": "Sezona 1",
            "episodes": [
                {
                    "episode_number": 1,
                    "title": "Epizoda 1",
                    "link_groups": {
                        "glavni": [
                            "https:\/\/www.file-upload.org\/sufsco56j7z7"
                        ],
                        "alternativni_1": [],
                        "alternativni_2": []
                    }
                },
                {
                    "episode_number": 2,
                    "title": "Epizoda 2",
                    "link_groups": {
                        "glavni": [
                            "https:\/\/www.file-upload.org\/snviw6tdra1l"
                        ],
                        "alternativni_1": [],
                        "alternativni_2": []
                    }
                },
                {
                    "episode_number": 3,
                    "title": "Epizoda 3",
                    "link_groups": {
                        "glavni": [
                            "https:\/\/www.file-upload.org\/tov64c4ke4j5"
                        ],
                        "alternativni_1": [],
                        "alternativni_2": []
                    }
                },
                {
                    "episode_number": 4,
                    "title": "Epizoda 4",
                    "link_groups": {
                        "glavni": [
                            "https:\/\/www.file-upload.org\/lq7kppxjp1iu"
                        ],
                        "alternativni_1": [],
                        "alternativni_2": []
                    }
                },
                {
                    "episode_number": 5,
                    "title": "Epizoda 5",
                    "link_groups": {
                        "glavni": [
                            "https:\/\/www.file-upload.org\/omyo2gimwnz8"
                        ],
                        "alternativni_1": [],
                        "alternativni_2": []
                    }
                },
                {
                    "episode_number": 6,
                    "title": "Epizoda 6",
                    "link_groups": {
                        "glavni": [
                            "https:\/\/www.file-upload.org\/li4mptpw12sz"
                        ],
                        "alternativni_1": [],
                        "alternativni_2": []
                    }
                }
            ]
        }
    }
}