{
    "title": "Braca Po Materi",
    "plot": "Isprovociran, Veselin na maturskoj večeri ubija svog vršnjaka.\r\n\r\nU zatvoru dobija pismo od polubrata, političkog emigranta iz Austrije. Počinje dopisivanje i polubrat Braco mu priča o Dalmatinskoj zagori 1930ih godina kada je rođen iz braka Vranke i Antiše, koji se 1941. godine pridružuje hrvatskim fašistima i gine.",
    "thumb": "https:\/\/upload.wikimedia.org\/wikipedia\/sr\/f\/fe\/%D0%91%D1%80%D0%B0%D1%9B%D0%B0_%D0%BF%D0%BE_%D0%BC%D0%B0%D1%82%D0%B5%D1%80%D0%B8.jpg",
    "type": "serije",
    "created_at": "2025-05-28 20:39:55",
    "year": 1988,
    "seasons": {
        "1": {
            "title": "Sezona 1",
            "episodes": [
                {
                    "episode_number": 1,
                    "title": "Epizoda 1",
                    "link_groups": {
                        "glavni": [
                            "https:\/\/www.file-upload.org\/zildgdi1ya8o"
                        ],
                        "alternativni_1": [],
                        "alternativni_2": []
                    }
                },
                {
                    "episode_number": 2,
                    "title": "Epizoda 2",
                    "link_groups": {
                        "glavni": [
                            "https:\/\/www.file-upload.org\/va4nu62jvucs"
                        ],
                        "alternativni_1": [],
                        "alternativni_2": []
                    }
                },
                {
                    "episode_number": 3,
                    "title": "Epizoda 3",
                    "link_groups": {
                        "glavni": [
                            "https:\/\/www.file-upload.org\/g1a2uyg9yrg2"
                        ],
                        "alternativni_1": [],
                        "alternativni_2": []
                    }
                }
            ]
        }
    }
}