{
    "title": "Kosti",
    "plot": "„Kosti“ su drugi dio trilogije „Meso-Kosti-Koža“ i donose priču o ljudima koji žive u posleratnom haosu, sistemu u kojem su potpuno razorene i porodične i društvene i kulturne vrijednosti.\r\n\r\nRadnja serije je smeštena u Banjaluku i prati život dva čoveka koje, na prvi pogled, povezuje samo ime – Kosta. Dok Kosta Govoruša, izbjeglica iz Krajine, pokušava da sa sestrom Kristinom nekako preživi baveći se krečenjem, Kosta Gajić mirno gradi karijeru u lepom društvu svoje žene Zorice, inače direktorke marketinške agencije.",
    "thumb": "https:\/\/m.media-amazon.com\/images\/M\/MV5BN2NmZTk5NTItZTYyYy00OTZhLTgxYjEtYzhmNDc1NzJhZGQ5XkEyXkFqcGc@._V1_.jpg",
    "type": "serije",
    "created_at": "2025-05-30 18:24:25",
    "year": 2019,
    "seasons": {
        "1": {
            "title": "Sezona 1",
            "episodes": [
                {
                    "episode_number": 1,
                    "title": "Epizoda 1",
                    "link_groups": {
                        "glavni": [
                            "https:\/\/www.file-upload.org\/aqfeg1ul2jv3"
                        ],
                        "alternativni_1": [],
                        "alternativni_2": []
                    }
                },
                {
                    "episode_number": 2,
                    "title": "Epizoda 2",
                    "link_groups": {
                        "glavni": [
                            "https:\/\/www.file-upload.org\/x6m2i3k4o17a"
                        ],
                        "alternativni_1": [],
                        "alternativni_2": []
                    }
                },
                {
                    "episode_number": 3,
                    "title": "Epizoda 3",
                    "link_groups": {
                        "glavni": [
                            "https:\/\/www.file-upload.org\/v026du6r6rpx"
                        ],
                        "alternativni_1": [],
                        "alternativni_2": []
                    }
                },
                {
                    "episode_number": 4,
                    "title": "Epizoda 4",
                    "link_groups": {
                        "glavni": [
                            "https:\/\/www.file-upload.org\/zv4jnytp6m51"
                        ],
                        "alternativni_1": [],
                        "alternativni_2": []
                    }
                },
                {
                    "episode_number": 5,
                    "title": "Epizoda 5",
                    "link_groups": {
                        "glavni": [
                            "https:\/\/www.file-upload.org\/oo5q3vf0nyd0"
                        ],
                        "alternativni_1": [],
                        "alternativni_2": []
                    }
                },
                {
                    "episode_number": 6,
                    "title": "Epizoda 6",
                    "link_groups": {
                        "glavni": [
                            "https:\/\/www.file-upload.org\/an64bi6mvido"
                        ],
                        "alternativni_1": [],
                        "alternativni_2": []
                    }
                },
                {
                    "episode_number": 7,
                    "title": "Epizoda 7",
                    "link_groups": {
                        "glavni": [
                            "https:\/\/www.file-upload.org\/9dxq8vdh2oqn"
                        ],
                        "alternativni_1": [],
                        "alternativni_2": []
                    }
                },
                {
                    "episode_number": 8,
                    "title": "Epizoda 8",
                    "link_groups": {
                        "glavni": [
                            "https:\/\/www.file-upload.org\/428ginuenwmx"
                        ],
                        "alternativni_1": [],
                        "alternativni_2": []
                    }
                },
                {
                    "episode_number": 9,
                    "title": "Epizoda 9",
                    "link_groups": {
                        "glavni": [
                            "https:\/\/www.file-upload.org\/tj9t1yglmhdf"
                        ],
                        "alternativni_1": [],
                        "alternativni_2": []
                    }
                },
                {
                    "episode_number": 10,
                    "title": "Epizoda 10",
                    "link_groups": {
                        "glavni": [
                            "https:\/\/www.file-upload.org\/mohrtar8c21p"
                        ],
                        "alternativni_1": [],
                        "alternativni_2": []
                    }
                }
            ]
        }
    }
}