{
    "title": "Tajne",
    "plot": "Priča o dve zaraćene porodice počinje 1943. kada su seljaci provalili na imanje plemića Nikole Otona Šepera kako bi se dočepali hrane. Svestan situacije koja ga čeka, Nikola Oton zakopa porodično blago u šumi pokraj kaštela, i to neposredno pre dolaska seljaka. Međutim, ubrzo ulazi u sukob sa seljacima, a u toj gužvi ubija ga vođa seljaka, Marin Franić. Trudna Šeperova supruga, Teodora, nakon toga beži u Švajcarsku gde rađa kćer Juliju. Pedeset i tri godine kasnije, Julija se zajedno sa suprugom Jerkom i sinom Nikolom vraća u Hrvatsku u nameri da vrati očevo imanje. Nakon početnih sukoba oko vlasništva, Julija se miri sa vlasnicima kaštela, Ivanom i Josipom Franićem, sinovima Marina Franića, seljaka koji je ubio njenog oca. No sve se promeni kada obe porodice krenu u potragu za blagom. Josip i Julija se u međuvremenu zaljube, a Ivan iz pohlepe ubija brata Josipa nakon što pronađe blago i pošalje Josipovu kćer, Marinu, u sirotište. Nedugo zatim umire i Julija, za čije će ubistvo biti optužen suprug Jerko, a njihov sin Nikola nastaviće da živi kod babe i dede.",
    "thumb": "https:\/\/m.media-amazon.com\/images\/M\/MV5BMGE3MWU2NmItYzExMC00NzM3LWFiYmItZjk5MzIxNzAxYzQ4XkEyXkFqcGc@._V1_.jpg",
    "type": "serije",
    "created_at": "2025-06-11 00:53:12",
    "year": 2013,
    "seasons": {
        "1": {
            "title": "Sezona 1",
            "episodes": [
                {
                    "episode_number": 1,
                    "title": "Epizoda 1",
                    "link_groups": {
                        "glavni": [
                            "https:\/\/www.file-upload.org\/ydo3mvlt3tmy"
                        ],
                        "alternativni_1": [],
                        "alternativni_2": []
                    }
                },
                {
                    "episode_number": 2,
                    "title": "Epizoda 2",
                    "link_groups": {
                        "glavni": [
                            "https:\/\/www.file-upload.org\/aymnv82a0ltk"
                        ],
                        "alternativni_1": [],
                        "alternativni_2": []
                    }
                },
                {
                    "episode_number": 3,
                    "title": "Epizoda 3",
                    "link_groups": {
                        "glavni": [
                            "https:\/\/www.file-upload.org\/u0okyxq2cf0c"
                        ],
                        "alternativni_1": [],
                        "alternativni_2": []
                    }
                },
                {
                    "episode_number": 4,
                    "title": "Epizoda 4",
                    "link_groups": {
                        "glavni": [
                            "https:\/\/www.file-upload.org\/6mcscrs8245q"
                        ],
                        "alternativni_1": [],
                        "alternativni_2": []
                    }
                },
                {
                    "episode_number": 5,
                    "title": "Epizoda 5",
                    "link_groups": {
                        "glavni": [
                            "https:\/\/www.file-upload.org\/z7vjkmzla44s"
                        ],
                        "alternativni_1": [],
                        "alternativni_2": []
                    }
                },
                {
                    "episode_number": 6,
                    "title": "Epizoda 6",
                    "link_groups": {
                        "glavni": [
                            "https:\/\/www.file-upload.org\/3ppcesk8uvme"
                        ],
                        "alternativni_1": [],
                        "alternativni_2": []
                    }
                },
                {
                    "episode_number": 7,
                    "title": "Epizoda 7",
                    "link_groups": {
                        "glavni": [
                            "https:\/\/www.file-upload.org\/ft53j6p3323j"
                        ],
                        "alternativni_1": [],
                        "alternativni_2": []
                    }
                },
                {
                    "episode_number": 8,
                    "title": "Epizoda 8",
                    "link_groups": {
                        "glavni": [
                            "https:\/\/www.file-upload.org\/wiw6oa530hh5"
                        ],
                        "alternativni_1": [],
                        "alternativni_2": []
                    }
                },
                {
                    "episode_number": 9,
                    "title": "Epizoda 9",
                    "link_groups": {
                        "glavni": [
                            "https:\/\/www.file-upload.org\/hclqkroqvahk"
                        ],
                        "alternativni_1": [],
                        "alternativni_2": []
                    }
                },
                {
                    "episode_number": 10,
                    "title": "Epizoda 10",
                    "link_groups": {
                        "glavni": [
                            "https:\/\/www.file-upload.org\/eby757btthax"
                        ],
                        "alternativni_1": [],
                        "alternativni_2": []
                    }
                },
                {
                    "episode_number": 11,
                    "title": "Epizoda 11",
                    "link_groups": {
                        "glavni": [
                            "https:\/\/www.file-upload.org\/mde0k5v4pe1n"
                        ],
                        "alternativni_1": [],
                        "alternativni_2": []
                    }
                },
                {
                    "episode_number": 12,
                    "title": "Epizoda 12",
                    "link_groups": {
                        "glavni": [
                            "https:\/\/www.file-upload.org\/03qw7r8a3xht"
                        ],
                        "alternativni_1": [],
                        "alternativni_2": []
                    }
                },
                {
                    "episode_number": 13,
                    "title": "Epizoda 13",
                    "link_groups": {
                        "glavni": [
                            "https:\/\/www.file-upload.org\/h31zbq4c7j5k"
                        ],
                        "alternativni_1": [],
                        "alternativni_2": []
                    }
                },
                {
                    "episode_number": 14,
                    "title": "Epizoda 14",
                    "link_groups": {
                        "glavni": [
                            "https:\/\/www.file-upload.org\/uh80d3cby7lr"
                        ],
                        "alternativni_1": [],
                        "alternativni_2": []
                    }
                },
                {
                    "episode_number": 15,
                    "title": "Epizoda 15",
                    "link_groups": {
                        "glavni": [
                            "https:\/\/www.file-upload.org\/w6sthdzl6mc8"
                        ],
                        "alternativni_1": [],
                        "alternativni_2": []
                    }
                },
                {
                    "episode_number": 16,
                    "title": "Epizoda 16",
                    "link_groups": {
                        "glavni": [
                            "https:\/\/www.file-upload.org\/g04me0p9535p"
                        ],
                        "alternativni_1": [],
                        "alternativni_2": []
                    }
                },
                {
                    "episode_number": 17,
                    "title": "Epizoda 17",
                    "link_groups": {
                        "glavni": [
                            "https:\/\/www.file-upload.org\/2bx77zs443ix"
                        ],
                        "alternativni_1": [],
                        "alternativni_2": []
                    }
                },
                {
                    "episode_number": 18,
                    "title": "Epizoda 18",
                    "link_groups": {
                        "glavni": [
                            "https:\/\/www.file-upload.org\/93b1vxqo4123"
                        ],
                        "alternativni_1": [],
                        "alternativni_2": []
                    }
                },
                {
                    "episode_number": 19,
                    "title": "Epizoda 19",
                    "link_groups": {
                        "glavni": [
                            "https:\/\/www.file-upload.org\/51rzz9dgul2i"
                        ],
                        "alternativni_1": [],
                        "alternativni_2": []
                    }
                },
                {
                    "episode_number": 20,
                    "title": "Epizoda 20",
                    "link_groups": {
                        "glavni": [
                            "https:\/\/www.file-upload.org\/bedigxorelve"
                        ],
                        "alternativni_1": [],
                        "alternativni_2": []
                    }
                },
                {
                    "episode_number": 21,
                    "title": "Epizoda 21",
                    "link_groups": {
                        "glavni": [
                            "https:\/\/www.file-upload.org\/98uv99fy3oa5"
                        ],
                        "alternativni_1": [],
                        "alternativni_2": []
                    }
                },
                {
                    "episode_number": 22,
                    "title": "Epizoda 22",
                    "link_groups": {
                        "glavni": [
                            "https:\/\/www.file-upload.org\/m2prtd4x7qyk"
                        ],
                        "alternativni_1": [],
                        "alternativni_2": []
                    }
                },
                {
                    "episode_number": 23,
                    "title": "Epizoda 23",
                    "link_groups": {
                        "glavni": [
                            "https:\/\/www.file-upload.org\/09921dvxtlae"
                        ],
                        "alternativni_1": [],
                        "alternativni_2": []
                    }
                },
                {
                    "episode_number": 24,
                    "title": "Epizoda 24",
                    "link_groups": {
                        "glavni": [
                            "https:\/\/www.file-upload.org\/hlte548watq4"
                        ],
                        "alternativni_1": [],
                        "alternativni_2": []
                    }
                },
                {
                    "episode_number": 25,
                    "title": "Epizoda 25",
                    "link_groups": {
                        "glavni": [
                            "https:\/\/www.file-upload.org\/6wvw5g8ybv47"
                        ],
                        "alternativni_1": [],
                        "alternativni_2": []
                    }
                },
                {
                    "episode_number": 26,
                    "title": "Epizoda 26",
                    "link_groups": {
                        "glavni": [
                            "https:\/\/www.file-upload.org\/7p27jgr9b74m"
                        ],
                        "alternativni_1": [],
                        "alternativni_2": []
                    }
                },
                {
                    "episode_number": 27,
                    "title": "Epizoda 27",
                    "link_groups": {
                        "glavni": [
                            "https:\/\/www.file-upload.org\/h4udtmoha7h5"
                        ],
                        "alternativni_1": [],
                        "alternativni_2": []
                    }
                },
                {
                    "episode_number": 28,
                    "title": "Epizoda 28",
                    "link_groups": {
                        "glavni": [
                            "https:\/\/www.file-upload.org\/k46h0obgfmue"
                        ],
                        "alternativni_1": [],
                        "alternativni_2": []
                    }
                },
                {
                    "episode_number": 29,
                    "title": "Epizoda 29",
                    "link_groups": {
                        "glavni": [
                            "https:\/\/www.file-upload.org\/vbmhk2jb299z"
                        ],
                        "alternativni_1": [],
                        "alternativni_2": []
                    }
                },
                {
                    "episode_number": 30,
                    "title": "Epizoda 30",
                    "link_groups": {
                        "glavni": [
                            "https:\/\/www.file-upload.org\/oz0lbqxtiioi"
                        ],
                        "alternativni_1": [],
                        "alternativni_2": []
                    }
                },
                {
                    "episode_number": 31,
                    "title": "Epizoda 31",
                    "link_groups": {
                        "glavni": [
                            "https:\/\/www.file-upload.org\/k7lgixphv03b"
                        ],
                        "alternativni_1": [],
                        "alternativni_2": []
                    }
                },
                {
                    "episode_number": 32,
                    "title": "Epizoda 32",
                    "link_groups": {
                        "glavni": [
                            "https:\/\/www.file-upload.org\/um99kpeqbdfn"
                        ],
                        "alternativni_1": [],
                        "alternativni_2": []
                    }
                },
                {
                    "episode_number": 33,
                    "title": "Epizoda 33",
                    "link_groups": {
                        "glavni": [
                            "https:\/\/www.file-upload.org\/f3ksh1r1dndi"
                        ],
                        "alternativni_1": [],
                        "alternativni_2": []
                    }
                },
                {
                    "episode_number": 34,
                    "title": "Epizoda 34",
                    "link_groups": {
                        "glavni": [
                            "https:\/\/www.file-upload.org\/qjnq0oxuf8my"
                        ],
                        "alternativni_1": [],
                        "alternativni_2": []
                    }
                },
                {
                    "episode_number": 35,
                    "title": "Epizoda 35",
                    "link_groups": {
                        "glavni": [
                            "https:\/\/www.file-upload.org\/e8l5onjfpryv"
                        ],
                        "alternativni_1": [],
                        "alternativni_2": []
                    }
                },
                {
                    "episode_number": 36,
                    "title": "Epizoda 36",
                    "link_groups": {
                        "glavni": [
                            "https:\/\/www.file-upload.org\/gltjzokmler7"
                        ],
                        "alternativni_1": [],
                        "alternativni_2": []
                    }
                },
                {
                    "episode_number": 37,
                    "title": "Epizoda 37",
                    "link_groups": {
                        "glavni": [
                            "https:\/\/www.file-upload.org\/vot8nlyky0i3"
                        ],
                        "alternativni_1": [],
                        "alternativni_2": []
                    }
                },
                {
                    "episode_number": 38,
                    "title": "Epizoda 38",
                    "link_groups": {
                        "glavni": [
                            "https:\/\/www.file-upload.org\/owqns1a8ltan"
                        ],
                        "alternativni_1": [],
                        "alternativni_2": []
                    }
                },
                {
                    "episode_number": 39,
                    "title": "Epizoda 39",
                    "link_groups": {
                        "glavni": [
                            "https:\/\/www.file-upload.org\/oxtl154ov3ap"
                        ],
                        "alternativni_1": [],
                        "alternativni_2": []
                    }
                },
                {
                    "episode_number": 40,
                    "title": "Epizoda 40",
                    "link_groups": {
                        "glavni": [
                            "https:\/\/www.file-upload.org\/niq6f4z9pt00"
                        ],
                        "alternativni_1": [],
                        "alternativni_2": []
                    }
                },
                {
                    "episode_number": 41,
                    "title": "Epizoda 41",
                    "link_groups": {
                        "glavni": [
                            "https:\/\/www.file-upload.org\/fbu51x9zprqy"
                        ],
                        "alternativni_1": [],
                        "alternativni_2": []
                    }
                },
                {
                    "episode_number": 42,
                    "title": "Epizoda 42",
                    "link_groups": {
                        "glavni": [
                            "https:\/\/www.file-upload.org\/czxbdzjd5pgh"
                        ],
                        "alternativni_1": [],
                        "alternativni_2": []
                    }
                },
                {
                    "episode_number": 43,
                    "title": "Epizoda 43",
                    "link_groups": {
                        "glavni": [
                            "https:\/\/www.file-upload.org\/vgduxxo9g4tr"
                        ],
                        "alternativni_1": [],
                        "alternativni_2": []
                    }
                },
                {
                    "episode_number": 44,
                    "title": "Epizoda 44",
                    "link_groups": {
                        "glavni": [
                            "https:\/\/www.file-upload.org\/whn85l2lkvvn"
                        ],
                        "alternativni_1": [],
                        "alternativni_2": []
                    }
                },
                {
                    "episode_number": 45,
                    "title": "Epizoda 45",
                    "link_groups": {
                        "glavni": [
                            "https:\/\/www.file-upload.org\/3yc4pfeqt0ip"
                        ],
                        "alternativni_1": [],
                        "alternativni_2": []
                    }
                },
                {
                    "episode_number": 46,
                    "title": "Epizoda 46",
                    "link_groups": {
                        "glavni": [
                            "https:\/\/www.file-upload.org\/bq2k5njjjqrg"
                        ],
                        "alternativni_1": [],
                        "alternativni_2": []
                    }
                },
                {
                    "episode_number": 47,
                    "title": "Epizoda 47",
                    "link_groups": {
                        "glavni": [
                            "https:\/\/www.file-upload.org\/f4m57d4dp95l"
                        ],
                        "alternativni_1": [],
                        "alternativni_2": []
                    }
                },
                {
                    "episode_number": 48,
                    "title": "Epizoda 48",
                    "link_groups": {
                        "glavni": [
                            "https:\/\/www.file-upload.org\/ph6ohqelbx26"
                        ],
                        "alternativni_1": [],
                        "alternativni_2": []
                    }
                },
                {
                    "episode_number": 49,
                    "title": "Epizoda 49",
                    "link_groups": {
                        "glavni": [
                            "https:\/\/www.file-upload.org\/8vzgxewkyi06"
                        ],
                        "alternativni_1": [],
                        "alternativni_2": []
                    }
                },
                {
                    "episode_number": 50,
                    "title": "Epizoda 50",
                    "link_groups": {
                        "glavni": [
                            "https:\/\/www.file-upload.org\/fpq8egmyahpt"
                        ],
                        "alternativni_1": [],
                        "alternativni_2": []
                    }
                },
                {
                    "episode_number": 51,
                    "title": "Epizoda 51",
                    "link_groups": {
                        "glavni": [
                            "https:\/\/www.file-upload.org\/98xgbay9dzko"
                        ],
                        "alternativni_1": [],
                        "alternativni_2": []
                    }
                },
                {
                    "episode_number": 52,
                    "title": "Epizoda 52",
                    "link_groups": {
                        "glavni": [
                            "https:\/\/www.file-upload.org\/cfyjdkn8ewjd"
                        ],
                        "alternativni_1": [],
                        "alternativni_2": []
                    }
                },
                {
                    "episode_number": 53,
                    "title": "Epizoda 53",
                    "link_groups": {
                        "glavni": [
                            "https:\/\/www.file-upload.org\/lykqw7zvyph5"
                        ],
                        "alternativni_1": [],
                        "alternativni_2": []
                    }
                },
                {
                    "episode_number": 54,
                    "title": "Epizoda 54",
                    "link_groups": {
                        "glavni": [
                            "https:\/\/www.file-upload.org\/6rzlpp6g5jiv"
                        ],
                        "alternativni_1": [],
                        "alternativni_2": []
                    }
                },
                {
                    "episode_number": 55,
                    "title": "Epizoda 55",
                    "link_groups": {
                        "glavni": [
                            "https:\/\/www.file-upload.org\/7g02w003hba5"
                        ],
                        "alternativni_1": [],
                        "alternativni_2": []
                    }
                },
                {
                    "episode_number": 56,
                    "title": "Epizoda 56",
                    "link_groups": {
                        "glavni": [
                            "https:\/\/www.file-upload.org\/8sdycoic10qu"
                        ],
                        "alternativni_1": [],
                        "alternativni_2": []
                    }
                },
                {
                    "episode_number": 57,
                    "title": "Epizoda 57",
                    "link_groups": {
                        "glavni": [
                            "https:\/\/www.file-upload.org\/yebugbql3j0t"
                        ],
                        "alternativni_1": [],
                        "alternativni_2": []
                    }
                },
                {
                    "episode_number": 58,
                    "title": "Epizoda 58",
                    "link_groups": {
                        "glavni": [
                            "https:\/\/www.file-upload.org\/hujxjq97xlaa"
                        ],
                        "alternativni_1": [],
                        "alternativni_2": []
                    }
                },
                {
                    "episode_number": 59,
                    "title": "Epizoda 59",
                    "link_groups": {
                        "glavni": [
                            "https:\/\/www.file-upload.org\/fyfp4j72uj8b"
                        ],
                        "alternativni_1": [],
                        "alternativni_2": []
                    }
                },
                {
                    "episode_number": 60,
                    "title": "Epizoda 60",
                    "link_groups": {
                        "glavni": [
                            "https:\/\/www.file-upload.org\/u83yn0qslb64"
                        ],
                        "alternativni_1": [],
                        "alternativni_2": []
                    }
                },
                {
                    "episode_number": 61,
                    "title": "Epizoda 61",
                    "link_groups": {
                        "glavni": [
                            "https:\/\/www.file-upload.org\/xsuoe1x7d5lk"
                        ],
                        "alternativni_1": [],
                        "alternativni_2": []
                    }
                },
                {
                    "episode_number": 62,
                    "title": "Epizoda 62",
                    "link_groups": {
                        "glavni": [
                            "https:\/\/www.file-upload.org\/b040yvvod5qm"
                        ],
                        "alternativni_1": [],
                        "alternativni_2": []
                    }
                },
                {
                    "episode_number": 63,
                    "title": "Epizoda 63",
                    "link_groups": {
                        "glavni": [
                            "https:\/\/www.file-upload.org\/p5sgqc177m24"
                        ],
                        "alternativni_1": [],
                        "alternativni_2": []
                    }
                },
                {
                    "episode_number": 64,
                    "title": "Epizoda 64",
                    "link_groups": {
                        "glavni": [
                            "https:\/\/www.file-upload.org\/8ra8cxkm3io7"
                        ],
                        "alternativni_1": [],
                        "alternativni_2": []
                    }
                },
                {
                    "episode_number": 65,
                    "title": "Epizoda 65",
                    "link_groups": {
                        "glavni": [
                            "https:\/\/www.file-upload.org\/8hx3wqtbrufj"
                        ],
                        "alternativni_1": [],
                        "alternativni_2": []
                    }
                },
                {
                    "episode_number": 66,
                    "title": "Epizoda 66",
                    "link_groups": {
                        "glavni": [
                            "https:\/\/www.file-upload.org\/b1s9dcymho0i"
                        ],
                        "alternativni_1": [],
                        "alternativni_2": []
                    }
                },
                {
                    "episode_number": 67,
                    "title": "Epizoda 67",
                    "link_groups": {
                        "glavni": [
                            "https:\/\/www.file-upload.org\/p8by7rl7hrqt"
                        ],
                        "alternativni_1": [],
                        "alternativni_2": []
                    }
                },
                {
                    "episode_number": 68,
                    "title": "Epizoda 68",
                    "link_groups": {
                        "glavni": [
                            "https:\/\/www.file-upload.org\/grih3c482kwo"
                        ],
                        "alternativni_1": [],
                        "alternativni_2": []
                    }
                },
                {
                    "episode_number": 69,
                    "title": "Epizoda 69",
                    "link_groups": {
                        "glavni": [
                            "https:\/\/www.file-upload.org\/pz352fl8u4on"
                        ],
                        "alternativni_1": [],
                        "alternativni_2": []
                    }
                },
                {
                    "episode_number": 70,
                    "title": "Epizoda 70",
                    "link_groups": {
                        "glavni": [
                            "https:\/\/www.file-upload.org\/i36gd1evi4re"
                        ],
                        "alternativni_1": [],
                        "alternativni_2": []
                    }
                },
                {
                    "episode_number": 71,
                    "title": "Epizoda 71",
                    "link_groups": {
                        "glavni": [
                            "https:\/\/www.file-upload.org\/qk6mgxkj5wt1"
                        ],
                        "alternativni_1": [],
                        "alternativni_2": []
                    }
                },
                {
                    "episode_number": 72,
                    "title": "Epizoda 72",
                    "link_groups": {
                        "glavni": [
                            "https:\/\/www.file-upload.org\/d7kmisxjg2zq"
                        ],
                        "alternativni_1": [],
                        "alternativni_2": []
                    }
                },
                {
                    "episode_number": 73,
                    "title": "Epizoda 73",
                    "link_groups": {
                        "glavni": [
                            "https:\/\/www.file-upload.org\/n78jsafvki44"
                        ],
                        "alternativni_1": [],
                        "alternativni_2": []
                    }
                },
                {
                    "episode_number": 74,
                    "title": "Epizoda 74",
                    "link_groups": {
                        "glavni": [
                            "https:\/\/www.file-upload.org\/kiyrgepmdl30"
                        ],
                        "alternativni_1": [],
                        "alternativni_2": []
                    }
                },
                {
                    "episode_number": 75,
                    "title": "Epizoda 75",
                    "link_groups": {
                        "glavni": [
                            "https:\/\/www.file-upload.org\/4z8f7pxljyd8"
                        ],
                        "alternativni_1": [],
                        "alternativni_2": []
                    }
                },
                {
                    "episode_number": 76,
                    "title": "Epizoda 76",
                    "link_groups": {
                        "glavni": [
                            "https:\/\/www.file-upload.org\/a10qyjb4fski"
                        ],
                        "alternativni_1": [],
                        "alternativni_2": []
                    }
                },
                {
                    "episode_number": 77,
                    "title": "Epizoda 77",
                    "link_groups": {
                        "glavni": [
                            "https:\/\/www.file-upload.org\/m6osd5kj258p"
                        ],
                        "alternativni_1": [],
                        "alternativni_2": []
                    }
                },
                {
                    "episode_number": 78,
                    "title": "Epizoda 78",
                    "link_groups": {
                        "glavni": [
                            "https:\/\/www.file-upload.org\/hgbo5qfuutiw"
                        ],
                        "alternativni_1": [],
                        "alternativni_2": []
                    }
                },
                {
                    "episode_number": 79,
                    "title": "Epizoda 79",
                    "link_groups": {
                        "glavni": [
                            "https:\/\/www.file-upload.org\/lfmh32hflxg5"
                        ],
                        "alternativni_1": [],
                        "alternativni_2": []
                    }
                },
                {
                    "episode_number": 80,
                    "title": "Epizoda 80",
                    "link_groups": {
                        "glavni": [
                            "https:\/\/www.file-upload.org\/wns1kygo89gx"
                        ],
                        "alternativni_1": [],
                        "alternativni_2": []
                    }
                },
                {
                    "episode_number": 81,
                    "title": "Epizoda 81",
                    "link_groups": {
                        "glavni": [
                            "https:\/\/www.file-upload.org\/d8seyu31z360"
                        ],
                        "alternativni_1": [],
                        "alternativni_2": []
                    }
                },
                {
                    "episode_number": 82,
                    "title": "Epizoda 82",
                    "link_groups": {
                        "glavni": [
                            "https:\/\/www.file-upload.org\/ypw2o2rr52od"
                        ],
                        "alternativni_1": [],
                        "alternativni_2": []
                    }
                },
                {
                    "episode_number": 83,
                    "title": "Epizoda 83",
                    "link_groups": {
                        "glavni": [
                            "https:\/\/www.file-upload.org\/wfrzzatqcrvo"
                        ],
                        "alternativni_1": [],
                        "alternativni_2": []
                    }
                },
                {
                    "episode_number": 84,
                    "title": "Epizoda 84",
                    "link_groups": {
                        "glavni": [
                            "https:\/\/www.file-upload.org\/2ern3z4ohb3b"
                        ],
                        "alternativni_1": [],
                        "alternativni_2": []
                    }
                },
                {
                    "episode_number": 85,
                    "title": "Epizoda 85",
                    "link_groups": {
                        "glavni": [
                            "https:\/\/www.file-upload.org\/wwcjo2lhfjj2"
                        ],
                        "alternativni_1": [],
                        "alternativni_2": []
                    }
                },
                {
                    "episode_number": 86,
                    "title": "Epizoda 86",
                    "link_groups": {
                        "glavni": [
                            "https:\/\/www.file-upload.org\/skhq8ehg67c0"
                        ],
                        "alternativni_1": [],
                        "alternativni_2": []
                    }
                },
                {
                    "episode_number": 87,
                    "title": "Epizoda 87",
                    "link_groups": {
                        "glavni": [
                            "https:\/\/www.file-upload.org\/nr71fpklgong"
                        ],
                        "alternativni_1": [],
                        "alternativni_2": []
                    }
                },
                {
                    "episode_number": 88,
                    "title": "Epizoda 88",
                    "link_groups": {
                        "glavni": [
                            "https:\/\/www.file-upload.org\/seeut7z2up3o"
                        ],
                        "alternativni_1": [],
                        "alternativni_2": []
                    }
                },
                {
                    "episode_number": 89,
                    "title": "Epizoda 89",
                    "link_groups": {
                        "glavni": [
                            "https:\/\/www.file-upload.org\/28g91gtmb824"
                        ],
                        "alternativni_1": [],
                        "alternativni_2": []
                    }
                },
                {
                    "episode_number": 90,
                    "title": "Epizoda 90",
                    "link_groups": {
                        "glavni": [
                            "https:\/\/www.file-upload.org\/3c7v3eunpbh7"
                        ],
                        "alternativni_1": [],
                        "alternativni_2": []
                    }
                },
                {
                    "episode_number": 91,
                    "title": "Epizoda 91",
                    "link_groups": {
                        "glavni": [
                            "https:\/\/www.file-upload.org\/qxrm04xi3zc9"
                        ],
                        "alternativni_1": [],
                        "alternativni_2": []
                    }
                },
                {
                    "episode_number": 92,
                    "title": "Epizoda 92",
                    "link_groups": {
                        "glavni": [
                            "https:\/\/www.file-upload.org\/4tlazw10ceew"
                        ],
                        "alternativni_1": [],
                        "alternativni_2": []
                    }
                },
                {
                    "episode_number": 93,
                    "title": "Epizoda 93",
                    "link_groups": {
                        "glavni": [
                            "https:\/\/www.file-upload.org\/woqg7tl7mjdj"
                        ],
                        "alternativni_1": [],
                        "alternativni_2": []
                    }
                },
                {
                    "episode_number": 94,
                    "title": "Epizoda 94",
                    "link_groups": {
                        "glavni": [
                            "https:\/\/www.file-upload.org\/hcwpk4712wlh"
                        ],
                        "alternativni_1": [],
                        "alternativni_2": []
                    }
                },
                {
                    "episode_number": 95,
                    "title": "Epizoda 95",
                    "link_groups": {
                        "glavni": [
                            "https:\/\/www.file-upload.org\/yg5hlyyl34qp"
                        ],
                        "alternativni_1": [],
                        "alternativni_2": []
                    }
                },
                {
                    "episode_number": 96,
                    "title": "Epizoda 96",
                    "link_groups": {
                        "glavni": [
                            "https:\/\/www.file-upload.org\/eh8szjztceu6"
                        ],
                        "alternativni_1": [],
                        "alternativni_2": []
                    }
                },
                {
                    "episode_number": 97,
                    "title": "Epizoda 97",
                    "link_groups": {
                        "glavni": [
                            "https:\/\/www.file-upload.org\/jwb5ygrhcnln"
                        ],
                        "alternativni_1": [],
                        "alternativni_2": []
                    }
                },
                {
                    "episode_number": 98,
                    "title": "Epizoda 98",
                    "link_groups": {
                        "glavni": [
                            "https:\/\/www.file-upload.org\/s2ivx4bgbe5n"
                        ],
                        "alternativni_1": [],
                        "alternativni_2": []
                    }
                },
                {
                    "episode_number": 99,
                    "title": "Epizoda 99",
                    "link_groups": {
                        "glavni": [
                            "https:\/\/www.file-upload.org\/c9u67gkz6sma"
                        ],
                        "alternativni_1": [],
                        "alternativni_2": []
                    }
                },
                {
                    "episode_number": 100,
                    "title": "Epizoda 100",
                    "link_groups": {
                        "glavni": [
                            "https:\/\/www.file-upload.org\/vsq3gptaj39m"
                        ],
                        "alternativni_1": [],
                        "alternativni_2": []
                    }
                },
                {
                    "episode_number": 101,
                    "title": "Epizoda 101",
                    "link_groups": {
                        "glavni": [
                            "https:\/\/www.file-upload.org\/bxblcnbmcd6m"
                        ],
                        "alternativni_1": [],
                        "alternativni_2": []
                    }
                },
                {
                    "episode_number": 102,
                    "title": "Epizoda 102",
                    "link_groups": {
                        "glavni": [
                            "https:\/\/www.file-upload.org\/zxulhv136tl4"
                        ],
                        "alternativni_1": [],
                        "alternativni_2": []
                    }
                },
                {
                    "episode_number": 103,
                    "title": "Epizoda 103",
                    "link_groups": {
                        "glavni": [
                            "https:\/\/www.file-upload.org\/zifxnxq0u9m6"
                        ],
                        "alternativni_1": [],
                        "alternativni_2": []
                    }
                },
                {
                    "episode_number": 104,
                    "title": "Epizoda 104",
                    "link_groups": {
                        "glavni": [
                            "https:\/\/www.file-upload.org\/s06iwv79y12s"
                        ],
                        "alternativni_1": [],
                        "alternativni_2": []
                    }
                },
                {
                    "episode_number": 105,
                    "title": "Epizoda 105",
                    "link_groups": {
                        "glavni": [
                            "https:\/\/www.file-upload.org\/k13j2kxphsvm"
                        ],
                        "alternativni_1": [],
                        "alternativni_2": []
                    }
                },
                {
                    "episode_number": 106,
                    "title": "Epizoda 106",
                    "link_groups": {
                        "glavni": [
                            "https:\/\/www.file-upload.org\/nxgfw58gdi48"
                        ],
                        "alternativni_1": [],
                        "alternativni_2": []
                    }
                },
                {
                    "episode_number": 107,
                    "title": "Epizoda 107",
                    "link_groups": {
                        "glavni": [
                            "https:\/\/www.file-upload.org\/o6b61g3uovjd"
                        ],
                        "alternativni_1": [],
                        "alternativni_2": []
                    }
                },
                {
                    "episode_number": 108,
                    "title": "Epizoda 108",
                    "link_groups": {
                        "glavni": [
                            "https:\/\/www.file-upload.org\/hulqrn78kpft"
                        ],
                        "alternativni_1": [],
                        "alternativni_2": []
                    }
                },
                {
                    "episode_number": 109,
                    "title": "Epizoda 109",
                    "link_groups": {
                        "glavni": [
                            "https:\/\/www.file-upload.org\/7ej52w13mmn0"
                        ],
                        "alternativni_1": [],
                        "alternativni_2": []
                    }
                },
                {
                    "episode_number": 110,
                    "title": "Epizoda 110",
                    "link_groups": {
                        "glavni": [
                            "https:\/\/www.file-upload.org\/w9by0hyxkaw6"
                        ],
                        "alternativni_1": [],
                        "alternativni_2": []
                    }
                },
                {
                    "episode_number": 111,
                    "title": "Epizoda 111",
                    "link_groups": {
                        "glavni": [
                            "https:\/\/www.file-upload.org\/1dov0evl6qpi"
                        ],
                        "alternativni_1": [],
                        "alternativni_2": []
                    }
                },
                {
                    "episode_number": 112,
                    "title": "Epizoda 112",
                    "link_groups": {
                        "glavni": [
                            "https:\/\/www.file-upload.org\/65wcjpiccm5x"
                        ],
                        "alternativni_1": [],
                        "alternativni_2": []
                    }
                },
                {
                    "episode_number": 113,
                    "title": "Epizoda 113",
                    "link_groups": {
                        "glavni": [
                            "https:\/\/www.file-upload.org\/la3dvp6x9ppt"
                        ],
                        "alternativni_1": [],
                        "alternativni_2": []
                    }
                },
                {
                    "episode_number": 114,
                    "title": "Epizoda 114",
                    "link_groups": {
                        "glavni": [
                            "https:\/\/www.file-upload.org\/iv2xpkvabo51"
                        ],
                        "alternativni_1": [],
                        "alternativni_2": []
                    }
                },
                {
                    "episode_number": 115,
                    "title": "Epizoda 115",
                    "link_groups": {
                        "glavni": [
                            "https:\/\/www.file-upload.org\/ittiahivg4n8"
                        ],
                        "alternativni_1": [],
                        "alternativni_2": []
                    }
                },
                {
                    "episode_number": 116,
                    "title": "Epizoda 116",
                    "link_groups": {
                        "glavni": [
                            "https:\/\/www.file-upload.org\/k3c851t6v76y"
                        ],
                        "alternativni_1": [],
                        "alternativni_2": []
                    }
                },
                {
                    "episode_number": 117,
                    "title": "Epizoda 117",
                    "link_groups": {
                        "glavni": [
                            "https:\/\/www.file-upload.org\/yuy1knj795pu"
                        ],
                        "alternativni_1": [],
                        "alternativni_2": []
                    }
                },
                {
                    "episode_number": 118,
                    "title": "Epizoda 118",
                    "link_groups": {
                        "glavni": [
                            "https:\/\/www.file-upload.org\/l8so4excim0v"
                        ],
                        "alternativni_1": [],
                        "alternativni_2": []
                    }
                },
                {
                    "episode_number": 119,
                    "title": "Epizoda 119",
                    "link_groups": {
                        "glavni": [
                            "https:\/\/www.file-upload.org\/bkouzbsvfm7c"
                        ],
                        "alternativni_1": [],
                        "alternativni_2": []
                    }
                },
                {
                    "episode_number": 120,
                    "title": "Epizoda 120",
                    "link_groups": {
                        "glavni": [
                            "https:\/\/www.file-upload.org\/durf7jbc0abf"
                        ],
                        "alternativni_1": [],
                        "alternativni_2": []
                    }
                },
                {
                    "episode_number": 121,
                    "title": "Epizoda 121",
                    "link_groups": {
                        "glavni": [
                            "https:\/\/www.file-upload.org\/a46qoalvaa4z"
                        ],
                        "alternativni_1": [],
                        "alternativni_2": []
                    }
                },
                {
                    "episode_number": 122,
                    "title": "Epizoda 122",
                    "link_groups": {
                        "glavni": [
                            "https:\/\/www.file-upload.org\/cykpkoouht66"
                        ],
                        "alternativni_1": [],
                        "alternativni_2": []
                    }
                },
                {
                    "episode_number": 123,
                    "title": "Epizoda 123",
                    "link_groups": {
                        "glavni": [
                            "https:\/\/www.file-upload.org\/jton37sa4kqr"
                        ],
                        "alternativni_1": [],
                        "alternativni_2": []
                    }
                },
                {
                    "episode_number": 124,
                    "title": "Epizoda 124",
                    "link_groups": {
                        "glavni": [
                            "https:\/\/www.file-upload.org\/nqttzh0r29qv"
                        ],
                        "alternativni_1": [],
                        "alternativni_2": []
                    }
                },
                {
                    "episode_number": 125,
                    "title": "Epizoda 125",
                    "link_groups": {
                        "glavni": [
                            "https:\/\/www.file-upload.org\/k0z0rvmo4wl4"
                        ],
                        "alternativni_1": [],
                        "alternativni_2": []
                    }
                },
                {
                    "episode_number": 126,
                    "title": "Epizoda 126",
                    "link_groups": {
                        "glavni": [
                            "https:\/\/www.file-upload.org\/nm7vqbj9qqvi"
                        ],
                        "alternativni_1": [],
                        "alternativni_2": []
                    }
                },
                {
                    "episode_number": 127,
                    "title": "Epizoda 127",
                    "link_groups": {
                        "glavni": [
                            "https:\/\/www.file-upload.org\/4brx461bc86w"
                        ],
                        "alternativni_1": [],
                        "alternativni_2": []
                    }
                },
                {
                    "episode_number": 128,
                    "title": "Epizoda 128",
                    "link_groups": {
                        "glavni": [
                            "https:\/\/www.file-upload.org\/bnh86zenw45p"
                        ],
                        "alternativni_1": [],
                        "alternativni_2": []
                    }
                },
                {
                    "episode_number": 129,
                    "title": "Epizoda 129",
                    "link_groups": {
                        "glavni": [
                            "https:\/\/www.file-upload.org\/qo1q09nsm7ht"
                        ],
                        "alternativni_1": [],
                        "alternativni_2": []
                    }
                },
                {
                    "episode_number": 130,
                    "title": "Epizoda 130",
                    "link_groups": {
                        "glavni": [
                            "https:\/\/www.file-upload.org\/egvftc7i8udp"
                        ],
                        "alternativni_1": [],
                        "alternativni_2": []
                    }
                },
                {
                    "episode_number": 131,
                    "title": "Epizoda 131",
                    "link_groups": {
                        "glavni": [
                            "https:\/\/www.file-upload.org\/ql116o2rw0xd"
                        ],
                        "alternativni_1": [],
                        "alternativni_2": []
                    }
                },
                {
                    "episode_number": 132,
                    "title": "Epizoda 132",
                    "link_groups": {
                        "glavni": [
                            "https:\/\/www.file-upload.org\/fna6e9fqf4vn"
                        ],
                        "alternativni_1": [],
                        "alternativni_2": []
                    }
                },
                {
                    "episode_number": 133,
                    "title": "Epizoda 133",
                    "link_groups": {
                        "glavni": [
                            "https:\/\/www.file-upload.org\/to8ie05ysx6k"
                        ],
                        "alternativni_1": [],
                        "alternativni_2": []
                    }
                },
                {
                    "episode_number": 134,
                    "title": "Epizoda 134",
                    "link_groups": {
                        "glavni": [
                            "https:\/\/www.file-upload.org\/r8k5v9b4er25"
                        ],
                        "alternativni_1": [],
                        "alternativni_2": []
                    }
                },
                {
                    "episode_number": 135,
                    "title": "Epizoda 135",
                    "link_groups": {
                        "glavni": [
                            "https:\/\/www.file-upload.org\/mqfpkuwr0uuo"
                        ],
                        "alternativni_1": [],
                        "alternativni_2": []
                    }
                },
                {
                    "episode_number": 136,
                    "title": "Epizoda 136",
                    "link_groups": {
                        "glavni": [
                            "https:\/\/www.file-upload.org\/chrxt3u1n8nc"
                        ],
                        "alternativni_1": [],
                        "alternativni_2": []
                    }
                },
                {
                    "episode_number": 137,
                    "title": "Epizoda 137",
                    "link_groups": {
                        "glavni": [
                            "https:\/\/www.file-upload.org\/qbe1m12uazs6"
                        ],
                        "alternativni_1": [],
                        "alternativni_2": []
                    }
                },
                {
                    "episode_number": 138,
                    "title": "Epizoda 138",
                    "link_groups": {
                        "glavni": [
                            "https:\/\/www.file-upload.org\/1kqsl5wob8qe"
                        ],
                        "alternativni_1": [],
                        "alternativni_2": []
                    }
                },
                {
                    "episode_number": 139,
                    "title": "Epizoda 139",
                    "link_groups": {
                        "glavni": [
                            "https:\/\/www.file-upload.org\/pj7r75x2bewl"
                        ],
                        "alternativni_1": [],
                        "alternativni_2": []
                    }
                },
                {
                    "episode_number": 140,
                    "title": "Epizoda 140",
                    "link_groups": {
                        "glavni": [
                            "https:\/\/www.file-upload.org\/jlio1kpsor9v"
                        ],
                        "alternativni_1": [],
                        "alternativni_2": []
                    }
                }
            ]
        }
    }
}