{
    "title": "Petrijin Venac",
    "plot": "Radnja se odvija u malom rudarskom mestu u Srbiji i obuhvata prederatni, ratni i posleratni period. Priča o tragičnom životnom putu nepismene žene sa sela, o njenom životu sa trojicom ljudi koje je volela. Njen životni put pun trpljenja, samoće, razočaranja, nadanja i ljubavi, prerasta u simbol čovekove pobede.",
    "thumb": "https:\/\/m.media-amazon.com\/images\/M\/MV5BYmNhMWQwYjgtZGY2YS00MTdkLTkxODktMTQ0MjJlNTVjYmEwXkEyXkFqcGc@._V1_FMjpg_UX1000_.jpg",
    "type": "serije",
    "created_at": "2025-06-09 11:26:05",
    "year": 1980,
    "seasons": {
        "1": {
            "title": "Sezona 1",
            "episodes": [
                {
                    "episode_number": 1,
                    "title": "Epizoda 1",
                    "link_groups": {
                        "glavni": [
                            "https:\/\/www.file-upload.org\/4tax5px8wfmc"
                        ],
                        "alternativni_1": [],
                        "alternativni_2": []
                    }
                },
                {
                    "episode_number": 2,
                    "title": "Epizoda 2",
                    "link_groups": {
                        "glavni": [
                            "https:\/\/www.file-upload.org\/sjwtnb8ckxjw"
                        ],
                        "alternativni_1": [],
                        "alternativni_2": []
                    }
                },
                {
                    "episode_number": 3,
                    "title": "Epizoda 3",
                    "link_groups": {
                        "glavni": [
                            "https:\/\/www.file-upload.org\/dcj3zb3eojal"
                        ],
                        "alternativni_1": [],
                        "alternativni_2": []
                    }
                },
                {
                    "episode_number": 4,
                    "title": "Epizoda 4",
                    "link_groups": {
                        "glavni": [
                            "https:\/\/www.file-upload.org\/8qax2u5iydcb"
                        ],
                        "alternativni_1": [],
                        "alternativni_2": []
                    }
                }
            ]
        }
    }
}