{
    "title": "Mi Nismo Andjeli 2",
    "plot": "Nikola je i dalje zavodnik iako su godine učinile svoje. Bezbrižnu rutinu beogradskog švalera dramatično prekida njegova ćerka mezimica Sofija, koja tek što je napunila 15 godina, a „napaljeni“ tinejdžeri počinju da navaljuju na njena vrata.\r\n\r\nSve donedavno Sofija je bila klasična muškarača koja sa tatom ide na utakmice i puca u peint bol areni (tata je vlasnik peint bol kluba „Mali Staljingrad“). Onda, za 15. rođendan, njegova bivša supruga Marina i njena prijateljica Violeta Zubić unajmljuju modne i kozmetičke eksperte koji će od „ružnog pačeta“ napraviti „seksi labuda“.",
    "thumb": "https:\/\/m.media-amazon.com\/images\/M\/MV5BMmRiM2Y4OGYtMDM2Zi00NmE1LWI3YjEtNzkyNzAyNmU3NmYyXkEyXkFqcGc@._V1_.jpg",
    "type": "serije",
    "created_at": "2025-05-31 13:37:27",
    "year": 2005,
    "seasons": {
        "1": {
            "title": "Sezona 1",
            "episodes": [
                {
                    "episode_number": 1,
                    "title": "Epizoda 1",
                    "link_groups": {
                        "glavni": [
                            "https:\/\/www.file-upload.org\/pr9t7u4s874d"
                        ],
                        "alternativni_1": [],
                        "alternativni_2": []
                    }
                },
                {
                    "episode_number": 2,
                    "title": "Epizoda 2",
                    "link_groups": {
                        "glavni": [
                            "https:\/\/www.file-upload.org\/c3ecvhw4x527"
                        ],
                        "alternativni_1": [],
                        "alternativni_2": []
                    }
                },
                {
                    "episode_number": 3,
                    "title": "Epizoda 3",
                    "link_groups": {
                        "glavni": [
                            "https:\/\/www.file-upload.org\/yg74td6obosa"
                        ],
                        "alternativni_1": [],
                        "alternativni_2": []
                    }
                }
            ]
        }
    }
}