{
    "title": "Dnevnik Masinovodje",
    "plot": "Svaki mašinovođa, tokom svoje profesionalne karijere, nenamerno ubije 20-30 ljudi. Žrtve su obično samoubice, nepažljivi, pijani, ili samo odsutni ljudi. Ovo je tragična komedija o nevinim ubicama i njihovim životima. Ilija je šezdesetogodišnji mašinovođa, na korak do penzije. On drži neslavan rekord od 28 gaženja tokom karijere. Njegov devetnaestogodišnji usvojeni sin Sima priprema se da nastavi porodičnu tradiciju. Ilija ga upoznaje sa poslom i činjenicom da su nesreće neizbežne. Sima se plaši, on ne želi da postane ubica. Najviše ga zanima koliko će vremena proći dok mu se ne desi prvo gaženje.",
    "thumb": "https:\/\/i.ytimg.com\/vi\/M2FMDs5DqYM\/maxresdefault.jpg",
    "type": "serije",
    "created_at": "2025-05-29 00:41:52",
    "year": 2016,
    "seasons": {
        "1": {
            "title": "Sezona 1",
            "episodes": [
                {
                    "episode_number": 1,
                    "title": "Epizoda 1",
                    "link_groups": {
                        "glavni": [
                            "https:\/\/www.file-upload.org\/ib5p2ke8w8yn"
                        ],
                        "alternativni_1": [],
                        "alternativni_2": []
                    }
                },
                {
                    "episode_number": 2,
                    "title": "Epizoda 2",
                    "link_groups": {
                        "glavni": [
                            "https:\/\/www.file-upload.org\/cp4v77mmojrq"
                        ],
                        "alternativni_1": [],
                        "alternativni_2": []
                    }
                },
                {
                    "episode_number": 3,
                    "title": "Epizoda 3",
                    "link_groups": {
                        "glavni": [
                            "https:\/\/www.file-upload.org\/g4z8wc0oj322"
                        ],
                        "alternativni_1": [],
                        "alternativni_2": []
                    }
                }
            ]
        }
    }
}