{
    "title": "Ko Je Kod Koje",
    "plot": "reatori serijala \"Ko je kod Koje\" program opisuju kao povratak pravoj televiziji, kroz sadržaje za celu porodicu, sa mnogo humora, kvalitetnom muzikom i vrhunskim izvođačima.\r\n\r\nSerijal čini dvanaest epizoda, od kojih svaka ima dominantnu temu : \"Deca glumci\", \"Šlageri\", \"Automobilizam\", \"Putovanja u Trst\", \"Kaubojci\", \"Radne akcije\", \"Fudbaleri\", \"Košarkaši\"...\r\n\r\nPo rečima Nebojše Romčevića, ova serija je \"Sećanje na opštu naivnost, ležerniji način života, iz vremena kada su novine, koje danas smatramo smešnim, bile revolucionarne. Ipak, gledaoci ne bi trebalo da očekuju idealizaciju i nostalgiju. Nas je zanimalo da se nasmejemo osobinama našeg čoveka ali je glavna ideja bila da podsetimo gledaoce na činjenicu da je današnjica nastala -u jučerašnjici.\"\r\n\r\nGlumcima će u tome pomagati velike regionalne zvezde iz sveta sporta, muzike, kulture itd.",
    "thumb": "https:\/\/m.media-amazon.com\/images\/M\/MV5BYTQzN2VlNzgtZjYzYy00ODVjLTkxMWMtNjNhOWU3ZmY3MWQ5XkEyXkFqcGc@._V1_.jpg",
    "type": "serije",
    "created_at": "2025-05-30 13:26:42",
    "year": 2015,
    "seasons": {
        "1": {
            "title": "Sezona 1",
            "episodes": [
                {
                    "episode_number": 1,
                    "title": "Epizoda 1",
                    "link_groups": {
                        "glavni": [
                            "https:\/\/www.file-upload.org\/2tonvi7t96r6"
                        ],
                        "alternativni_1": [],
                        "alternativni_2": []
                    }
                },
                {
                    "episode_number": 2,
                    "title": "Epizoda 2",
                    "link_groups": {
                        "glavni": [
                            "https:\/\/www.file-upload.org\/5dy3duvxqydy"
                        ],
                        "alternativni_1": [],
                        "alternativni_2": []
                    }
                },
                {
                    "episode_number": 3,
                    "title": "Epizoda 3",
                    "link_groups": {
                        "glavni": [
                            "https:\/\/www.file-upload.org\/j1jq3ggox7mq"
                        ],
                        "alternativni_1": [],
                        "alternativni_2": []
                    }
                },
                {
                    "episode_number": 4,
                    "title": "Epizoda 4",
                    "link_groups": {
                        "glavni": [
                            "https:\/\/www.file-upload.org\/i2vb22ef3vl3"
                        ],
                        "alternativni_1": [],
                        "alternativni_2": []
                    }
                },
                {
                    "episode_number": 5,
                    "title": "Epizoda 5",
                    "link_groups": {
                        "glavni": [
                            "https:\/\/www.file-upload.org\/0toncb24by7k"
                        ],
                        "alternativni_1": [],
                        "alternativni_2": []
                    }
                },
                {
                    "episode_number": 6,
                    "title": "Epizoda 6",
                    "link_groups": {
                        "glavni": [
                            "https:\/\/www.file-upload.org\/bfn32y01s516"
                        ],
                        "alternativni_1": [],
                        "alternativni_2": []
                    }
                },
                {
                    "episode_number": 7,
                    "title": "Epizoda 7",
                    "link_groups": {
                        "glavni": [
                            "https:\/\/www.file-upload.org\/fouap290696q"
                        ],
                        "alternativni_1": [],
                        "alternativni_2": []
                    }
                },
                {
                    "episode_number": 8,
                    "title": "Epizoda 8",
                    "link_groups": {
                        "glavni": [
                            "https:\/\/www.file-upload.org\/31jedl6te9v0"
                        ],
                        "alternativni_1": [],
                        "alternativni_2": []
                    }
                },
                {
                    "episode_number": 9,
                    "title": "Epizoda 9",
                    "link_groups": {
                        "glavni": [
                            "https:\/\/www.file-upload.org\/6z5oyxnf0126"
                        ],
                        "alternativni_1": [],
                        "alternativni_2": []
                    }
                },
                {
                    "episode_number": 10,
                    "title": "Epizoda 10",
                    "link_groups": {
                        "glavni": [
                            "https:\/\/www.file-upload.org\/oknfdvhxfo6o"
                        ],
                        "alternativni_1": [],
                        "alternativni_2": []
                    }
                },
                {
                    "episode_number": 11,
                    "title": "Epizoda 11",
                    "link_groups": {
                        "glavni": [
                            "https:\/\/www.file-upload.org\/fqyc129zc9vn"
                        ],
                        "alternativni_1": [],
                        "alternativni_2": []
                    }
                }
            ]
        }
    }
}