{
    "title": "Samonikli",
    "plot": "Serija prati život poznatog influensera Svaja, mladića koji je odrastao u domu za nezbrinutu decu. Kada je imao 4 godine ostavljen je ispred doma sa violinom i ključem na crvenoj vezici. Upravnik doma, Branko, na putu odrastanja bio je poput oca malom Ciletu, kako su Svaja zvali u detinjstvu, pružajući mu bezrezervno ljubav i podršku. U domu je Cile stekao i najboljeg prijatelja, Duleta i njih trojica su bila Tri musketara.",
    "thumb": "https:\/\/m.media-amazon.com\/images\/M\/MV5BMzQ5Zjk4Y2QtN2UxOS00MTg4LTlkMTMtYjJjMmUwNzkzZTI2XkEyXkFqcGc@._V1_FMjpg_UX1000_.jpg",
    "type": "serije",
    "created_at": "2025-05-28 23:00:44",
    "is_ongoing": true,
    "year_info": 2025,
    "seasons": {
        "1": {
            "title": "Sezona 1",
            "episodes": [
                {
                    "episode_number": 1,
                    "title": "Epizoda 1",
                    "link_groups": {
                        "glavni": [
                            "https:\/\/www.file-upload.org\/h8ycpqsar9j9"
                        ],
                        "alternativni_1": [],
                        "alternativni_2": []
                    }
                },
                {
                    "episode_number": 2,
                    "title": "Epizoda 2",
                    "link_groups": {
                        "glavni": [
                            "https:\/\/www.file-upload.org\/vfp0jdywrdx2"
                        ],
                        "alternativni_1": [],
                        "alternativni_2": []
                    }
                },
                {
                    "episode_number": 3,
                    "title": "Epizoda 3",
                    "link_groups": {
                        "glavni": [
                            "https:\/\/www.file-upload.org\/g06f1ty6edml"
                        ],
                        "alternativni_1": [],
                        "alternativni_2": []
                    }
                },
                {
                    "episode_number": 4,
                    "title": "Epizoda 4",
                    "link_groups": {
                        "glavni": [
                            "https:\/\/www.file-upload.org\/p6kveh3xiccq"
                        ],
                        "alternativni_1": [],
                        "alternativni_2": []
                    }
                }
            ]
        }
    },
    "last_updated": "2025-05-29 12:06:02"
}