{
    "title": "Ponos Ratkajevih",
    "plot": "U središtu radnje je plemićka obitelj Ratkaj i njena glava, Karlo pl. Ratkaj. No on je samo prividno vođa obitelji. Njena prava glava je grofica Antonija koja je jedina prava plemkinja u obitelji i nikako se ne odriče starih ideala.\r\n\r\nOdjednom se obitelj seli iz Zagreba u dvorac Miljana gdje grofica Veronika (Sanja Vejnović) susreće svoju ljubav iz mladosti, proizvođača alkoholnih pića Jurića (Zijad Gračić). Iz Beča se vraća Krsto i zaljubljuje se u Helenu Jurić (Ivana Bolanča), koja nikako ne odgovara njegovoj obitelji s obzirom da nije plemićkog staleža. Isabela (zvana Bela) se zaljubljuje u Nemanju Lazarevića (Aleksandar Srećković). Isto tako, podmukla Sofija Walkovska (Mia Begović) pokušava spojiti svoju kćerku Lotte (Ana Vilenica) s Krstom pl. Ratkajem što joj nikako ne uspijeva.",
    "thumb": "https:\/\/m.media-amazon.com\/images\/M\/MV5BMTQ3ODU3NzY2Ml5BMl5BanBnXkFtZTcwNjIwMTMwOQ@@._V1_.jpg",
    "type": "serije",
    "created_at": "2025-06-09 12:02:08",
    "year": 2007,
    "seasons": {
        "1": {
            "title": "Sezona 1",
            "episodes": [
                {
                    "episode_number": 1,
                    "title": "Epizoda 1",
                    "link_groups": {
                        "glavni": [
                            "https:\/\/www.file-upload.org\/v9fab5bvvpyt"
                        ],
                        "alternativni_1": [],
                        "alternativni_2": []
                    }
                },
                {
                    "episode_number": 2,
                    "title": "Epizoda 2",
                    "link_groups": {
                        "glavni": [
                            "https:\/\/www.file-upload.org\/860no6vyiel0"
                        ],
                        "alternativni_1": [],
                        "alternativni_2": []
                    }
                },
                {
                    "episode_number": 3,
                    "title": "Epizoda 3",
                    "link_groups": {
                        "glavni": [
                            "https:\/\/www.file-upload.org\/qi280mffa216"
                        ],
                        "alternativni_1": [],
                        "alternativni_2": []
                    }
                },
                {
                    "episode_number": 4,
                    "title": "Epizoda 4",
                    "link_groups": {
                        "glavni": [
                            "https:\/\/www.file-upload.org\/o5v8x76sio3t"
                        ],
                        "alternativni_1": [],
                        "alternativni_2": []
                    }
                },
                {
                    "episode_number": 5,
                    "title": "Epizoda 5",
                    "link_groups": {
                        "glavni": [
                            "https:\/\/www.file-upload.org\/halqkve2ojyb"
                        ],
                        "alternativni_1": [],
                        "alternativni_2": []
                    }
                },
                {
                    "episode_number": 6,
                    "title": "Epizoda 6",
                    "link_groups": {
                        "glavni": [
                            "https:\/\/www.file-upload.org\/5cro1hqv2dvc"
                        ],
                        "alternativni_1": [],
                        "alternativni_2": []
                    }
                },
                {
                    "episode_number": 7,
                    "title": "Epizoda 7",
                    "link_groups": {
                        "glavni": [
                            "https:\/\/www.file-upload.org\/oxt10vx2ozet"
                        ],
                        "alternativni_1": [],
                        "alternativni_2": []
                    }
                },
                {
                    "episode_number": 8,
                    "title": "Epizoda 8",
                    "link_groups": {
                        "glavni": [
                            "https:\/\/www.file-upload.org\/nc9wqc74phsw"
                        ],
                        "alternativni_1": [],
                        "alternativni_2": []
                    }
                },
                {
                    "episode_number": 9,
                    "title": "Epizoda 9",
                    "link_groups": {
                        "glavni": [
                            "https:\/\/www.file-upload.org\/lm71u7i6196t"
                        ],
                        "alternativni_1": [],
                        "alternativni_2": []
                    }
                },
                {
                    "episode_number": 10,
                    "title": "Epizoda 10",
                    "link_groups": {
                        "glavni": [
                            "https:\/\/www.file-upload.org\/29ur9u3dxue6"
                        ],
                        "alternativni_1": [],
                        "alternativni_2": []
                    }
                },
                {
                    "episode_number": 11,
                    "title": "Epizoda 11",
                    "link_groups": {
                        "glavni": [
                            "https:\/\/www.file-upload.org\/q6b08mgehtfs"
                        ],
                        "alternativni_1": [],
                        "alternativni_2": []
                    }
                },
                {
                    "episode_number": 12,
                    "title": "Epizoda 12",
                    "link_groups": {
                        "glavni": [
                            "https:\/\/www.file-upload.org\/2ndfem5pidya"
                        ],
                        "alternativni_1": [],
                        "alternativni_2": []
                    }
                },
                {
                    "episode_number": 13,
                    "title": "Epizoda 13",
                    "link_groups": {
                        "glavni": [
                            "https:\/\/www.file-upload.org\/70ejsghwv6yd"
                        ],
                        "alternativni_1": [],
                        "alternativni_2": []
                    }
                },
                {
                    "episode_number": 14,
                    "title": "Epizoda 14",
                    "link_groups": {
                        "glavni": [
                            "https:\/\/www.file-upload.org\/7tw7z50u09er"
                        ],
                        "alternativni_1": [],
                        "alternativni_2": []
                    }
                },
                {
                    "episode_number": 15,
                    "title": "Epizoda 15",
                    "link_groups": {
                        "glavni": [
                            "https:\/\/www.file-upload.org\/1g820h58gypm"
                        ],
                        "alternativni_1": [],
                        "alternativni_2": []
                    }
                },
                {
                    "episode_number": 16,
                    "title": "Epizoda 16",
                    "link_groups": {
                        "glavni": [
                            "https:\/\/www.file-upload.org\/xz57alykxgxl"
                        ],
                        "alternativni_1": [],
                        "alternativni_2": []
                    }
                },
                {
                    "episode_number": 17,
                    "title": "Epizoda 17",
                    "link_groups": {
                        "glavni": [
                            "https:\/\/www.file-upload.org\/yxxxljg561cy"
                        ],
                        "alternativni_1": [],
                        "alternativni_2": []
                    }
                },
                {
                    "episode_number": 18,
                    "title": "Epizoda 18",
                    "link_groups": {
                        "glavni": [
                            "https:\/\/www.file-upload.org\/vmgade5s1gat"
                        ],
                        "alternativni_1": [],
                        "alternativni_2": []
                    }
                },
                {
                    "episode_number": 19,
                    "title": "Epizoda 19",
                    "link_groups": {
                        "glavni": [
                            "https:\/\/www.file-upload.org\/ikdvlwo9nlm3"
                        ],
                        "alternativni_1": [],
                        "alternativni_2": []
                    }
                },
                {
                    "episode_number": 20,
                    "title": "Epizoda 20",
                    "link_groups": {
                        "glavni": [
                            "https:\/\/www.file-upload.org\/sa40gde1q1w2"
                        ],
                        "alternativni_1": [],
                        "alternativni_2": []
                    }
                },
                {
                    "episode_number": 21,
                    "title": "Epizoda 21",
                    "link_groups": {
                        "glavni": [
                            "https:\/\/www.file-upload.org\/asr62ltnidpk"
                        ],
                        "alternativni_1": [],
                        "alternativni_2": []
                    }
                },
                {
                    "episode_number": 22,
                    "title": "Epizoda 22",
                    "link_groups": {
                        "glavni": [
                            "https:\/\/www.file-upload.org\/23msib58d4yb"
                        ],
                        "alternativni_1": [],
                        "alternativni_2": []
                    }
                },
                {
                    "episode_number": 23,
                    "title": "Epizoda 23",
                    "link_groups": {
                        "glavni": [
                            "https:\/\/www.file-upload.org\/ugxhewgkqr2u"
                        ],
                        "alternativni_1": [],
                        "alternativni_2": []
                    }
                },
                {
                    "episode_number": 24,
                    "title": "Epizoda 24",
                    "link_groups": {
                        "glavni": [
                            "https:\/\/www.file-upload.org\/6blmhfh4p0q6"
                        ],
                        "alternativni_1": [],
                        "alternativni_2": []
                    }
                },
                {
                    "episode_number": 25,
                    "title": "Epizoda 25",
                    "link_groups": {
                        "glavni": [
                            "https:\/\/www.file-upload.org\/mivjnptgnwko"
                        ],
                        "alternativni_1": [],
                        "alternativni_2": []
                    }
                },
                {
                    "episode_number": 26,
                    "title": "Epizoda 26",
                    "link_groups": {
                        "glavni": [
                            "https:\/\/www.file-upload.org\/8hcog6pn9zze"
                        ],
                        "alternativni_1": [],
                        "alternativni_2": []
                    }
                },
                {
                    "episode_number": 27,
                    "title": "Epizoda 27",
                    "link_groups": {
                        "glavni": [
                            "https:\/\/www.file-upload.org\/n7erkabc03nl"
                        ],
                        "alternativni_1": [],
                        "alternativni_2": []
                    }
                },
                {
                    "episode_number": 28,
                    "title": "Epizoda 28",
                    "link_groups": {
                        "glavni": [
                            "https:\/\/www.file-upload.org\/3iqtvakrvwz0"
                        ],
                        "alternativni_1": [],
                        "alternativni_2": []
                    }
                },
                {
                    "episode_number": 29,
                    "title": "Epizoda 29",
                    "link_groups": {
                        "glavni": [
                            "https:\/\/www.file-upload.org\/0jhegq0wngg3"
                        ],
                        "alternativni_1": [],
                        "alternativni_2": []
                    }
                },
                {
                    "episode_number": 30,
                    "title": "Epizoda 30",
                    "link_groups": {
                        "glavni": [
                            "https:\/\/www.file-upload.org\/6tyy3c9cag9s"
                        ],
                        "alternativni_1": [],
                        "alternativni_2": []
                    }
                },
                {
                    "episode_number": 31,
                    "title": "Epizoda 31",
                    "link_groups": {
                        "glavni": [
                            "https:\/\/www.file-upload.org\/4oceqsgd5uj9"
                        ],
                        "alternativni_1": [],
                        "alternativni_2": []
                    }
                },
                {
                    "episode_number": 32,
                    "title": "Epizoda 32",
                    "link_groups": {
                        "glavni": [
                            "https:\/\/www.file-upload.org\/wjlpc71pjhsy"
                        ],
                        "alternativni_1": [],
                        "alternativni_2": []
                    }
                },
                {
                    "episode_number": 33,
                    "title": "Epizoda 33",
                    "link_groups": {
                        "glavni": [
                            "https:\/\/www.file-upload.org\/7tyz7ucrs5c6"
                        ],
                        "alternativni_1": [],
                        "alternativni_2": []
                    }
                },
                {
                    "episode_number": 34,
                    "title": "Epizoda 34",
                    "link_groups": {
                        "glavni": [
                            "https:\/\/www.file-upload.org\/hjmi2dy2ood9"
                        ],
                        "alternativni_1": [],
                        "alternativni_2": []
                    }
                },
                {
                    "episode_number": 35,
                    "title": "Epizoda 35",
                    "link_groups": {
                        "glavni": [
                            "https:\/\/www.file-upload.org\/ipsuyl4i5u1x"
                        ],
                        "alternativni_1": [],
                        "alternativni_2": []
                    }
                },
                {
                    "episode_number": 36,
                    "title": "Epizoda 36",
                    "link_groups": {
                        "glavni": [
                            "https:\/\/www.file-upload.org\/q52rb4ro9a4k"
                        ],
                        "alternativni_1": [],
                        "alternativni_2": []
                    }
                },
                {
                    "episode_number": 37,
                    "title": "Epizoda 37",
                    "link_groups": {
                        "glavni": [
                            "https:\/\/www.file-upload.org\/ni16gopb7bxd"
                        ],
                        "alternativni_1": [],
                        "alternativni_2": []
                    }
                },
                {
                    "episode_number": 38,
                    "title": "Epizoda 38",
                    "link_groups": {
                        "glavni": [
                            "https:\/\/www.file-upload.org\/tdlamyn9m0ql"
                        ],
                        "alternativni_1": [],
                        "alternativni_2": []
                    }
                },
                {
                    "episode_number": 39,
                    "title": "Epizoda 39",
                    "link_groups": {
                        "glavni": [
                            "https:\/\/www.file-upload.org\/ckou9354oift"
                        ],
                        "alternativni_1": [],
                        "alternativni_2": []
                    }
                },
                {
                    "episode_number": 40,
                    "title": "Epizoda 40",
                    "link_groups": {
                        "glavni": [
                            "https:\/\/www.file-upload.org\/t14s3dp5oldv"
                        ],
                        "alternativni_1": [],
                        "alternativni_2": []
                    }
                },
                {
                    "episode_number": 41,
                    "title": "Epizoda 41",
                    "link_groups": {
                        "glavni": [
                            "https:\/\/www.file-upload.org\/8tcwco595dnn"
                        ],
                        "alternativni_1": [],
                        "alternativni_2": []
                    }
                },
                {
                    "episode_number": 42,
                    "title": "Epizoda 42",
                    "link_groups": {
                        "glavni": [
                            "https:\/\/www.file-upload.org\/ve4sqzt51o5f"
                        ],
                        "alternativni_1": [],
                        "alternativni_2": []
                    }
                },
                {
                    "episode_number": 43,
                    "title": "Epizoda 43",
                    "link_groups": {
                        "glavni": [
                            "https:\/\/www.file-upload.org\/l6hzpowkmrgg"
                        ],
                        "alternativni_1": [],
                        "alternativni_2": []
                    }
                },
                {
                    "episode_number": 44,
                    "title": "Epizoda 44",
                    "link_groups": {
                        "glavni": [
                            "https:\/\/www.file-upload.org\/13vac2zl6y2g"
                        ],
                        "alternativni_1": [],
                        "alternativni_2": []
                    }
                },
                {
                    "episode_number": 45,
                    "title": "Epizoda 45",
                    "link_groups": {
                        "glavni": [
                            "https:\/\/www.file-upload.org\/g987mtkfpe0u"
                        ],
                        "alternativni_1": [],
                        "alternativni_2": []
                    }
                },
                {
                    "episode_number": 46,
                    "title": "Epizoda 46",
                    "link_groups": {
                        "glavni": [
                            "https:\/\/www.file-upload.org\/ei94la9ujybd"
                        ],
                        "alternativni_1": [],
                        "alternativni_2": []
                    }
                },
                {
                    "episode_number": 47,
                    "title": "Epizoda 47",
                    "link_groups": {
                        "glavni": [
                            "https:\/\/www.file-upload.org\/0jmnu4tei3n0"
                        ],
                        "alternativni_1": [],
                        "alternativni_2": []
                    }
                },
                {
                    "episode_number": 48,
                    "title": "Epizoda 48",
                    "link_groups": {
                        "glavni": [
                            "https:\/\/www.file-upload.org\/546w9vsv64h7"
                        ],
                        "alternativni_1": [],
                        "alternativni_2": []
                    }
                },
                {
                    "episode_number": 49,
                    "title": "Epizoda 49",
                    "link_groups": {
                        "glavni": [
                            "https:\/\/www.file-upload.org\/6z59xtg503l4"
                        ],
                        "alternativni_1": [],
                        "alternativni_2": []
                    }
                },
                {
                    "episode_number": 50,
                    "title": "Epizoda 50",
                    "link_groups": {
                        "glavni": [
                            "https:\/\/www.file-upload.org\/hpmibnzsz0dz"
                        ],
                        "alternativni_1": [],
                        "alternativni_2": []
                    }
                },
                {
                    "episode_number": 51,
                    "title": "Epizoda 51",
                    "link_groups": {
                        "glavni": [
                            "https:\/\/www.file-upload.org\/vzlf69ylbmiv"
                        ],
                        "alternativni_1": [],
                        "alternativni_2": []
                    }
                },
                {
                    "episode_number": 52,
                    "title": "Epizoda 52",
                    "link_groups": {
                        "glavni": [
                            "https:\/\/www.file-upload.org\/i650hhy6hwcw"
                        ],
                        "alternativni_1": [],
                        "alternativni_2": []
                    }
                },
                {
                    "episode_number": 53,
                    "title": "Epizoda 53",
                    "link_groups": {
                        "glavni": [
                            "https:\/\/www.file-upload.org\/tky6rmhf1c8q"
                        ],
                        "alternativni_1": [],
                        "alternativni_2": []
                    }
                },
                {
                    "episode_number": 54,
                    "title": "Epizoda 54",
                    "link_groups": {
                        "glavni": [
                            "https:\/\/www.file-upload.org\/fq5rfqz0gaxy"
                        ],
                        "alternativni_1": [],
                        "alternativni_2": []
                    }
                },
                {
                    "episode_number": 55,
                    "title": "Epizoda 55",
                    "link_groups": {
                        "glavni": [
                            "https:\/\/www.file-upload.org\/0lwcwwfg3wmg"
                        ],
                        "alternativni_1": [],
                        "alternativni_2": []
                    }
                },
                {
                    "episode_number": 56,
                    "title": "Epizoda 56",
                    "link_groups": {
                        "glavni": [
                            "https:\/\/www.file-upload.org\/r6vvwn4m1uuu"
                        ],
                        "alternativni_1": [],
                        "alternativni_2": []
                    }
                },
                {
                    "episode_number": 57,
                    "title": "Epizoda 57",
                    "link_groups": {
                        "glavni": [
                            "https:\/\/www.file-upload.org\/1z27fi20ti5r"
                        ],
                        "alternativni_1": [],
                        "alternativni_2": []
                    }
                },
                {
                    "episode_number": 58,
                    "title": "Epizoda 58",
                    "link_groups": {
                        "glavni": [
                            "https:\/\/www.file-upload.org\/659gkc8sztym"
                        ],
                        "alternativni_1": [],
                        "alternativni_2": []
                    }
                },
                {
                    "episode_number": 59,
                    "title": "Epizoda 59",
                    "link_groups": {
                        "glavni": [
                            "https:\/\/www.file-upload.org\/ggq9l2c5su0t"
                        ],
                        "alternativni_1": [],
                        "alternativni_2": []
                    }
                },
                {
                    "episode_number": 60,
                    "title": "Epizoda 60",
                    "link_groups": {
                        "glavni": [
                            "https:\/\/www.file-upload.org\/dleeyvekcq0u"
                        ],
                        "alternativni_1": [],
                        "alternativni_2": []
                    }
                },
                {
                    "episode_number": 61,
                    "title": "Epizoda 61",
                    "link_groups": {
                        "glavni": [
                            "https:\/\/www.file-upload.org\/qglmjzks5pmf"
                        ],
                        "alternativni_1": [],
                        "alternativni_2": []
                    }
                },
                {
                    "episode_number": 62,
                    "title": "Epizoda 62",
                    "link_groups": {
                        "glavni": [
                            "https:\/\/www.file-upload.org\/ce8kxswpn897"
                        ],
                        "alternativni_1": [],
                        "alternativni_2": []
                    }
                },
                {
                    "episode_number": 63,
                    "title": "Epizoda 63",
                    "link_groups": {
                        "glavni": [
                            "https:\/\/www.file-upload.org\/my8hkaie5cqw"
                        ],
                        "alternativni_1": [],
                        "alternativni_2": []
                    }
                },
                {
                    "episode_number": 64,
                    "title": "Epizoda 64",
                    "link_groups": {
                        "glavni": [
                            "https:\/\/www.file-upload.org\/143ggwlaf16d"
                        ],
                        "alternativni_1": [],
                        "alternativni_2": []
                    }
                },
                {
                    "episode_number": 65,
                    "title": "Epizoda 65",
                    "link_groups": {
                        "glavni": [
                            "https:\/\/www.file-upload.org\/e245mmczmctz"
                        ],
                        "alternativni_1": [],
                        "alternativni_2": []
                    }
                },
                {
                    "episode_number": 66,
                    "title": "Epizoda 66",
                    "link_groups": {
                        "glavni": [
                            "https:\/\/www.file-upload.org\/f6fphz8t3n4d"
                        ],
                        "alternativni_1": [],
                        "alternativni_2": []
                    }
                },
                {
                    "episode_number": 67,
                    "title": "Epizoda 67",
                    "link_groups": {
                        "glavni": [
                            "https:\/\/www.file-upload.org\/febzc467axml"
                        ],
                        "alternativni_1": [],
                        "alternativni_2": []
                    }
                },
                {
                    "episode_number": 68,
                    "title": "Epizoda 68",
                    "link_groups": {
                        "glavni": [
                            "https:\/\/www.file-upload.org\/n6gh52a0oghi"
                        ],
                        "alternativni_1": [],
                        "alternativni_2": []
                    }
                },
                {
                    "episode_number": 69,
                    "title": "Epizoda 69",
                    "link_groups": {
                        "glavni": [
                            "https:\/\/www.file-upload.org\/o440fcud1k7s"
                        ],
                        "alternativni_1": [],
                        "alternativni_2": []
                    }
                },
                {
                    "episode_number": 70,
                    "title": "Epizoda 70",
                    "link_groups": {
                        "glavni": [
                            "https:\/\/www.file-upload.org\/psu67yfwn4m3"
                        ],
                        "alternativni_1": [],
                        "alternativni_2": []
                    }
                },
                {
                    "episode_number": 71,
                    "title": "Epizoda 71",
                    "link_groups": {
                        "glavni": [
                            "https:\/\/www.file-upload.org\/gz42swkrxbgb"
                        ],
                        "alternativni_1": [],
                        "alternativni_2": []
                    }
                },
                {
                    "episode_number": 72,
                    "title": "Epizoda 72",
                    "link_groups": {
                        "glavni": [
                            "https:\/\/www.file-upload.org\/4ikh4jhqtnq2"
                        ],
                        "alternativni_1": [],
                        "alternativni_2": []
                    }
                },
                {
                    "episode_number": 73,
                    "title": "Epizoda 73",
                    "link_groups": {
                        "glavni": [
                            "https:\/\/www.file-upload.org\/a7boitft8saw"
                        ],
                        "alternativni_1": [],
                        "alternativni_2": []
                    }
                },
                {
                    "episode_number": 74,
                    "title": "Epizoda 74",
                    "link_groups": {
                        "glavni": [
                            "https:\/\/www.file-upload.org\/z8vb5kernu8l"
                        ],
                        "alternativni_1": [],
                        "alternativni_2": []
                    }
                },
                {
                    "episode_number": 75,
                    "title": "Epizoda 75",
                    "link_groups": {
                        "glavni": [
                            "https:\/\/www.file-upload.org\/hh93buukv1lr"
                        ],
                        "alternativni_1": [],
                        "alternativni_2": []
                    }
                },
                {
                    "episode_number": 76,
                    "title": "Epizoda 76",
                    "link_groups": {
                        "glavni": [
                            "https:\/\/www.file-upload.org\/4hmw81q6xr9b"
                        ],
                        "alternativni_1": [],
                        "alternativni_2": []
                    }
                },
                {
                    "episode_number": 77,
                    "title": "Epizoda 77",
                    "link_groups": {
                        "glavni": [
                            "https:\/\/www.file-upload.org\/cid0xu6r7yu7"
                        ],
                        "alternativni_1": [],
                        "alternativni_2": []
                    }
                },
                {
                    "episode_number": 78,
                    "title": "Epizoda 78",
                    "link_groups": {
                        "glavni": [
                            "https:\/\/www.file-upload.org\/o0cpranhc4tm"
                        ],
                        "alternativni_1": [],
                        "alternativni_2": []
                    }
                },
                {
                    "episode_number": 79,
                    "title": "Epizoda 79",
                    "link_groups": {
                        "glavni": [
                            "https:\/\/www.file-upload.org\/dw1g8b3n9kmw"
                        ],
                        "alternativni_1": [],
                        "alternativni_2": []
                    }
                },
                {
                    "episode_number": 80,
                    "title": "Epizoda 80",
                    "link_groups": {
                        "glavni": [
                            "https:\/\/www.file-upload.org\/jcapv25n8j22"
                        ],
                        "alternativni_1": [],
                        "alternativni_2": []
                    }
                },
                {
                    "episode_number": 81,
                    "title": "Epizoda 81",
                    "link_groups": {
                        "glavni": [
                            "https:\/\/www.file-upload.org\/zagyc8d8402x"
                        ],
                        "alternativni_1": [],
                        "alternativni_2": []
                    }
                },
                {
                    "episode_number": 82,
                    "title": "Epizoda 82",
                    "link_groups": {
                        "glavni": [
                            "https:\/\/www.file-upload.org\/lzg2izazdxdz"
                        ],
                        "alternativni_1": [],
                        "alternativni_2": []
                    }
                },
                {
                    "episode_number": 83,
                    "title": "Epizoda 83",
                    "link_groups": {
                        "glavni": [
                            "https:\/\/www.file-upload.org\/84boc0tvny27"
                        ],
                        "alternativni_1": [],
                        "alternativni_2": []
                    }
                },
                {
                    "episode_number": 84,
                    "title": "Epizoda 84",
                    "link_groups": {
                        "glavni": [
                            "https:\/\/www.file-upload.org\/p5rffiq91df5"
                        ],
                        "alternativni_1": [],
                        "alternativni_2": []
                    }
                },
                {
                    "episode_number": 85,
                    "title": "Epizoda 85",
                    "link_groups": {
                        "glavni": [
                            "https:\/\/www.file-upload.org\/xb1pjln2jzhy"
                        ],
                        "alternativni_1": [],
                        "alternativni_2": []
                    }
                },
                {
                    "episode_number": 86,
                    "title": "Epizoda 86",
                    "link_groups": {
                        "glavni": [
                            "https:\/\/www.file-upload.org\/buzju1ahmnyf"
                        ],
                        "alternativni_1": [],
                        "alternativni_2": []
                    }
                },
                {
                    "episode_number": 87,
                    "title": "Epizoda 87",
                    "link_groups": {
                        "glavni": [
                            "https:\/\/www.file-upload.org\/85l2cfzqfbes"
                        ],
                        "alternativni_1": [],
                        "alternativni_2": []
                    }
                },
                {
                    "episode_number": 88,
                    "title": "Epizoda 88",
                    "link_groups": {
                        "glavni": [
                            "https:\/\/www.file-upload.org\/61uo6fyqhghq"
                        ],
                        "alternativni_1": [],
                        "alternativni_2": []
                    }
                },
                {
                    "episode_number": 89,
                    "title": "Epizoda 89",
                    "link_groups": {
                        "glavni": [
                            "https:\/\/www.file-upload.org\/tw0dzbhj18x8"
                        ],
                        "alternativni_1": [],
                        "alternativni_2": []
                    }
                },
                {
                    "episode_number": 90,
                    "title": "Epizoda 90",
                    "link_groups": {
                        "glavni": [
                            "https:\/\/www.file-upload.org\/4mty6za9hunk"
                        ],
                        "alternativni_1": [],
                        "alternativni_2": []
                    }
                },
                {
                    "episode_number": 91,
                    "title": "Epizoda 91",
                    "link_groups": {
                        "glavni": [
                            "https:\/\/www.file-upload.org\/5zi3tvrxzr18"
                        ],
                        "alternativni_1": [],
                        "alternativni_2": []
                    }
                },
                {
                    "episode_number": 92,
                    "title": "Epizoda 92",
                    "link_groups": {
                        "glavni": [
                            "https:\/\/www.file-upload.org\/5l24nk5qc7x5"
                        ],
                        "alternativni_1": [],
                        "alternativni_2": []
                    }
                },
                {
                    "episode_number": 93,
                    "title": "Epizoda 93",
                    "link_groups": {
                        "glavni": [
                            "https:\/\/www.file-upload.org\/po5jcxmenc91"
                        ],
                        "alternativni_1": [],
                        "alternativni_2": []
                    }
                },
                {
                    "episode_number": 94,
                    "title": "Epizoda 94",
                    "link_groups": {
                        "glavni": [
                            "https:\/\/www.file-upload.org\/kgtv77oxfwm3"
                        ],
                        "alternativni_1": [],
                        "alternativni_2": []
                    }
                },
                {
                    "episode_number": 95,
                    "title": "Epizoda 95",
                    "link_groups": {
                        "glavni": [
                            "https:\/\/www.file-upload.org\/l3q8k6172nup"
                        ],
                        "alternativni_1": [],
                        "alternativni_2": []
                    }
                },
                {
                    "episode_number": 96,
                    "title": "Epizoda 96",
                    "link_groups": {
                        "glavni": [
                            "https:\/\/www.file-upload.org\/0sln9pvi942m"
                        ],
                        "alternativni_1": [],
                        "alternativni_2": []
                    }
                },
                {
                    "episode_number": 97,
                    "title": "Epizoda 97",
                    "link_groups": {
                        "glavni": [
                            "https:\/\/www.file-upload.org\/u4jdwdz6e2az"
                        ],
                        "alternativni_1": [],
                        "alternativni_2": []
                    }
                },
                {
                    "episode_number": 98,
                    "title": "Epizoda 98",
                    "link_groups": {
                        "glavni": [
                            "https:\/\/www.file-upload.org\/g876vadh3gy2"
                        ],
                        "alternativni_1": [],
                        "alternativni_2": []
                    }
                },
                {
                    "episode_number": 99,
                    "title": "Epizoda 99",
                    "link_groups": {
                        "glavni": [
                            "https:\/\/www.file-upload.org\/70ijc3hs8slg"
                        ],
                        "alternativni_1": [],
                        "alternativni_2": []
                    }
                },
                {
                    "episode_number": 100,
                    "title": "Epizoda 100",
                    "link_groups": {
                        "glavni": [
                            "https:\/\/www.file-upload.org\/z4w3at60dm9r"
                        ],
                        "alternativni_1": [],
                        "alternativni_2": []
                    }
                },
                {
                    "episode_number": 101,
                    "title": "Epizoda 101",
                    "link_groups": {
                        "glavni": [
                            "https:\/\/www.file-upload.org\/joov4n0g4k1r"
                        ],
                        "alternativni_1": [],
                        "alternativni_2": []
                    }
                },
                {
                    "episode_number": 102,
                    "title": "Epizoda 102",
                    "link_groups": {
                        "glavni": [
                            "https:\/\/www.file-upload.org\/d7qb1dbcdywr"
                        ],
                        "alternativni_1": [],
                        "alternativni_2": []
                    }
                },
                {
                    "episode_number": 103,
                    "title": "Epizoda 103",
                    "link_groups": {
                        "glavni": [
                            "https:\/\/www.file-upload.org\/nj5dqfzr0dq1"
                        ],
                        "alternativni_1": [],
                        "alternativni_2": []
                    }
                },
                {
                    "episode_number": 104,
                    "title": "Epizoda 104",
                    "link_groups": {
                        "glavni": [
                            "https:\/\/www.file-upload.org\/f9jyywyjphyr"
                        ],
                        "alternativni_1": [],
                        "alternativni_2": []
                    }
                },
                {
                    "episode_number": 105,
                    "title": "Epizoda 105",
                    "link_groups": {
                        "glavni": [
                            "https:\/\/www.file-upload.org\/a2hz2xtn739r"
                        ],
                        "alternativni_1": [],
                        "alternativni_2": []
                    }
                },
                {
                    "episode_number": 106,
                    "title": "Epizoda 106",
                    "link_groups": {
                        "glavni": [
                            "https:\/\/www.file-upload.org\/353y4l1xyg8v"
                        ],
                        "alternativni_1": [],
                        "alternativni_2": []
                    }
                },
                {
                    "episode_number": 107,
                    "title": "Epizoda 107",
                    "link_groups": {
                        "glavni": [
                            "https:\/\/www.file-upload.org\/emfftxp9ukdo"
                        ],
                        "alternativni_1": [],
                        "alternativni_2": []
                    }
                },
                {
                    "episode_number": 108,
                    "title": "Epizoda 108",
                    "link_groups": {
                        "glavni": [
                            "https:\/\/www.file-upload.org\/z7npdh7k56re"
                        ],
                        "alternativni_1": [],
                        "alternativni_2": []
                    }
                },
                {
                    "episode_number": 109,
                    "title": "Epizoda 109",
                    "link_groups": {
                        "glavni": [
                            "https:\/\/www.file-upload.org\/zb2hkr7cp6ia"
                        ],
                        "alternativni_1": [],
                        "alternativni_2": []
                    }
                },
                {
                    "episode_number": 110,
                    "title": "Epizoda 110",
                    "link_groups": {
                        "glavni": [
                            "https:\/\/www.file-upload.org\/q2lp281ikc32"
                        ],
                        "alternativni_1": [],
                        "alternativni_2": []
                    }
                },
                {
                    "episode_number": 111,
                    "title": "Epizoda 111",
                    "link_groups": {
                        "glavni": [
                            "https:\/\/www.file-upload.org\/59nwnilptz8e"
                        ],
                        "alternativni_1": [],
                        "alternativni_2": []
                    }
                },
                {
                    "episode_number": 112,
                    "title": "Epizoda 112",
                    "link_groups": {
                        "glavni": [
                            "https:\/\/www.file-upload.org\/lcacgr2uxznx"
                        ],
                        "alternativni_1": [],
                        "alternativni_2": []
                    }
                },
                {
                    "episode_number": 113,
                    "title": "Epizoda 113",
                    "link_groups": {
                        "glavni": [
                            "https:\/\/www.file-upload.org\/p5kyqwgkhaj2"
                        ],
                        "alternativni_1": [],
                        "alternativni_2": []
                    }
                },
                {
                    "episode_number": 114,
                    "title": "Epizoda 114",
                    "link_groups": {
                        "glavni": [
                            "https:\/\/www.file-upload.org\/hwaxbp0men5a"
                        ],
                        "alternativni_1": [],
                        "alternativni_2": []
                    }
                },
                {
                    "episode_number": 115,
                    "title": "Epizoda 115",
                    "link_groups": {
                        "glavni": [
                            "https:\/\/www.file-upload.org\/82ws2scqb517"
                        ],
                        "alternativni_1": [],
                        "alternativni_2": []
                    }
                },
                {
                    "episode_number": 116,
                    "title": "Epizoda 116",
                    "link_groups": {
                        "glavni": [
                            "https:\/\/www.file-upload.org\/zf5ynpmwyn5m"
                        ],
                        "alternativni_1": [],
                        "alternativni_2": []
                    }
                },
                {
                    "episode_number": 117,
                    "title": "Epizoda 117",
                    "link_groups": {
                        "glavni": [
                            "https:\/\/www.file-upload.org\/wykk2awuaut1"
                        ],
                        "alternativni_1": [],
                        "alternativni_2": []
                    }
                },
                {
                    "episode_number": 118,
                    "title": "Epizoda 118",
                    "link_groups": {
                        "glavni": [
                            "https:\/\/www.file-upload.org\/x196d1zcvv4b"
                        ],
                        "alternativni_1": [],
                        "alternativni_2": []
                    }
                },
                {
                    "episode_number": 119,
                    "title": "Epizoda 119",
                    "link_groups": {
                        "glavni": [
                            "https:\/\/www.file-upload.org\/247421s2nbv0"
                        ],
                        "alternativni_1": [],
                        "alternativni_2": []
                    }
                },
                {
                    "episode_number": 120,
                    "title": "Epizoda 120",
                    "link_groups": {
                        "glavni": [
                            "https:\/\/www.file-upload.org\/fyhx4x7sov02"
                        ],
                        "alternativni_1": [],
                        "alternativni_2": []
                    }
                },
                {
                    "episode_number": 121,
                    "title": "Epizoda 121",
                    "link_groups": {
                        "glavni": [
                            "https:\/\/www.file-upload.org\/9uwkdjbtk37w"
                        ],
                        "alternativni_1": [],
                        "alternativni_2": []
                    }
                },
                {
                    "episode_number": 122,
                    "title": "Epizoda 122",
                    "link_groups": {
                        "glavni": [
                            "https:\/\/www.file-upload.org\/glhh70d8a1pr"
                        ],
                        "alternativni_1": [],
                        "alternativni_2": []
                    }
                },
                {
                    "episode_number": 123,
                    "title": "Epizoda 123",
                    "link_groups": {
                        "glavni": [
                            "https:\/\/www.file-upload.org\/ezjrt2fxct2m"
                        ],
                        "alternativni_1": [],
                        "alternativni_2": []
                    }
                },
                {
                    "episode_number": 124,
                    "title": "Epizoda 124",
                    "link_groups": {
                        "glavni": [
                            "https:\/\/www.file-upload.org\/ev4zuvsdv9sw"
                        ],
                        "alternativni_1": [],
                        "alternativni_2": []
                    }
                },
                {
                    "episode_number": 125,
                    "title": "Epizoda 125",
                    "link_groups": {
                        "glavni": [
                            "https:\/\/www.file-upload.org\/m0xdxv2g7tfz"
                        ],
                        "alternativni_1": [],
                        "alternativni_2": []
                    }
                },
                {
                    "episode_number": 126,
                    "title": "Epizoda 126",
                    "link_groups": {
                        "glavni": [
                            "https:\/\/www.file-upload.org\/8lgccztkpxn4"
                        ],
                        "alternativni_1": [],
                        "alternativni_2": []
                    }
                },
                {
                    "episode_number": 127,
                    "title": "Epizoda 127",
                    "link_groups": {
                        "glavni": [
                            "https:\/\/www.file-upload.org\/pc2xn2h4ba0p"
                        ],
                        "alternativni_1": [],
                        "alternativni_2": []
                    }
                },
                {
                    "episode_number": 128,
                    "title": "Epizoda 128",
                    "link_groups": {
                        "glavni": [
                            "https:\/\/www.file-upload.org\/kq4cg1bc4luq"
                        ],
                        "alternativni_1": [],
                        "alternativni_2": []
                    }
                },
                {
                    "episode_number": 129,
                    "title": "Epizoda 129",
                    "link_groups": {
                        "glavni": [
                            "https:\/\/www.file-upload.org\/o7sg05bevw2f"
                        ],
                        "alternativni_1": [],
                        "alternativni_2": []
                    }
                },
                {
                    "episode_number": 130,
                    "title": "Epizoda 130",
                    "link_groups": {
                        "glavni": [
                            "https:\/\/www.file-upload.org\/v8uhf7o6u4jp"
                        ],
                        "alternativni_1": [],
                        "alternativni_2": []
                    }
                },
                {
                    "episode_number": 131,
                    "title": "Epizoda 131",
                    "link_groups": {
                        "glavni": [
                            "https:\/\/www.file-upload.org\/7l453v70jhdv"
                        ],
                        "alternativni_1": [],
                        "alternativni_2": []
                    }
                },
                {
                    "episode_number": 132,
                    "title": "Epizoda 132",
                    "link_groups": {
                        "glavni": [
                            "https:\/\/www.file-upload.org\/njgpuee9ump8"
                        ],
                        "alternativni_1": [],
                        "alternativni_2": []
                    }
                },
                {
                    "episode_number": 133,
                    "title": "Epizoda 133",
                    "link_groups": {
                        "glavni": [
                            "https:\/\/www.file-upload.org\/4kw0afvo2n8h"
                        ],
                        "alternativni_1": [],
                        "alternativni_2": []
                    }
                },
                {
                    "episode_number": 134,
                    "title": "Epizoda 134",
                    "link_groups": {
                        "glavni": [
                            "https:\/\/www.file-upload.org\/4f07wigev27n"
                        ],
                        "alternativni_1": [],
                        "alternativni_2": []
                    }
                },
                {
                    "episode_number": 135,
                    "title": "Epizoda 135",
                    "link_groups": {
                        "glavni": [
                            "https:\/\/www.file-upload.org\/55r7y89dj7sj"
                        ],
                        "alternativni_1": [],
                        "alternativni_2": []
                    }
                },
                {
                    "episode_number": 136,
                    "title": "Epizoda 136",
                    "link_groups": {
                        "glavni": [
                            "https:\/\/www.file-upload.org\/efz1ko6fwlft"
                        ],
                        "alternativni_1": [],
                        "alternativni_2": []
                    }
                },
                {
                    "episode_number": 137,
                    "title": "Epizoda 137",
                    "link_groups": {
                        "glavni": [
                            "https:\/\/www.file-upload.org\/bftkspa87cub"
                        ],
                        "alternativni_1": [],
                        "alternativni_2": []
                    }
                },
                {
                    "episode_number": 138,
                    "title": "Epizoda 138",
                    "link_groups": {
                        "glavni": [
                            "https:\/\/www.file-upload.org\/hpe7jepvn08p"
                        ],
                        "alternativni_1": [],
                        "alternativni_2": []
                    }
                },
                {
                    "episode_number": 139,
                    "title": "Epizoda 139",
                    "link_groups": {
                        "glavni": [
                            "https:\/\/www.file-upload.org\/pw1pn8ujibh9"
                        ],
                        "alternativni_1": [],
                        "alternativni_2": []
                    }
                },
                {
                    "episode_number": 140,
                    "title": "Epizoda 140",
                    "link_groups": {
                        "glavni": [
                            "https:\/\/www.file-upload.org\/rm9erjnckqsx"
                        ],
                        "alternativni_1": [],
                        "alternativni_2": []
                    }
                },
                {
                    "episode_number": 141,
                    "title": "Epizoda 141",
                    "link_groups": {
                        "glavni": [
                            "https:\/\/www.file-upload.org\/7zoghldgusen"
                        ],
                        "alternativni_1": [],
                        "alternativni_2": []
                    }
                },
                {
                    "episode_number": 142,
                    "title": "Epizoda 142",
                    "link_groups": {
                        "glavni": [
                            "https:\/\/www.file-upload.org\/syz51o7k2u9r"
                        ],
                        "alternativni_1": [],
                        "alternativni_2": []
                    }
                },
                {
                    "episode_number": 143,
                    "title": "Epizoda 143",
                    "link_groups": {
                        "glavni": [
                            "https:\/\/www.file-upload.org\/9g4v0anxq9dc"
                        ],
                        "alternativni_1": [],
                        "alternativni_2": []
                    }
                },
                {
                    "episode_number": 144,
                    "title": "Epizoda 144",
                    "link_groups": {
                        "glavni": [
                            "https:\/\/www.file-upload.org\/8b5iz91ktrrv"
                        ],
                        "alternativni_1": [],
                        "alternativni_2": []
                    }
                },
                {
                    "episode_number": 145,
                    "title": "Epizoda 145",
                    "link_groups": {
                        "glavni": [
                            "https:\/\/www.file-upload.org\/ehxz1oz1x7s9"
                        ],
                        "alternativni_1": [],
                        "alternativni_2": []
                    }
                },
                {
                    "episode_number": 146,
                    "title": "Epizoda 146",
                    "link_groups": {
                        "glavni": [
                            "https:\/\/www.file-upload.org\/kufjbbvrjv9v"
                        ],
                        "alternativni_1": [],
                        "alternativni_2": []
                    }
                },
                {
                    "episode_number": 147,
                    "title": "Epizoda 147",
                    "link_groups": {
                        "glavni": [
                            "https:\/\/www.file-upload.org\/brbadf0naxdy"
                        ],
                        "alternativni_1": [],
                        "alternativni_2": []
                    }
                },
                {
                    "episode_number": 148,
                    "title": "Epizoda 148",
                    "link_groups": {
                        "glavni": [
                            "https:\/\/www.file-upload.org\/npy6zuefwy8j"
                        ],
                        "alternativni_1": [],
                        "alternativni_2": []
                    }
                },
                {
                    "episode_number": 149,
                    "title": "Epizoda 149",
                    "link_groups": {
                        "glavni": [
                            "https:\/\/www.file-upload.org\/yodkkauqb5r2"
                        ],
                        "alternativni_1": [],
                        "alternativni_2": []
                    }
                },
                {
                    "episode_number": 150,
                    "title": "Epizoda 150",
                    "link_groups": {
                        "glavni": [
                            "https:\/\/www.file-upload.org\/03x7l5l17uec"
                        ],
                        "alternativni_1": [],
                        "alternativni_2": []
                    }
                },
                {
                    "episode_number": 151,
                    "title": "Epizoda 151",
                    "link_groups": {
                        "glavni": [
                            "https:\/\/www.file-upload.org\/l6hmj3cshxvq"
                        ],
                        "alternativni_1": [],
                        "alternativni_2": []
                    }
                },
                {
                    "episode_number": 152,
                    "title": "Epizoda 152",
                    "link_groups": {
                        "glavni": [
                            "https:\/\/www.file-upload.org\/6ti52qmxn7fr"
                        ],
                        "alternativni_1": [],
                        "alternativni_2": []
                    }
                },
                {
                    "episode_number": 153,
                    "title": "Epizoda 153",
                    "link_groups": {
                        "glavni": [
                            "https:\/\/www.file-upload.org\/whc2x0x8tcmi"
                        ],
                        "alternativni_1": [],
                        "alternativni_2": []
                    }
                },
                {
                    "episode_number": 154,
                    "title": "Epizoda 154",
                    "link_groups": {
                        "glavni": [
                            "https:\/\/www.file-upload.org\/ytn1bxkr8vtm"
                        ],
                        "alternativni_1": [],
                        "alternativni_2": []
                    }
                },
                {
                    "episode_number": 155,
                    "title": "Epizoda 155",
                    "link_groups": {
                        "glavni": [
                            "https:\/\/www.file-upload.org\/sss4tm2t6d52"
                        ],
                        "alternativni_1": [],
                        "alternativni_2": []
                    }
                },
                {
                    "episode_number": 156,
                    "title": "Epizoda 156",
                    "link_groups": {
                        "glavni": [
                            "https:\/\/www.file-upload.org\/tfjvrnfgbf46"
                        ],
                        "alternativni_1": [],
                        "alternativni_2": []
                    }
                },
                {
                    "episode_number": 157,
                    "title": "Epizoda 157",
                    "link_groups": {
                        "glavni": [
                            "https:\/\/www.file-upload.org\/wve3xubgft3o"
                        ],
                        "alternativni_1": [],
                        "alternativni_2": []
                    }
                },
                {
                    "episode_number": 158,
                    "title": "Epizoda 158",
                    "link_groups": {
                        "glavni": [
                            "https:\/\/www.file-upload.org\/bcdxrtze8bcm"
                        ],
                        "alternativni_1": [],
                        "alternativni_2": []
                    }
                },
                {
                    "episode_number": 159,
                    "title": "Epizoda 159",
                    "link_groups": {
                        "glavni": [
                            "https:\/\/www.file-upload.org\/a8y2yqbsq8of"
                        ],
                        "alternativni_1": [],
                        "alternativni_2": []
                    }
                },
                {
                    "episode_number": 160,
                    "title": "Epizoda 160",
                    "link_groups": {
                        "glavni": [
                            "https:\/\/www.file-upload.org\/0agn9jxsvete"
                        ],
                        "alternativni_1": [],
                        "alternativni_2": []
                    }
                },
                {
                    "episode_number": 161,
                    "title": "Epizoda 161",
                    "link_groups": {
                        "glavni": [
                            "https:\/\/www.file-upload.org\/s837d41m2saw"
                        ],
                        "alternativni_1": [],
                        "alternativni_2": []
                    }
                },
                {
                    "episode_number": 162,
                    "title": "Epizoda 162",
                    "link_groups": {
                        "glavni": [
                            "https:\/\/www.file-upload.org\/ckf7rsdv0ehm"
                        ],
                        "alternativni_1": [],
                        "alternativni_2": []
                    }
                },
                {
                    "episode_number": 163,
                    "title": "Epizoda 163",
                    "link_groups": {
                        "glavni": [
                            "https:\/\/www.file-upload.org\/4jepg61d1hfz"
                        ],
                        "alternativni_1": [],
                        "alternativni_2": []
                    }
                },
                {
                    "episode_number": 164,
                    "title": "Epizoda 164",
                    "link_groups": {
                        "glavni": [
                            "https:\/\/www.file-upload.org\/abnb4tnjzne6"
                        ],
                        "alternativni_1": [],
                        "alternativni_2": []
                    }
                },
                {
                    "episode_number": 165,
                    "title": "Epizoda 165",
                    "link_groups": {
                        "glavni": [
                            "https:\/\/www.file-upload.org\/2ep9t2xbsrrq"
                        ],
                        "alternativni_1": [],
                        "alternativni_2": []
                    }
                },
                {
                    "episode_number": 166,
                    "title": "Epizoda 166",
                    "link_groups": {
                        "glavni": [
                            "https:\/\/www.file-upload.org\/vj0bt9c2k27g"
                        ],
                        "alternativni_1": [],
                        "alternativni_2": []
                    }
                },
                {
                    "episode_number": 167,
                    "title": "Epizoda 167",
                    "link_groups": {
                        "glavni": [
                            "https:\/\/www.file-upload.org\/mscghai7np3q"
                        ],
                        "alternativni_1": [],
                        "alternativni_2": []
                    }
                },
                {
                    "episode_number": 168,
                    "title": "Epizoda 168",
                    "link_groups": {
                        "glavni": [
                            "https:\/\/www.file-upload.org\/er5bhlv468vx"
                        ],
                        "alternativni_1": [],
                        "alternativni_2": []
                    }
                },
                {
                    "episode_number": 169,
                    "title": "Epizoda 169",
                    "link_groups": {
                        "glavni": [
                            "https:\/\/www.file-upload.org\/ikrjyz59r5qf"
                        ],
                        "alternativni_1": [],
                        "alternativni_2": []
                    }
                },
                {
                    "episode_number": 170,
                    "title": "Epizoda 170",
                    "link_groups": {
                        "glavni": [
                            "https:\/\/www.file-upload.org\/wq6dfay9g5ao"
                        ],
                        "alternativni_1": [],
                        "alternativni_2": []
                    }
                },
                {
                    "episode_number": 171,
                    "title": "Epizoda 171",
                    "link_groups": {
                        "glavni": [
                            "https:\/\/www.file-upload.org\/3svar2yox33x"
                        ],
                        "alternativni_1": [],
                        "alternativni_2": []
                    }
                },
                {
                    "episode_number": 172,
                    "title": "Epizoda 172",
                    "link_groups": {
                        "glavni": [
                            "https:\/\/www.file-upload.org\/yuiqnlq3zycw"
                        ],
                        "alternativni_1": [],
                        "alternativni_2": []
                    }
                },
                {
                    "episode_number": 173,
                    "title": "Epizoda 173",
                    "link_groups": {
                        "glavni": [
                            "https:\/\/www.file-upload.org\/w6fyngg0g2lq"
                        ],
                        "alternativni_1": [],
                        "alternativni_2": []
                    }
                },
                {
                    "episode_number": 174,
                    "title": "Epizoda 174",
                    "link_groups": {
                        "glavni": [
                            "https:\/\/www.file-upload.org\/rmnyoia6d8ji"
                        ],
                        "alternativni_1": [],
                        "alternativni_2": []
                    }
                },
                {
                    "episode_number": 175,
                    "title": "Epizoda 175",
                    "link_groups": {
                        "glavni": [
                            "https:\/\/www.file-upload.org\/h7aft7suxx1h"
                        ],
                        "alternativni_1": [],
                        "alternativni_2": []
                    }
                },
                {
                    "episode_number": 176,
                    "title": "Epizoda 176",
                    "link_groups": {
                        "glavni": [
                            "https:\/\/www.file-upload.org\/9ylac19iu3y4"
                        ],
                        "alternativni_1": [],
                        "alternativni_2": []
                    }
                },
                {
                    "episode_number": 177,
                    "title": "Epizoda 177",
                    "link_groups": {
                        "glavni": [
                            "https:\/\/www.file-upload.org\/usjpcxb33umh"
                        ],
                        "alternativni_1": [],
                        "alternativni_2": []
                    }
                },
                {
                    "episode_number": 178,
                    "title": "Epizoda 178",
                    "link_groups": {
                        "glavni": [
                            "https:\/\/www.file-upload.org\/ko3yuyr6uo9x"
                        ],
                        "alternativni_1": [],
                        "alternativni_2": []
                    }
                },
                {
                    "episode_number": 179,
                    "title": "Epizoda 179",
                    "link_groups": {
                        "glavni": [
                            "https:\/\/www.file-upload.org\/8k4eysftjmbz"
                        ],
                        "alternativni_1": [],
                        "alternativni_2": []
                    }
                },
                {
                    "episode_number": 180,
                    "title": "Epizoda 180",
                    "link_groups": {
                        "glavni": [
                            "https:\/\/www.file-upload.org\/soburhrq99wf"
                        ],
                        "alternativni_1": [],
                        "alternativni_2": []
                    }
                }
            ]
        }
    }
}