{
    "title": "Savamala",
    "plot": "U Savamali živi osamnaestogodišnji mladić, u ozloglašenom kraju Beograda. U uzburkanom ambijentu Savamale sukobljavaju se različite strasti, a naslućuje se da su krvavi štrajkovi uvod u glavnu borbu. Mladić pokušava da izađe iz sirotinjskog života u bolje društvo. Zaljubljuje se i crta stripove, a Savamala mu nudi bedu svakodnevice, svet kriminalaca, kockara, anarhista, pevaljki, propalih pesnika.",
    "thumb": "https:\/\/m.media-amazon.com\/images\/M\/MV5BNjNiOWI5YWYtZjE5My00ZmI3LThkZWQtZGM4YmJlZTYzNmU5XkEyXkFqcGc@._V1_.jpg",
    "type": "serije",
    "created_at": "2025-06-10 19:17:36",
    "year": 1982,
    "seasons": {
        "1": {
            "title": "Sezona 1",
            "episodes": [
                {
                    "episode_number": 1,
                    "title": "Epizoda 1",
                    "link_groups": {
                        "glavni": [
                            "https:\/\/www.file-upload.org\/jd3gdxlyuip9"
                        ],
                        "alternativni_1": [],
                        "alternativni_2": []
                    }
                },
                {
                    "episode_number": 2,
                    "title": "Epizoda 2",
                    "link_groups": {
                        "glavni": [
                            "https:\/\/www.file-upload.org\/1u5tj084wg0a"
                        ],
                        "alternativni_1": [],
                        "alternativni_2": []
                    }
                },
                {
                    "episode_number": 3,
                    "title": "Epizoda 3",
                    "link_groups": {
                        "glavni": [
                            "https:\/\/www.file-upload.org\/5w65jruya7fl"
                        ],
                        "alternativni_1": [],
                        "alternativni_2": []
                    }
                }
            ]
        }
    }
}