{
    "title": "Zlatni Mladic",
    "plot": "\"Zlatni mladić\" prikaz je društvenog miljea s naglaskom na međusobnim odnosima u jednoj obitelji koja je na selu otvorila dućan i na raskrižju prometnih cesta kroz nekoliko godina postala najbogatijom u općini.",
    "thumb": "https:\/\/mojtv.hr\/images\/a7097bf7-d261-4553-9cab-348b37ae69a8.jpg",
    "type": "serije",
    "created_at": "2025-06-12 15:29:39",
    "year": 1970,
    "seasons": {
        "1": {
            "title": "Sezona 1",
            "episodes": [
                {
                    "episode_number": 1,
                    "title": "Epizoda 1",
                    "link_groups": {
                        "glavni": [
                            "https:\/\/www.file-upload.org\/m9rznr8p7qhe"
                        ],
                        "alternativni_1": [],
                        "alternativni_2": []
                    }
                },
                {
                    "episode_number": 2,
                    "title": "Epizoda 2",
                    "link_groups": {
                        "glavni": [
                            "https:\/\/www.file-upload.org\/63qvdr1ctwra"
                        ],
                        "alternativni_1": [],
                        "alternativni_2": []
                    }
                },
                {
                    "episode_number": 3,
                    "title": "Epizoda 3",
                    "link_groups": {
                        "glavni": [
                            "https:\/\/www.file-upload.org\/ebpjgfpjtsu0"
                        ],
                        "alternativni_1": [],
                        "alternativni_2": []
                    }
                },
                {
                    "episode_number": 4,
                    "title": "Epizoda 4",
                    "link_groups": {
                        "glavni": [
                            "https:\/\/www.file-upload.org\/yqffbj15a5c9"
                        ],
                        "alternativni_1": [],
                        "alternativni_2": []
                    }
                },
                {
                    "episode_number": 5,
                    "title": "Epizoda 5",
                    "link_groups": {
                        "glavni": [
                            "https:\/\/www.file-upload.org\/stsdyqn3um3h"
                        ],
                        "alternativni_1": [],
                        "alternativni_2": []
                    }
                }
            ]
        }
    }
}