{
    "title": "Sedam Sekretara SKOJ-a",
    "plot": "Serija prati život sedam sekretara SKOJ-a, koji su bili na funkciji sekretara Centralnog komiteta SKOJ-a, od 1920. do 1931. Stradali su u periodu od 1929. do 1931. godine, za vreme Šestojanuarske diktature u oružanim sukobima sa policijom.",
    "thumb": "https:\/\/m.media-amazon.com\/images\/M\/MV5BZWIxNzc5MWYtNTM1Mi00ZjcwLWI5ODgtZTIwNjY1MTk2ZTA0XkEyXkFqcGc@._V1_QL75_UX500_CR0,40,500,281_.jpg",
    "type": "serije",
    "created_at": "2025-06-10 19:21:54",
    "year": 1978,
    "seasons": {
        "1": {
            "title": "Sezona 1",
            "episodes": [
                {
                    "episode_number": 1,
                    "title": "Epizoda 1",
                    "link_groups": {
                        "glavni": [
                            "https:\/\/www.file-upload.org\/jzoy3z3rgadn"
                        ],
                        "alternativni_1": [],
                        "alternativni_2": []
                    }
                },
                {
                    "episode_number": 2,
                    "title": "Epizoda 2",
                    "link_groups": {
                        "glavni": [
                            "https:\/\/www.file-upload.org\/39d9sz5yc5vk"
                        ],
                        "alternativni_1": [],
                        "alternativni_2": []
                    }
                },
                {
                    "episode_number": 3,
                    "title": "Epizoda 3",
                    "link_groups": {
                        "glavni": [
                            "https:\/\/www.file-upload.org\/bp20vs5gv4w8"
                        ],
                        "alternativni_1": [],
                        "alternativni_2": []
                    }
                },
                {
                    "episode_number": 4,
                    "title": "Epizoda 4",
                    "link_groups": {
                        "glavni": [
                            "https:\/\/www.file-upload.org\/xj4bew4cc4nt"
                        ],
                        "alternativni_1": [],
                        "alternativni_2": []
                    }
                },
                {
                    "episode_number": 5,
                    "title": "Epizoda 5",
                    "link_groups": {
                        "glavni": [
                            "https:\/\/www.file-upload.org\/pbshtzmxiik4"
                        ],
                        "alternativni_1": [],
                        "alternativni_2": []
                    }
                },
                {
                    "episode_number": 6,
                    "title": "Epizoda 6",
                    "link_groups": {
                        "glavni": [
                            "https:\/\/www.file-upload.org\/35cs6ra9cogs"
                        ],
                        "alternativni_1": [],
                        "alternativni_2": []
                    }
                }
            ]
        }
    }
}