{
    "title": "Prvaci Sveta",
    "plot": "Na početku upoznajemo mladu novinarku Nevenu (igra je Nevena Ristić) koja dobija važan zadatak da napravi emisiju o istoriji košarke kod nas koja će se prikazati nakon završenog prvenstva u Turskoj. Nevena ne zna mnogo o sportu, ali njen deda (koga glumi Rade Šerbedžija), važni akter ove priče, upućuje je na samo jednog čoveka - na „oca jugoslovenske košarke“ Nebojšu Popovića (koga glumi Žarko Radić). Paralelno sa Neveninim ličnim događajima, serija prati odvijanje tog intervjua kroz koji se Nebojša priseća samih početaka košarke kod nas, od osnivanja „Crvene zvezde“, formiranja reprezentacije do prvih nastupa i uspeha. Kroz njegove reči oživljavaju i ostala trojica najbitnijih ljudi kod nas u košarci Radomir Šaper, Aleksandar Nikolić i Bora Stanković, čije je prijateljstvo bilo temelj kasnijih velikih uspeha reprezentacije.",
    "thumb": "https:\/\/m.media-amazon.com\/images\/M\/MV5BNmNlOWUzNmEtM2JmYS00MGZhLWEzODgtM2Q3OGY4NjhkNjMyXkEyXkFqcGc@._V1_.jpg",
    "type": "serije",
    "created_at": "2025-06-10 12:48:05",
    "year": 2016,
    "seasons": {
        "1": {
            "title": "Sezona 1",
            "episodes": [
                {
                    "episode_number": 1,
                    "title": "Epizoda 1",
                    "link_groups": {
                        "glavni": [
                            "https:\/\/www.file-upload.org\/owh9zrrbjyyz"
                        ],
                        "alternativni_1": [],
                        "alternativni_2": []
                    }
                },
                {
                    "episode_number": 2,
                    "title": "Epizoda 2",
                    "link_groups": {
                        "glavni": [
                            "https:\/\/www.file-upload.org\/6mx25poknadx"
                        ],
                        "alternativni_1": [],
                        "alternativni_2": []
                    }
                },
                {
                    "episode_number": 3,
                    "title": "Epizoda 3",
                    "link_groups": {
                        "glavni": [
                            "https:\/\/www.file-upload.org\/vla6z590xi1d"
                        ],
                        "alternativni_1": [],
                        "alternativni_2": []
                    }
                },
                {
                    "episode_number": 4,
                    "title": "Epizoda 4",
                    "link_groups": {
                        "glavni": [
                            "https:\/\/www.file-upload.org\/vbe6wtqh9ks3"
                        ],
                        "alternativni_1": [],
                        "alternativni_2": []
                    }
                },
                {
                    "episode_number": 5,
                    "title": "Epizoda 5",
                    "link_groups": {
                        "glavni": [
                            "https:\/\/www.file-upload.org\/u1w0e4a2sy36"
                        ],
                        "alternativni_1": [],
                        "alternativni_2": []
                    }
                },
                {
                    "episode_number": 6,
                    "title": "Epizoda 6",
                    "link_groups": {
                        "glavni": [
                            "https:\/\/www.file-upload.org\/8mwyhpzqp90s"
                        ],
                        "alternativni_1": [],
                        "alternativni_2": []
                    }
                },
                {
                    "episode_number": 7,
                    "title": "Epizoda 7",
                    "link_groups": {
                        "glavni": [
                            "https:\/\/www.file-upload.org\/ur21fyjvmz53"
                        ],
                        "alternativni_1": [],
                        "alternativni_2": []
                    }
                },
                {
                    "episode_number": 8,
                    "title": "Epizoda 8",
                    "link_groups": {
                        "glavni": [
                            "https:\/\/www.file-upload.org\/8k5i86f83ib4"
                        ],
                        "alternativni_1": [],
                        "alternativni_2": []
                    }
                },
                {
                    "episode_number": 9,
                    "title": "Epizoda 9",
                    "link_groups": {
                        "glavni": [
                            "https:\/\/www.file-upload.org\/jmm16posn0pp"
                        ],
                        "alternativni_1": [],
                        "alternativni_2": []
                    }
                },
                {
                    "episode_number": 10,
                    "title": "Epizoda 10",
                    "link_groups": {
                        "glavni": [
                            "https:\/\/www.file-upload.org\/ardkmcpffph5"
                        ],
                        "alternativni_1": [],
                        "alternativni_2": []
                    }
                },
                {
                    "episode_number": 11,
                    "title": "Epizoda 11",
                    "link_groups": {
                        "glavni": [
                            "https:\/\/www.file-upload.org\/dhygw67loffc"
                        ],
                        "alternativni_1": [],
                        "alternativni_2": []
                    }
                },
                {
                    "episode_number": 12,
                    "title": "Epizoda 12",
                    "link_groups": {
                        "glavni": [
                            "https:\/\/www.file-upload.org\/9wuiut5be513"
                        ],
                        "alternativni_1": [],
                        "alternativni_2": []
                    }
                }
            ]
        }
    }
}