{
    "title": "Klan",
    "plot": "Dva provincijalna probisveta, uprkos brojnim preprekama, uspevaju da se svojim beskrupuloznim i surovim akcijama uzdignu u sam vrh podzemlja. Ubistvo Tigra, najvećeg mafijaškog bosa ovog dela Evrope uzdrmalo je do dna srpsko podzemlje. Mnogi žele da zauzmu njegovo mesto, karte se ponovo dele, svi žele svoje parče plena i spremni su na sve da bi ga osvojili... Na marginama tog sveta, Šok i Paša, provincijalci i ne preterano uspešni lopovi, tek počinju svoju karijeru koja će ih dovesti do neslućenih visina.\r\n\r\nZamišljena kao dubok i do sada neviđen uvid u samo srce kriminalnih organizacija i njihovih mnogobrojnih poslova, ova savremena akciona drama furioznog ritma prati uzdizanje, uspon i pad dva sitna kriminalca u svetu srpskog podzemlja.",
    "thumb": "https:\/\/superstartv.rs\/wp-content\/uploads\/2024\/06\/Klan-Superstar-sajt-16x9-1.jpg",
    "type": "serije",
    "created_at": "2025-05-30 13:22:59",
    "year": 2019,
    "seasons": {
        "1": {
            "title": "Sezona 1",
            "episodes": [
                {
                    "episode_number": 1,
                    "title": "Epizoda 1",
                    "link_groups": {
                        "glavni": [
                            "https:\/\/www.file-upload.org\/aoqj3ek9kh10"
                        ],
                        "alternativni_1": [],
                        "alternativni_2": []
                    }
                },
                {
                    "episode_number": 2,
                    "title": "Epizoda 2",
                    "link_groups": {
                        "glavni": [
                            "https:\/\/www.file-upload.org\/n9olpmhj70ri"
                        ],
                        "alternativni_1": [],
                        "alternativni_2": []
                    }
                },
                {
                    "episode_number": 3,
                    "title": "Epizoda 3",
                    "link_groups": {
                        "glavni": [
                            "https:\/\/www.file-upload.org\/44rc7dmagchu"
                        ],
                        "alternativni_1": [],
                        "alternativni_2": []
                    }
                },
                {
                    "episode_number": 4,
                    "title": "Epizoda 4",
                    "link_groups": {
                        "glavni": [
                            "https:\/\/www.file-upload.org\/qhcqxtucbh9v"
                        ],
                        "alternativni_1": [],
                        "alternativni_2": []
                    }
                },
                {
                    "episode_number": 5,
                    "title": "Epizoda 5",
                    "link_groups": {
                        "glavni": [
                            "https:\/\/www.file-upload.org\/nk7m1u1828en"
                        ],
                        "alternativni_1": [],
                        "alternativni_2": []
                    }
                },
                {
                    "episode_number": 6,
                    "title": "Epizoda 6",
                    "link_groups": {
                        "glavni": [
                            "https:\/\/www.file-upload.org\/90r0h2453d1n"
                        ],
                        "alternativni_1": [],
                        "alternativni_2": []
                    }
                },
                {
                    "episode_number": 7,
                    "title": "Epizoda 7",
                    "link_groups": {
                        "glavni": [
                            "https:\/\/www.file-upload.org\/xg7ucabl7dj7"
                        ],
                        "alternativni_1": [],
                        "alternativni_2": []
                    }
                },
                {
                    "episode_number": 8,
                    "title": "Epizoda 8",
                    "link_groups": {
                        "glavni": [
                            "https:\/\/www.file-upload.org\/kxrhrvdhyx0j"
                        ],
                        "alternativni_1": [],
                        "alternativni_2": []
                    }
                }
            ]
        },
        "2": {
            "title": "Sezona 2",
            "episodes": [
                {
                    "episode_number": 1,
                    "title": "Epizoda 1",
                    "link_groups": {
                        "glavni": [
                            "https:\/\/www.file-upload.org\/mcs3lx2sdmkl"
                        ],
                        "alternativni_1": [],
                        "alternativni_2": []
                    }
                },
                {
                    "episode_number": 2,
                    "title": "Epizoda 2",
                    "link_groups": {
                        "glavni": [
                            "https:\/\/www.file-upload.org\/r3uivfvb8w4u"
                        ],
                        "alternativni_1": [],
                        "alternativni_2": []
                    }
                },
                {
                    "episode_number": 3,
                    "title": "Epizoda 3",
                    "link_groups": {
                        "glavni": [
                            "https:\/\/www.file-upload.org\/arlgrsyu730w"
                        ],
                        "alternativni_1": [],
                        "alternativni_2": []
                    }
                },
                {
                    "episode_number": 4,
                    "title": "Epizoda 4",
                    "link_groups": {
                        "glavni": [
                            "https:\/\/www.file-upload.org\/9qoqks1e81a2"
                        ],
                        "alternativni_1": [],
                        "alternativni_2": []
                    }
                },
                {
                    "episode_number": 5,
                    "title": "Epizoda 5",
                    "link_groups": {
                        "glavni": [
                            "https:\/\/www.file-upload.org\/j1tnf3jbbv1z"
                        ],
                        "alternativni_1": [],
                        "alternativni_2": []
                    }
                },
                {
                    "episode_number": 6,
                    "title": "Epizoda 6",
                    "link_groups": {
                        "glavni": [
                            "https:\/\/www.file-upload.org\/p6xz6gbuorxq"
                        ],
                        "alternativni_1": [],
                        "alternativni_2": []
                    }
                },
                {
                    "episode_number": 7,
                    "title": "Epizoda 7",
                    "link_groups": {
                        "glavni": [
                            "https:\/\/www.file-upload.org\/9ijlf56rjwaa"
                        ],
                        "alternativni_1": [],
                        "alternativni_2": []
                    }
                },
                {
                    "episode_number": 8,
                    "title": "Epizoda 8",
                    "link_groups": {
                        "glavni": [
                            "https:\/\/www.file-upload.org\/vsxrb4vtq50m"
                        ],
                        "alternativni_1": [],
                        "alternativni_2": []
                    }
                }
            ]
        },
        "3": {
            "title": "Sezona 3",
            "episodes": [
                {
                    "episode_number": 1,
                    "title": "Epizoda 1",
                    "link_groups": {
                        "glavni": [
                            "https:\/\/www.file-upload.org\/6nr29tupcs9g"
                        ],
                        "alternativni_1": [],
                        "alternativni_2": []
                    }
                },
                {
                    "episode_number": 2,
                    "title": "Epizoda 2",
                    "link_groups": {
                        "glavni": [
                            "https:\/\/www.file-upload.org\/mp461gnsqpcm"
                        ],
                        "alternativni_1": [],
                        "alternativni_2": []
                    }
                },
                {
                    "episode_number": 3,
                    "title": "Epizoda 3",
                    "link_groups": {
                        "glavni": [
                            "https:\/\/www.file-upload.org\/8eibvy2e4hug"
                        ],
                        "alternativni_1": [],
                        "alternativni_2": []
                    }
                },
                {
                    "episode_number": 4,
                    "title": "Epizoda 4",
                    "link_groups": {
                        "glavni": [
                            "https:\/\/www.file-upload.org\/jfd5vklvjygt"
                        ],
                        "alternativni_1": [],
                        "alternativni_2": []
                    }
                },
                {
                    "episode_number": 5,
                    "title": "Epizoda 5",
                    "link_groups": {
                        "glavni": [
                            "https:\/\/www.file-upload.org\/abxnsrh6sppo"
                        ],
                        "alternativni_1": [],
                        "alternativni_2": []
                    }
                },
                {
                    "episode_number": 6,
                    "title": "Epizoda 6",
                    "link_groups": {
                        "glavni": [
                            "https:\/\/www.file-upload.org\/blucjzc8vep0"
                        ],
                        "alternativni_1": [],
                        "alternativni_2": []
                    }
                },
                {
                    "episode_number": 7,
                    "title": "Epizoda 7",
                    "link_groups": {
                        "glavni": [
                            "https:\/\/www.file-upload.org\/rb5szhdm9vw2"
                        ],
                        "alternativni_1": [],
                        "alternativni_2": []
                    }
                },
                {
                    "episode_number": 8,
                    "title": "Epizoda 8",
                    "link_groups": {
                        "glavni": [
                            "https:\/\/www.file-upload.org\/p3hr6a9wfsbm"
                        ],
                        "alternativni_1": [],
                        "alternativni_2": []
                    }
                }
            ]
        }
    }
}