{
    "title": "Ljubav Ispod Zlatnog Bora",
    "plot": "Ovo je romantična komedija koja prati ljubavni četvorougao koji troši svoju trideset i neku, doba za koje se smatra da je prelaz iz mladosti u zrele godine, a sami gledaoci serije će se upoznati sa čarima života van grada, bajkovitim krajolicima Zlatibora, dok će sa druge strane uživati u humoru zlatiborskih gorštaka, koji će ne sebi svojstven način udahnuti duh zapadne Srbije i svih njenih lepota.\r\nBojana svog muža Marka, na dan njegovog rođendana, zatiče u krevetu sa drugom ženom. Povređena, ostavlja rođendanski poklon i tiho napušta stan. Očajna, bez ikakvog plana, seda u automobil i odlazi u nepoznatom pravcu. Inače, Marko Bojanu vara sa njenom najboljom prijateljicom Danicom.",
    "thumb": "https:\/\/m.media-amazon.com\/images\/M\/MV5BMzY5ODhiYzktNDYzOC00ODA1LTllZmEtMWZkYTEzNDdlY2RiXkEyXkFqcGc@._V1_.jpg",
    "type": "serije",
    "created_at": "2025-05-31 12:49:00",
    "year": 2020,
    "seasons": {
        "1": {
            "title": "Sezona 1",
            "episodes": [
                {
                    "episode_number": 1,
                    "title": "Epizoda 1",
                    "link_groups": {
                        "glavni": [
                            "https:\/\/www.file-upload.org\/ugmheb4eg3o0"
                        ],
                        "alternativni_1": [],
                        "alternativni_2": []
                    }
                },
                {
                    "episode_number": 2,
                    "title": "Epizoda 2",
                    "link_groups": {
                        "glavni": [
                            "https:\/\/www.file-upload.org\/4347ytlcgvud"
                        ],
                        "alternativni_1": [],
                        "alternativni_2": []
                    }
                },
                {
                    "episode_number": 3,
                    "title": "Epizoda 3",
                    "link_groups": {
                        "glavni": [
                            "https:\/\/www.file-upload.org\/g5190ohi8nwt"
                        ],
                        "alternativni_1": [],
                        "alternativni_2": []
                    }
                },
                {
                    "episode_number": 4,
                    "title": "Epizoda 4",
                    "link_groups": {
                        "glavni": [
                            "https:\/\/www.file-upload.org\/rnt3bcg3i6wi"
                        ],
                        "alternativni_1": [],
                        "alternativni_2": []
                    }
                },
                {
                    "episode_number": 5,
                    "title": "Epizoda 5",
                    "link_groups": {
                        "glavni": [
                            "https:\/\/www.file-upload.org\/w3mbilaoqqgb"
                        ],
                        "alternativni_1": [],
                        "alternativni_2": []
                    }
                },
                {
                    "episode_number": 6,
                    "title": "Epizoda 6",
                    "link_groups": {
                        "glavni": [
                            "https:\/\/www.file-upload.org\/gmh3pfsrxcj3"
                        ],
                        "alternativni_1": [],
                        "alternativni_2": []
                    }
                },
                {
                    "episode_number": 7,
                    "title": "Epizoda 7",
                    "link_groups": {
                        "glavni": [
                            "https:\/\/www.file-upload.org\/wf4856jeugns"
                        ],
                        "alternativni_1": [],
                        "alternativni_2": []
                    }
                },
                {
                    "episode_number": 8,
                    "title": "Epizoda 8",
                    "link_groups": {
                        "glavni": [
                            "https:\/\/www.file-upload.org\/t7fd8vx6jw4s"
                        ],
                        "alternativni_1": [],
                        "alternativni_2": []
                    }
                },
                {
                    "episode_number": 9,
                    "title": "Epizoda 9",
                    "link_groups": {
                        "glavni": [
                            "https:\/\/www.file-upload.org\/l8z5ouqijwww"
                        ],
                        "alternativni_1": [],
                        "alternativni_2": []
                    }
                },
                {
                    "episode_number": 10,
                    "title": "Epizoda 10",
                    "link_groups": {
                        "glavni": [
                            "https:\/\/www.file-upload.org\/r074v85mv71b"
                        ],
                        "alternativni_1": [],
                        "alternativni_2": []
                    }
                }
            ]
        }
    }
}