{
    "title": "Srecni Ljudi",
    "plot": "Glavni junaci u seriji su članovi porodice Golubović (otac, majka, njihov sin, sinovljeva žena i njihovo dvoje dece). U vreme sankcija i teškog života, ova porodica suočava se sa problemima u svakodnevnom životu. Svako je prinuđen da se snađe na svoj način.\r\n\r\nSeriju prati zamena glumica koje igraju dve glavne ženske uloge. Naime, Tanja Bošković i Dubravka Mijatović napustile su seriju nakon 25 epizoda, najverovatnije zbog malog honorara. Zamenile su ih Zlata Numanagić i Jugoslava Drašković. Uprkos ovome, serija je zadržala prvobitnu popularnost i uspešno je završeno snimanje svih 70 epizoda.",
    "thumb": "https:\/\/upload.wikimedia.org\/wikipedia\/sr\/3\/3e\/Sre%C4%87ni_ljudi.jpg",
    "type": "serije",
    "created_at": "2025-06-10 22:21:36",
    "year": 1993,
    "seasons": {
        "1": {
            "title": "Sezona 1",
            "episodes": [
                {
                    "episode_number": 1,
                    "title": "Epizoda 1",
                    "link_groups": {
                        "glavni": [
                            "https:\/\/www.file-upload.org\/6pwo0bj7uo82"
                        ],
                        "alternativni_1": [],
                        "alternativni_2": []
                    }
                },
                {
                    "episode_number": 2,
                    "title": "Epizoda 2",
                    "link_groups": {
                        "glavni": [
                            "https:\/\/www.file-upload.org\/b9aohievzcbx"
                        ],
                        "alternativni_1": [],
                        "alternativni_2": []
                    }
                },
                {
                    "episode_number": 3,
                    "title": "Epizoda 3",
                    "link_groups": {
                        "glavni": [
                            "https:\/\/www.file-upload.org\/gkr4ngu3005d"
                        ],
                        "alternativni_1": [],
                        "alternativni_2": []
                    }
                },
                {
                    "episode_number": 4,
                    "title": "Epizoda 4",
                    "link_groups": {
                        "glavni": [
                            "https:\/\/www.file-upload.org\/sfs7bv1fik24"
                        ],
                        "alternativni_1": [],
                        "alternativni_2": []
                    }
                },
                {
                    "episode_number": 5,
                    "title": "Epizoda 5",
                    "link_groups": {
                        "glavni": [
                            "https:\/\/www.file-upload.org\/o6goqao9yzip"
                        ],
                        "alternativni_1": [],
                        "alternativni_2": []
                    }
                },
                {
                    "episode_number": 6,
                    "title": "Epizoda 6",
                    "link_groups": {
                        "glavni": [
                            "https:\/\/www.file-upload.org\/txcomxh2bs42"
                        ],
                        "alternativni_1": [],
                        "alternativni_2": []
                    }
                },
                {
                    "episode_number": 7,
                    "title": "Epizoda 7",
                    "link_groups": {
                        "glavni": [
                            "https:\/\/www.file-upload.org\/mvblrvwox1t6"
                        ],
                        "alternativni_1": [],
                        "alternativni_2": []
                    }
                },
                {
                    "episode_number": 8,
                    "title": "Epizoda 8",
                    "link_groups": {
                        "glavni": [
                            "https:\/\/www.file-upload.org\/uwuv4bk8iq1g"
                        ],
                        "alternativni_1": [],
                        "alternativni_2": []
                    }
                },
                {
                    "episode_number": 9,
                    "title": "Epizoda 9",
                    "link_groups": {
                        "glavni": [
                            "https:\/\/www.file-upload.org\/qdejysh8surv"
                        ],
                        "alternativni_1": [],
                        "alternativni_2": []
                    }
                },
                {
                    "episode_number": 10,
                    "title": "Epizoda 10",
                    "link_groups": {
                        "glavni": [
                            "https:\/\/www.file-upload.org\/4rtmcw2qchvh"
                        ],
                        "alternativni_1": [],
                        "alternativni_2": []
                    }
                },
                {
                    "episode_number": 11,
                    "title": "Epizoda 11",
                    "link_groups": {
                        "glavni": [
                            "https:\/\/www.file-upload.org\/sdjzusioevjc"
                        ],
                        "alternativni_1": [],
                        "alternativni_2": []
                    }
                },
                {
                    "episode_number": 12,
                    "title": "Epizoda 12",
                    "link_groups": {
                        "glavni": [
                            "https:\/\/www.file-upload.org\/zuw2hno01y1k"
                        ],
                        "alternativni_1": [],
                        "alternativni_2": []
                    }
                },
                {
                    "episode_number": 13,
                    "title": "Epizoda 13",
                    "link_groups": {
                        "glavni": [
                            "https:\/\/www.file-upload.org\/zaputvags85u"
                        ],
                        "alternativni_1": [],
                        "alternativni_2": []
                    }
                },
                {
                    "episode_number": 14,
                    "title": "Epizoda 14",
                    "link_groups": {
                        "glavni": [
                            "https:\/\/www.file-upload.org\/hczxo842ylc0"
                        ],
                        "alternativni_1": [],
                        "alternativni_2": []
                    }
                },
                {
                    "episode_number": 15,
                    "title": "Epizoda 15",
                    "link_groups": {
                        "glavni": [
                            "https:\/\/www.file-upload.org\/uk99cgvbx0ed"
                        ],
                        "alternativni_1": [],
                        "alternativni_2": []
                    }
                },
                {
                    "episode_number": 16,
                    "title": "Epizoda 16",
                    "link_groups": {
                        "glavni": [
                            "https:\/\/www.file-upload.org\/f0wq56hwuf9n"
                        ],
                        "alternativni_1": [],
                        "alternativni_2": []
                    }
                },
                {
                    "episode_number": 17,
                    "title": "Epizoda 17",
                    "link_groups": {
                        "glavni": [
                            "https:\/\/www.file-upload.org\/4l9ij68o7mjs"
                        ],
                        "alternativni_1": [],
                        "alternativni_2": []
                    }
                },
                {
                    "episode_number": 18,
                    "title": "Epizoda 18",
                    "link_groups": {
                        "glavni": [
                            "https:\/\/www.file-upload.org\/yskgs1rf94th"
                        ],
                        "alternativni_1": [],
                        "alternativni_2": []
                    }
                },
                {
                    "episode_number": 19,
                    "title": "Epizoda 19",
                    "link_groups": {
                        "glavni": [
                            "https:\/\/www.file-upload.org\/3op5x6r7ngs3"
                        ],
                        "alternativni_1": [],
                        "alternativni_2": []
                    }
                },
                {
                    "episode_number": 20,
                    "title": "Epizoda 20",
                    "link_groups": {
                        "glavni": [
                            "https:\/\/www.file-upload.org\/gosyxwwbukzn"
                        ],
                        "alternativni_1": [],
                        "alternativni_2": []
                    }
                },
                {
                    "episode_number": 21,
                    "title": "Epizoda 21",
                    "link_groups": {
                        "glavni": [
                            "https:\/\/www.file-upload.org\/c56no6wdbr2r"
                        ],
                        "alternativni_1": [],
                        "alternativni_2": []
                    }
                },
                {
                    "episode_number": 22,
                    "title": "Epizoda 22",
                    "link_groups": {
                        "glavni": [
                            "https:\/\/www.file-upload.org\/qo9927pjf7iu"
                        ],
                        "alternativni_1": [],
                        "alternativni_2": []
                    }
                },
                {
                    "episode_number": 23,
                    "title": "Epizoda 23",
                    "link_groups": {
                        "glavni": [
                            "https:\/\/www.file-upload.org\/6ipjw12og4o3"
                        ],
                        "alternativni_1": [],
                        "alternativni_2": []
                    }
                },
                {
                    "episode_number": 24,
                    "title": "Epizoda 24",
                    "link_groups": {
                        "glavni": [
                            "https:\/\/www.file-upload.org\/v4j03ntmda48"
                        ],
                        "alternativni_1": [],
                        "alternativni_2": []
                    }
                },
                {
                    "episode_number": 25,
                    "title": "Epizoda 25",
                    "link_groups": {
                        "glavni": [
                            "https:\/\/www.file-upload.org\/pfnsa2dn9zda"
                        ],
                        "alternativni_1": [],
                        "alternativni_2": []
                    }
                },
                {
                    "episode_number": 26,
                    "title": "Epizoda 26",
                    "link_groups": {
                        "glavni": [
                            "https:\/\/www.file-upload.org\/ixkqcvjmjakd"
                        ],
                        "alternativni_1": [],
                        "alternativni_2": []
                    }
                },
                {
                    "episode_number": 27,
                    "title": "Epizoda 27",
                    "link_groups": {
                        "glavni": [
                            "https:\/\/www.file-upload.org\/9lu82da9os6s"
                        ],
                        "alternativni_1": [],
                        "alternativni_2": []
                    }
                },
                {
                    "episode_number": 28,
                    "title": "Epizoda 28",
                    "link_groups": {
                        "glavni": [
                            "https:\/\/www.file-upload.org\/mmwc65eruyaj"
                        ],
                        "alternativni_1": [],
                        "alternativni_2": []
                    }
                },
                {
                    "episode_number": 29,
                    "title": "Epizoda 29",
                    "link_groups": {
                        "glavni": [
                            "https:\/\/www.file-upload.org\/r5oiozjjhtqe"
                        ],
                        "alternativni_1": [],
                        "alternativni_2": []
                    }
                },
                {
                    "episode_number": 30,
                    "title": "Epizoda 30",
                    "link_groups": {
                        "glavni": [
                            "https:\/\/www.file-upload.org\/45atrky3b9cj"
                        ],
                        "alternativni_1": [],
                        "alternativni_2": []
                    }
                },
                {
                    "episode_number": 31,
                    "title": "Epizoda 31",
                    "link_groups": {
                        "glavni": [
                            "https:\/\/www.file-upload.org\/e4k7d86ae0pt"
                        ],
                        "alternativni_1": [],
                        "alternativni_2": []
                    }
                },
                {
                    "episode_number": 32,
                    "title": "Epizoda 32",
                    "link_groups": {
                        "glavni": [
                            "https:\/\/www.file-upload.org\/abmeayph2mvq"
                        ],
                        "alternativni_1": [],
                        "alternativni_2": []
                    }
                },
                {
                    "episode_number": 33,
                    "title": "Epizoda 33",
                    "link_groups": {
                        "glavni": [
                            "https:\/\/www.file-upload.org\/n8r1vim3dge3"
                        ],
                        "alternativni_1": [],
                        "alternativni_2": []
                    }
                },
                {
                    "episode_number": 34,
                    "title": "Epizoda 34",
                    "link_groups": {
                        "glavni": [
                            "https:\/\/www.file-upload.org\/qsfny8b4t2v3"
                        ],
                        "alternativni_1": [],
                        "alternativni_2": []
                    }
                },
                {
                    "episode_number": 35,
                    "title": "Epizoda 35",
                    "link_groups": {
                        "glavni": [
                            "https:\/\/www.file-upload.org\/93qnac6pncl8"
                        ],
                        "alternativni_1": [],
                        "alternativni_2": []
                    }
                },
                {
                    "episode_number": 36,
                    "title": "Epizoda 36",
                    "link_groups": {
                        "glavni": [
                            "https:\/\/www.file-upload.org\/oxl1jysclfrj"
                        ],
                        "alternativni_1": [],
                        "alternativni_2": []
                    }
                },
                {
                    "episode_number": 37,
                    "title": "Epizoda 37",
                    "link_groups": {
                        "glavni": [
                            "https:\/\/www.file-upload.org\/xpwno41rxutw"
                        ],
                        "alternativni_1": [],
                        "alternativni_2": []
                    }
                },
                {
                    "episode_number": 38,
                    "title": "Epizoda 38",
                    "link_groups": {
                        "glavni": [
                            "https:\/\/www.file-upload.org\/6o5p6aclr4r5"
                        ],
                        "alternativni_1": [],
                        "alternativni_2": []
                    }
                },
                {
                    "episode_number": 39,
                    "title": "Epizoda 39",
                    "link_groups": {
                        "glavni": [
                            "https:\/\/www.file-upload.org\/o0w0vtovpudk"
                        ],
                        "alternativni_1": [],
                        "alternativni_2": []
                    }
                },
                {
                    "episode_number": 40,
                    "title": "Epizoda 40",
                    "link_groups": {
                        "glavni": [
                            "https:\/\/www.file-upload.org\/a8aiqipqcnsr"
                        ],
                        "alternativni_1": [],
                        "alternativni_2": []
                    }
                },
                {
                    "episode_number": 41,
                    "title": "Epizoda 41",
                    "link_groups": {
                        "glavni": [
                            "https:\/\/www.file-upload.org\/mz55mz7q6by8"
                        ],
                        "alternativni_1": [],
                        "alternativni_2": []
                    }
                },
                {
                    "episode_number": 42,
                    "title": "Epizoda 42",
                    "link_groups": {
                        "glavni": [
                            "https:\/\/www.file-upload.org\/mptyxqicz364"
                        ],
                        "alternativni_1": [],
                        "alternativni_2": []
                    }
                },
                {
                    "episode_number": 43,
                    "title": "Epizoda 43",
                    "link_groups": {
                        "glavni": [
                            "https:\/\/www.file-upload.org\/4kc2phoqszwy"
                        ],
                        "alternativni_1": [],
                        "alternativni_2": []
                    }
                },
                {
                    "episode_number": 44,
                    "title": "Epizoda 44",
                    "link_groups": {
                        "glavni": [
                            "https:\/\/www.file-upload.org\/s6hr0c4t99xk"
                        ],
                        "alternativni_1": [],
                        "alternativni_2": []
                    }
                },
                {
                    "episode_number": 45,
                    "title": "Epizoda 45",
                    "link_groups": {
                        "glavni": [
                            "https:\/\/www.file-upload.org\/e8zmelanzble"
                        ],
                        "alternativni_1": [],
                        "alternativni_2": []
                    }
                },
                {
                    "episode_number": 46,
                    "title": "Epizoda 46",
                    "link_groups": {
                        "glavni": [
                            "https:\/\/www.file-upload.org\/62nhbuhtbx4l"
                        ],
                        "alternativni_1": [],
                        "alternativni_2": []
                    }
                },
                {
                    "episode_number": 47,
                    "title": "Epizoda 47",
                    "link_groups": {
                        "glavni": [
                            "https:\/\/www.file-upload.org\/c8xh53xx76dd"
                        ],
                        "alternativni_1": [],
                        "alternativni_2": []
                    }
                },
                {
                    "episode_number": 48,
                    "title": "Epizoda 48",
                    "link_groups": {
                        "glavni": [
                            "https:\/\/www.file-upload.org\/yrrujtgdjh4f"
                        ],
                        "alternativni_1": [],
                        "alternativni_2": []
                    }
                },
                {
                    "episode_number": 49,
                    "title": "Epizoda 49",
                    "link_groups": {
                        "glavni": [
                            "https:\/\/www.file-upload.org\/7m2th907k45v"
                        ],
                        "alternativni_1": [],
                        "alternativni_2": []
                    }
                },
                {
                    "episode_number": 50,
                    "title": "Epizoda 50",
                    "link_groups": {
                        "glavni": [
                            "https:\/\/www.file-upload.org\/jd10zl00i0lf"
                        ],
                        "alternativni_1": [],
                        "alternativni_2": []
                    }
                },
                {
                    "episode_number": 51,
                    "title": "Epizoda 51",
                    "link_groups": {
                        "glavni": [
                            "https:\/\/www.file-upload.org\/e6nx5xnbyhz2"
                        ],
                        "alternativni_1": [],
                        "alternativni_2": []
                    }
                },
                {
                    "episode_number": 52,
                    "title": "Epizoda 52",
                    "link_groups": {
                        "glavni": [
                            "https:\/\/www.file-upload.org\/twwcgu3d4l0d"
                        ],
                        "alternativni_1": [],
                        "alternativni_2": []
                    }
                },
                {
                    "episode_number": 53,
                    "title": "Epizoda 53",
                    "link_groups": {
                        "glavni": [
                            "https:\/\/www.file-upload.org\/g8v0icky3v4n"
                        ],
                        "alternativni_1": [],
                        "alternativni_2": []
                    }
                },
                {
                    "episode_number": 54,
                    "title": "Epizoda 54",
                    "link_groups": {
                        "glavni": [
                            "https:\/\/www.file-upload.org\/3gutlbs2z961"
                        ],
                        "alternativni_1": [],
                        "alternativni_2": []
                    }
                },
                {
                    "episode_number": 55,
                    "title": "Epizoda 55",
                    "link_groups": {
                        "glavni": [
                            "https:\/\/www.file-upload.org\/ki0spyvqpxt6"
                        ],
                        "alternativni_1": [],
                        "alternativni_2": []
                    }
                },
                {
                    "episode_number": 56,
                    "title": "Epizoda 56",
                    "link_groups": {
                        "glavni": [
                            "https:\/\/www.file-upload.org\/axg6wsu2pz0z"
                        ],
                        "alternativni_1": [],
                        "alternativni_2": []
                    }
                },
                {
                    "episode_number": 57,
                    "title": "Epizoda 57",
                    "link_groups": {
                        "glavni": [
                            "https:\/\/www.file-upload.org\/evwjufvozo6p"
                        ],
                        "alternativni_1": [],
                        "alternativni_2": []
                    }
                },
                {
                    "episode_number": 58,
                    "title": "Epizoda 58",
                    "link_groups": {
                        "glavni": [
                            "https:\/\/www.file-upload.org\/zhcxhoq9a5yz"
                        ],
                        "alternativni_1": [],
                        "alternativni_2": []
                    }
                },
                {
                    "episode_number": 59,
                    "title": "Epizoda 59",
                    "link_groups": {
                        "glavni": [
                            "https:\/\/www.file-upload.org\/jc45atw0m914"
                        ],
                        "alternativni_1": [],
                        "alternativni_2": []
                    }
                },
                {
                    "episode_number": 60,
                    "title": "Epizoda 60",
                    "link_groups": {
                        "glavni": [
                            "https:\/\/www.file-upload.org\/5jryt0fuxnrk"
                        ],
                        "alternativni_1": [],
                        "alternativni_2": []
                    }
                },
                {
                    "episode_number": 61,
                    "title": "Epizoda 61",
                    "link_groups": {
                        "glavni": [
                            "https:\/\/www.file-upload.org\/4ekupi88ys1c"
                        ],
                        "alternativni_1": [],
                        "alternativni_2": []
                    }
                },
                {
                    "episode_number": 62,
                    "title": "Epizoda 62",
                    "link_groups": {
                        "glavni": [
                            "https:\/\/www.file-upload.org\/jxa932u0328f"
                        ],
                        "alternativni_1": [],
                        "alternativni_2": []
                    }
                },
                {
                    "episode_number": 63,
                    "title": "Epizoda 63",
                    "link_groups": {
                        "glavni": [
                            "https:\/\/www.file-upload.org\/glzc3pgh64ta"
                        ],
                        "alternativni_1": [],
                        "alternativni_2": []
                    }
                },
                {
                    "episode_number": 64,
                    "title": "Epizoda 64",
                    "link_groups": {
                        "glavni": [
                            "https:\/\/www.file-upload.org\/gum93kiu5cen"
                        ],
                        "alternativni_1": [],
                        "alternativni_2": []
                    }
                },
                {
                    "episode_number": 65,
                    "title": "Epizoda 65",
                    "link_groups": {
                        "glavni": [
                            "https:\/\/www.file-upload.org\/0yda9ywwyoak"
                        ],
                        "alternativni_1": [],
                        "alternativni_2": []
                    }
                },
                {
                    "episode_number": 66,
                    "title": "Epizoda 66",
                    "link_groups": {
                        "glavni": [
                            "https:\/\/www.file-upload.org\/x883cgm6j322"
                        ],
                        "alternativni_1": [],
                        "alternativni_2": []
                    }
                },
                {
                    "episode_number": 67,
                    "title": "Epizoda 67",
                    "link_groups": {
                        "glavni": [
                            "https:\/\/www.file-upload.org\/pt4b0qjxg6hh"
                        ],
                        "alternativni_1": [],
                        "alternativni_2": []
                    }
                },
                {
                    "episode_number": 68,
                    "title": "Epizoda 68",
                    "link_groups": {
                        "glavni": [
                            "https:\/\/www.file-upload.org\/yywkfl9pca2u"
                        ],
                        "alternativni_1": [],
                        "alternativni_2": []
                    }
                },
                {
                    "episode_number": 69,
                    "title": "Epizoda 69",
                    "link_groups": {
                        "glavni": [
                            "https:\/\/www.file-upload.org\/uoci892ffugf"
                        ],
                        "alternativni_1": [],
                        "alternativni_2": []
                    }
                },
                {
                    "episode_number": 70,
                    "title": "Epizoda 70",
                    "link_groups": {
                        "glavni": [
                            "https:\/\/www.file-upload.org\/bfbuohrhbp28"
                        ],
                        "alternativni_1": [],
                        "alternativni_2": []
                    }
                }
            ]
        }
    }
}