{
    "title": "Granica",
    "plot": "Granica je jugoslovenski igrani film snimljen 1990. godine u režiji Zorana Maširevića. Scenario su pisali Ferenc Deak i saradnici Živojin Pavlović i Zoran Maširević, a radnja se odvija u Vojvodini, odnosno na području tadašnje jugoslovensko-mađarske granice neposredno posle Drugog svetskog rata. Protagonisti su članovi dve porodice - Mađara koje novi komunistički režim sumnjiči za saradnju sa fašističkim okupatorom i bosanskih Srba, bivših partizana koje je taj isti režim nedavno doselio.",
    "thumb": "https:\/\/cinesseum.com\/img\/auto\/auto\/movie\/granica\/granica-poster.jpg",
    "type": "serije",
    "created_at": "2025-06-12 12:13:37",
    "year": 1990,
    "seasons": {
        "1": {
            "title": "Sezona 1",
            "episodes": [
                {
                    "episode_number": 1,
                    "title": "Epizoda 1",
                    "link_groups": {
                        "glavni": [
                            "https:\/\/www.file-upload.org\/4q7rfuoyolpr"
                        ],
                        "alternativni_1": [],
                        "alternativni_2": []
                    }
                },
                {
                    "episode_number": 2,
                    "title": "Epizoda 2",
                    "link_groups": {
                        "glavni": [
                            "https:\/\/www.file-upload.org\/nyrjzcgbr1nx"
                        ],
                        "alternativni_1": [],
                        "alternativni_2": []
                    }
                }
            ]
        }
    }
}