{
    "title": "Partizanska Eskadrila",
    "plot": "U proleće 1942. godine, je nemačko vazduhoplovstvo imalo potpunu prevlast, ne samo na nebu Jugoslavije, nego i skoro nad celom Evropom. Partizani su u to vreme imali avione koje su kao i ostalo oružje otimali od neprijatelja. Ovo je film o stvaranju partizanske avijacije i njenim prvim borbama.\r\n\r\nPriča o stvarnim događajima i ljudima koji su činili ono što je izgledalo nemoguće: stvarali jugoslavensko ratno vazduhoplovstvo u doba apsolutne nemačke prevlasti u vazduhu i najveće moći nemačkog Trećeg rajha. Za vreme treće neprijateljske ofanzive, 1942. godine, na avionima različitog tipa koji su oteti od Nemaca, ovi ljudi poveli su neravnopravnu vazdušnu borbu, zadajući neprijatelju udarce tamo gdje je mislio da je neranjiv, time dajući doprinos ukupnoj pobedi.",
    "thumb": "https:\/\/upload.wikimedia.org\/wikipedia\/sr\/0\/02\/Partizanska_eskadrila.jpg",
    "type": "serije",
    "created_at": "2025-06-07 23:02:31",
    "year": 1979,
    "seasons": {
        "1": {
            "title": "Sezona 1",
            "episodes": [
                {
                    "episode_number": 1,
                    "title": "Epizoda 1",
                    "link_groups": {
                        "glavni": [
                            "https:\/\/www.file-upload.org\/ka5ti3eq7xcv"
                        ],
                        "alternativni_1": [],
                        "alternativni_2": []
                    }
                },
                {
                    "episode_number": 2,
                    "title": "Epizoda 2",
                    "link_groups": {
                        "glavni": [
                            "https:\/\/www.file-upload.org\/gvsesc1w0k2f"
                        ],
                        "alternativni_1": [],
                        "alternativni_2": []
                    }
                },
                {
                    "episode_number": 3,
                    "title": "Epizoda 3",
                    "link_groups": {
                        "glavni": [
                            "https:\/\/www.file-upload.org\/1hzkx01yvjse"
                        ],
                        "alternativni_1": [],
                        "alternativni_2": []
                    }
                },
                {
                    "episode_number": 4,
                    "title": "Epizoda 4",
                    "link_groups": {
                        "glavni": [
                            "https:\/\/www.file-upload.org\/bivguv4ek8tg"
                        ],
                        "alternativni_1": [],
                        "alternativni_2": []
                    }
                },
                {
                    "episode_number": 5,
                    "title": "Epizoda 5",
                    "link_groups": {
                        "glavni": [
                            "https:\/\/www.file-upload.org\/zksqjy1mzaok"
                        ],
                        "alternativni_1": [],
                        "alternativni_2": []
                    }
                }
            ]
        }
    }
}