{
    "title": "Crna Svadba",
    "plot": "Specifičan naziv Crna svadba dolazi od starog vlaškog obreda u kojem prilikom smrti mladog muškarca koji je godištem stasao za ženidbu, on biva sahranjen u svadbenom odelu, a ispraća ga verenica ili neka druga devojka odevena u venčanicu. Ovom pričom otključavamo misteriju gde se prepliću vlaška magija i tajanstveni centri moći, u borbi dobra i zla koja traje vekovima.",
    "thumb": "https:\/\/i.ytimg.com\/vi\/93xCnJtmhlM\/maxresdefault.jpg",
    "type": "serije",
    "created_at": "2025-05-28 23:39:31",
    "year": 2021,
    "seasons": {
        "1": {
            "title": "Sezona 1",
            "episodes": [
                {
                    "episode_number": 1,
                    "title": "Epizoda 1",
                    "link_groups": {
                        "glavni": [
                            "https:\/\/www.file-upload.org\/9m5e09u55mc8"
                        ],
                        "alternativni_1": [],
                        "alternativni_2": []
                    }
                },
                {
                    "episode_number": 2,
                    "title": "Epizoda 2",
                    "link_groups": {
                        "glavni": [
                            "https:\/\/www.file-upload.org\/uog2fonsv188"
                        ],
                        "alternativni_1": [],
                        "alternativni_2": []
                    }
                },
                {
                    "episode_number": 3,
                    "title": "Epizoda 3",
                    "link_groups": {
                        "glavni": [
                            "https:\/\/www.file-upload.org\/anos2xv1efgv"
                        ],
                        "alternativni_1": [],
                        "alternativni_2": []
                    }
                },
                {
                    "episode_number": 4,
                    "title": "Epizoda 4",
                    "link_groups": {
                        "glavni": [
                            "https:\/\/www.file-upload.org\/iw66zkfrvmp2"
                        ],
                        "alternativni_1": [],
                        "alternativni_2": []
                    }
                },
                {
                    "episode_number": 5,
                    "title": "Epizoda 5",
                    "link_groups": {
                        "glavni": [
                            "https:\/\/www.file-upload.org\/auev5dc2emtc"
                        ],
                        "alternativni_1": [],
                        "alternativni_2": []
                    }
                },
                {
                    "episode_number": 6,
                    "title": "Epizoda 6",
                    "link_groups": {
                        "glavni": [
                            "https:\/\/www.file-upload.org\/79otpz5enysy"
                        ],
                        "alternativni_1": [],
                        "alternativni_2": []
                    }
                },
                {
                    "episode_number": 7,
                    "title": "Epizoda 7",
                    "link_groups": {
                        "glavni": [
                            "https:\/\/www.file-upload.org\/au1o98q8q5qm"
                        ],
                        "alternativni_1": [],
                        "alternativni_2": []
                    }
                },
                {
                    "episode_number": 8,
                    "title": "Epizoda 8",
                    "link_groups": {
                        "glavni": [
                            "https:\/\/www.file-upload.org\/l4w291k4fsb2"
                        ],
                        "alternativni_1": [],
                        "alternativni_2": []
                    }
                },
                {
                    "episode_number": 9,
                    "title": "Epizoda 9",
                    "link_groups": {
                        "glavni": [
                            "https:\/\/www.file-upload.org\/ujifr5nq3072"
                        ],
                        "alternativni_1": [],
                        "alternativni_2": []
                    }
                },
                {
                    "episode_number": 10,
                    "title": "Epizoda 10",
                    "link_groups": {
                        "glavni": [
                            "https:\/\/www.file-upload.org\/f4oesgb9wghp"
                        ],
                        "alternativni_1": [],
                        "alternativni_2": []
                    }
                }
            ]
        }
    }
}