{
    "title": "Kotlovina",
    "plot": "Dramska serija od tri nastavka prema hrvatskom filmu \"Kotlovina\" Tomislava Radića.\r\nČetrdesetogodišnja udovica iz Australije dolazi u Hrvatsku, domovinu koju je napustila kad je imala tri godine, želeći ponovno vidjeti svoje dvije starije sestre i upoznati brojnu obitelj. Stupa u ljubavnu vezu s dvadeset godina mlađim posinkom vlastite sestre. Koliko god se trudili, njih dvoje ne mogu skrivati svoju tajnu vezu zauvijek...\r\nFilm \"Kotlovina\" osvojio je brojne nagrade na festivalima, među ostalim Veliku zlatnu arenu za najbolji film.",
    "thumb": "https:\/\/m.media-amazon.com\/images\/M\/MV5BZGIwMzFiOGQtYjY1NS00YjU1LTkwZjUtNTI5MDljOWQ3YWU4XkEyXkFqcGc@._V1_.jpg",
    "type": "serije",
    "created_at": "2025-05-30 18:28:00",
    "year": 2011,
    "seasons": {
        "1": {
            "title": "Sezona 1",
            "episodes": [
                {
                    "episode_number": 1,
                    "title": "Epizoda 1",
                    "link_groups": {
                        "glavni": [
                            "https:\/\/www.file-upload.org\/ux7prsao366f"
                        ],
                        "alternativni_1": [],
                        "alternativni_2": []
                    }
                },
                {
                    "episode_number": 2,
                    "title": "Epizoda 2",
                    "link_groups": {
                        "glavni": [
                            "https:\/\/www.file-upload.org\/slb7wptycw6r"
                        ],
                        "alternativni_1": [],
                        "alternativni_2": []
                    }
                },
                {
                    "episode_number": 3,
                    "title": "Epizoda 3",
                    "link_groups": {
                        "glavni": [
                            "https:\/\/www.file-upload.org\/xaomovuwt572"
                        ],
                        "alternativni_1": [],
                        "alternativni_2": []
                    }
                }
            ]
        }
    }
}