{
    "title": "Vecernja Zvona",
    "plot": "Radnja priče se događa u Zagrebu i u malom hercegovačkom mestu. U njenom je središtu Tomislav K, kojem su to najvažnije godine života. Između 1928. i 1948. se dešavaju goleme društvene promene, pojavljuju nacizam i komunizam, izbija 2. svetski rat. Na kraju tog razdoblja, država raskida sa Istočnim blokom. Svaki od tih događaja ostavlja posledice na privatni život Tomislava K.",
    "thumb": "https:\/\/m.media-amazon.com\/images\/M\/MV5BZjMxOWYxM2EtYjhiMi00NzczLWIzNTgtNTQ1ZjNhYzI1OTlhXkEyXkFqcGc@._V1_FMjpg_UX1000_.jpg",
    "type": "serije",
    "created_at": "2025-06-12 14:03:12",
    "year": 1986,
    "seasons": {
        "1": {
            "title": "Sezona 1",
            "episodes": [
                {
                    "episode_number": 1,
                    "title": "Epizoda 1",
                    "link_groups": {
                        "glavni": [
                            "https:\/\/www.file-upload.org\/cbpg6bv0w1ku"
                        ],
                        "alternativni_1": [],
                        "alternativni_2": []
                    }
                },
                {
                    "episode_number": 2,
                    "title": "Epizoda 2",
                    "link_groups": {
                        "glavni": [
                            "https:\/\/www.file-upload.org\/879m26zq67p5"
                        ],
                        "alternativni_1": [],
                        "alternativni_2": []
                    }
                },
                {
                    "episode_number": 3,
                    "title": "Epizoda 3",
                    "link_groups": {
                        "glavni": [
                            "https:\/\/www.file-upload.org\/gcea5lwq5x9o"
                        ],
                        "alternativni_1": [],
                        "alternativni_2": []
                    }
                },
                {
                    "episode_number": 4,
                    "title": "Epizoda 4",
                    "link_groups": {
                        "glavni": [
                            "https:\/\/www.file-upload.org\/i8ufk6yxyywd"
                        ],
                        "alternativni_1": [],
                        "alternativni_2": []
                    }
                }
            ]
        }
    }
}