{
    "title": "Jastuk Groba Mog",
    "plot": "Trst, 1807. godine. Iako već u poznim godinama, Dositeja Obradovića iz duhovne i stvaralačke ravnoteže potpuno izbacuju ustreptale emocije jedne mlade žene. Budući da ne može da se odupre sopstvenom ljubavnom žaru, Dositej će prihvatiti poziv vođe ustanka za oslobođenje od Turaka i naglo otputovati za Srbiju.",
    "thumb": "https:\/\/m.media-amazon.com\/images\/M\/MV5BNTg3ZDRjOGQtYWZjNC00Y2NkLThiOTItOWUxZDNkZjBjM2EwXkEyXkFqcGc@._V1_.jpg",
    "type": "serije",
    "created_at": "2025-05-30 12:29:49",
    "year": 1990,
    "seasons": {
        "1": {
            "title": "Sezona 1",
            "episodes": [
                {
                    "episode_number": 1,
                    "title": "Epizoda 1",
                    "link_groups": {
                        "glavni": [
                            "https:\/\/www.file-upload.org\/yip8omf3ximp"
                        ],
                        "alternativni_1": [],
                        "alternativni_2": []
                    }
                },
                {
                    "episode_number": 2,
                    "title": "Epizoda 2",
                    "link_groups": {
                        "glavni": [
                            "https:\/\/www.file-upload.org\/ot5i2qmopj4r"
                        ],
                        "alternativni_1": [],
                        "alternativni_2": []
                    }
                }
            ]
        }
    }
}