{
    "title": "I To Se Zove Sreca",
    "plot": "I to se zove sreća je jugoslovenska televizijska serija, snimljena u produkciji Televizije Beograd. Autori serije bili su scenarista Vlastimir Radovanović, i režiser Dejan Ćorković. Serija ima 4 epizode i snimana je tokom 1987. godine.",
    "thumb": "https:\/\/upload.wikimedia.org\/wikipedia\/sr\/4\/43\/%D0%98_%D1%82%D0%BE_%D1%81%D0%B5_%D0%B7%D0%BE%D0%B2%D0%B5_%D1%81%D1%80%D0%B5%D1%9B%D0%B0.png",
    "type": "serije",
    "created_at": "2025-05-30 12:04:07",
    "year": 1987,
    "seasons": {
        "1": {
            "title": "Sezona 1",
            "episodes": [
                {
                    "episode_number": 1,
                    "title": "Epizoda 1",
                    "link_groups": {
                        "glavni": [
                            "https:\/\/www.file-upload.org\/oh0p14avlgoe"
                        ],
                        "alternativni_1": [],
                        "alternativni_2": []
                    }
                },
                {
                    "episode_number": 2,
                    "title": "Epizoda 2",
                    "link_groups": {
                        "glavni": [
                            "https:\/\/www.file-upload.org\/f1qyu1egqqfr"
                        ],
                        "alternativni_1": [],
                        "alternativni_2": []
                    }
                },
                {
                    "episode_number": 3,
                    "title": "Epizoda 3",
                    "link_groups": {
                        "glavni": [
                            "https:\/\/www.file-upload.org\/jp5efl3vn04p"
                        ],
                        "alternativni_1": [],
                        "alternativni_2": []
                    }
                },
                {
                    "episode_number": 4,
                    "title": "Epizoda 4",
                    "link_groups": {
                        "glavni": [
                            "https:\/\/www.file-upload.org\/ytp44a3yu5sf"
                        ],
                        "alternativni_1": [],
                        "alternativni_2": []
                    }
                }
            ]
        }
    }
}