{
    "title": "Svetozar Markovic",
    "plot": "Svetozar Marković je utemeljivač naučne socijalističke misli u Srbiji. Njegov uticaj na zbivanja u javnom, društvenom, privrednom životu Srbije 60-ih i 70-ih godina 19. veka u vreme dinastije Obrenović bio je ogroman. Svetozar Marković je na mnoge izazove parlamentarizma i tek stasale demokratije u Srbiji imao svoj odgovor. Počev od uloge shvatanja pisca i književnosti u društvu do pitanja klasnog i narodnog oslobođenja naroda na osnovama saveznosti i samouprave. Ipak, njegove socijalističke zamisli naićiće na žestok otpor dinastije i njenih trabanata.",
    "thumb": "https:\/\/m.media-amazon.com\/images\/M\/MV5BOWFkZGE5NjktM2U3ZC00NjFhLWJlOTUtNDQ2YmI3YjQ5NWFjXkEyXkFqcGc@._V1_.jpg",
    "type": "serije",
    "created_at": "2025-06-11 00:43:16",
    "year": 1980,
    "seasons": {
        "1": {
            "title": "Sezona 1",
            "episodes": [
                {
                    "episode_number": 1,
                    "title": "Epizoda 1",
                    "link_groups": {
                        "glavni": [
                            "https:\/\/www.file-upload.org\/sqmssyo98mjf"
                        ],
                        "alternativni_1": [],
                        "alternativni_2": []
                    }
                },
                {
                    "episode_number": 2,
                    "title": "Epizoda 2",
                    "link_groups": {
                        "glavni": [
                            "https:\/\/www.file-upload.org\/qwlrh4vnbipb"
                        ],
                        "alternativni_1": [],
                        "alternativni_2": []
                    }
                },
                {
                    "episode_number": 3,
                    "title": "Epizoda 3",
                    "link_groups": {
                        "glavni": [
                            "https:\/\/www.file-upload.org\/nip8nr2jfrn2"
                        ],
                        "alternativni_1": [],
                        "alternativni_2": []
                    }
                },
                {
                    "episode_number": 4,
                    "title": "Epizoda 4",
                    "link_groups": {
                        "glavni": [
                            "https:\/\/www.file-upload.org\/89ap6ugpr8j1"
                        ],
                        "alternativni_1": [],
                        "alternativni_2": []
                    }
                },
                {
                    "episode_number": 5,
                    "title": "Epizoda 5",
                    "link_groups": {
                        "glavni": [
                            "https:\/\/www.file-upload.org\/igwnyq76mpmv"
                        ],
                        "alternativni_1": [],
                        "alternativni_2": []
                    }
                },
                {
                    "episode_number": 6,
                    "title": "Epizoda 6",
                    "link_groups": {
                        "glavni": [
                            "https:\/\/www.file-upload.org\/pmbuyvc4vh84"
                        ],
                        "alternativni_1": [],
                        "alternativni_2": []
                    }
                },
                {
                    "episode_number": 7,
                    "title": "Epizoda 7",
                    "link_groups": {
                        "glavni": [
                            "https:\/\/www.file-upload.org\/mkfepr3o50xu"
                        ],
                        "alternativni_1": [],
                        "alternativni_2": []
                    }
                }
            ]
        }
    }
}