{
    "title": "Anno Dimini",
    "plot": "„Ano domini 1573” je jugoslovenska televizijska serija snimljena 1979. godine u produkciji TV Zagreb.",
    "thumb": "https:\/\/m.media-amazon.com\/images\/M\/MV5BNjcwNDFmMjYtMjAwMS00NzhhLThlODgtODM4N2QzMzBjYWRjXkEyXkFqcGc@._V1_FMjpg_UX1000_.jpg",
    "type": "serije",
    "created_at": "2025-05-27 12:45:38",
    "year": 1979,
    "seasons": {
        "1": {
            "title": "Sezona 1",
            "episodes": [
                {
                    "episode_number": 1,
                    "title": "Epizoda 1",
                    "link_groups": {
                        "glavni": [
                            "https:\/\/www.file-upload.org\/dpwqseagif2q"
                        ],
                        "alternativni_1": [],
                        "alternativni_2": []
                    }
                },
                {
                    "episode_number": 2,
                    "title": "Epizoda 2",
                    "link_groups": {
                        "glavni": [
                            "https:\/\/www.file-upload.org\/u34gw7t3yzm6"
                        ],
                        "alternativni_1": [],
                        "alternativni_2": []
                    }
                },
                {
                    "episode_number": 3,
                    "title": "Epizoda 3",
                    "link_groups": {
                        "glavni": [
                            "https:\/\/www.file-upload.org\/zc2tvg6h71y3"
                        ],
                        "alternativni_1": [],
                        "alternativni_2": []
                    }
                },
                {
                    "episode_number": 4,
                    "title": "Epizoda 4",
                    "link_groups": {
                        "glavni": [
                            "https:\/\/www.file-upload.org\/40y2guvpwh22"
                        ],
                        "alternativni_1": [],
                        "alternativni_2": []
                    }
                }
            ]
        }
    },
    "last_updated": "2025-05-27 12:45:48"
}