{
    "title": "Na Lepom Plavom Dunavu",
    "plot": "Kurve, malograđani, Istok, liberali, pravoslavci, Zapad, žene, umetnici, pervertiti, muškarci, katolici, bogati, očajni u još jednom konačnom obračunu \"Na lepom plavom Dunavu\". Preplitanje priča koje počinju u sumrak, isplovljavanjem broda, a kulminiraju u svitanje, stvara sliku Vavilonske kule na vodi. Iako naizgled žestoko sukobljeni, ljudi Istoka i Zapada dele istovetne malograđanske snove i potrošačku utopiju. Uz melodiju himne \"Na lepom plavom Dunavu\" dešavaju se mala herojstva, velike žrtve i besmislene izdaje; u kovitlacu iluzije slobode čine jedino moguće – zadovoljavaju glad, žeđ i pohotu. U postherojskoj, postestetskoj, postduhovnoj fazi preživeo je samo jedan san: potreba za ljubavlju",
    "thumb": "https:\/\/m.media-amazon.com\/images\/M\/MV5BMDhjYWRhMDMtOTM5Yi00MGQ2LWE2NTAtMjNkN2ZiMGU2ZThmXkEyXkFqcGc@._V1_FMjpg_UX1000_.jpg",
    "type": "serije",
    "created_at": "2025-06-04 23:34:08",
    "year": 2009,
    "seasons": {
        "1": {
            "title": "Sezona 1",
            "episodes": [
                {
                    "episode_number": 1,
                    "title": "Epizoda 1",
                    "link_groups": {
                        "glavni": [
                            "https:\/\/www.file-upload.org\/nwowonoqlx6b"
                        ],
                        "alternativni_1": [],
                        "alternativni_2": []
                    }
                },
                {
                    "episode_number": 2,
                    "title": "Epizoda 2",
                    "link_groups": {
                        "glavni": [
                            "https:\/\/www.file-upload.org\/1ak507i4aau3"
                        ],
                        "alternativni_1": [],
                        "alternativni_2": []
                    }
                },
                {
                    "episode_number": 3,
                    "title": "Epizoda 3",
                    "link_groups": {
                        "glavni": [
                            "https:\/\/www.file-upload.org\/2d6jw87f0o5z"
                        ],
                        "alternativni_1": [],
                        "alternativni_2": []
                    }
                },
                {
                    "episode_number": 4,
                    "title": "Epizoda 4",
                    "link_groups": {
                        "glavni": [
                            "https:\/\/www.file-upload.org\/6uqb3mgh0eqg"
                        ],
                        "alternativni_1": [],
                        "alternativni_2": []
                    }
                },
                {
                    "episode_number": 5,
                    "title": "Epizoda 5",
                    "link_groups": {
                        "glavni": [
                            "https:\/\/www.file-upload.org\/ojfbbj4nlh4j"
                        ],
                        "alternativni_1": [],
                        "alternativni_2": []
                    }
                },
                {
                    "episode_number": 6,
                    "title": "Epizoda 6",
                    "link_groups": {
                        "glavni": [
                            "https:\/\/www.file-upload.org\/v0rfmeel5c70"
                        ],
                        "alternativni_1": [],
                        "alternativni_2": []
                    }
                }
            ]
        }
    }
}