{
    "title": "Nasa Snajka",
    "plot": "Mini-serija „Naša Snajka\" prikazuje život Martine, mlade žene rođene u belom svetu, udate za Dakija, pariškog gastarbajtera.\r\nU dvanaest kratkih epizoda, otkrivamo kako se Martina suočava sa izazovima i radostima interkulturalnog braka i posebnostima balkanskog mentaliteta. Zabavni i ponekad apsurdni skečevi pokazuju Martinu u različitim svakodnevnim situacijama, od obavljanja kućnih poslova do pripreme tradicionalne slave ili provođenja godišnjeg odmora u Šumadijskom selu.\r\nLjuta ko paprika i slatka ko med, Naša Snajka je saosećajan i privržen lik koga tumači Martina Španjolka, rođena u Kanadi sa španskim korenima. Sopstveni život i ljubavna priča inspirisali su je da napiše scenario, koji je oživeo kada joj je otac José predložio da snima i producira seriju, pretvarajućiovu avanturu u prelep porodični projekat. Serija je snimana u Francuskoj, Španiji, Belgiji i Srbiji. Ovo je Martinino prvo glumačko iskustvo i prvo kinematografsko iskustvo za José-a.",
    "thumb": "",
    "type": "serije",
    "created_at": "2025-06-06 01:58:29",
    "year": 2013,
    "seasons": {
        "1": {
            "title": "Sezona 1",
            "episodes": [
                {
                    "episode_number": 1,
                    "title": "Epizoda 1",
                    "link_groups": {
                        "glavni": [
                            "https:\/\/www.file-upload.org\/qnibyn175p3i"
                        ],
                        "alternativni_1": [],
                        "alternativni_2": []
                    }
                },
                {
                    "episode_number": 2,
                    "title": "Epizoda 2",
                    "link_groups": {
                        "glavni": [
                            "https:\/\/www.file-upload.org\/ruz74gwrxdhi"
                        ],
                        "alternativni_1": [],
                        "alternativni_2": []
                    }
                },
                {
                    "episode_number": 3,
                    "title": "Epizoda 3",
                    "link_groups": {
                        "glavni": [
                            "https:\/\/www.file-upload.org\/9dbp8eihybnt"
                        ],
                        "alternativni_1": [],
                        "alternativni_2": []
                    }
                },
                {
                    "episode_number": 4,
                    "title": "Epizoda 4",
                    "link_groups": {
                        "glavni": [
                            "https:\/\/www.file-upload.org\/q45m658s8t8f"
                        ],
                        "alternativni_1": [],
                        "alternativni_2": []
                    }
                },
                {
                    "episode_number": 5,
                    "title": "Epizoda 5",
                    "link_groups": {
                        "glavni": [
                            "https:\/\/www.file-upload.org\/7q03vrn0gel2"
                        ],
                        "alternativni_1": [],
                        "alternativni_2": []
                    }
                },
                {
                    "episode_number": 6,
                    "title": "Epizoda 6",
                    "link_groups": {
                        "glavni": [
                            "https:\/\/www.file-upload.org\/8yp5mv3uak5d"
                        ],
                        "alternativni_1": [],
                        "alternativni_2": []
                    }
                },
                {
                    "episode_number": 7,
                    "title": "Epizoda 7",
                    "link_groups": {
                        "glavni": [
                            "https:\/\/www.file-upload.org\/81vlf4qoky7i"
                        ],
                        "alternativni_1": [],
                        "alternativni_2": []
                    }
                },
                {
                    "episode_number": 8,
                    "title": "Epizoda 8",
                    "link_groups": {
                        "glavni": [
                            "https:\/\/www.file-upload.org\/nin4vf9hyee7"
                        ],
                        "alternativni_1": [],
                        "alternativni_2": []
                    }
                },
                {
                    "episode_number": 9,
                    "title": "Epizoda 9",
                    "link_groups": {
                        "glavni": [
                            "https:\/\/www.file-upload.org\/vacb2cwu4ndw"
                        ],
                        "alternativni_1": [],
                        "alternativni_2": []
                    }
                }
            ]
        }
    }
}