{
    "title": "Bozicni Ustanak",
    "plot": "Serija govori o turbulentnom vremenu, početka 20. vijeka, o kraju Velikog rata i posljedicama koje je on ostavio na balkanske narode. Kralj Nikola se ne vraća u državu, u kojoj se sve više stanovništva okreće protiv njega i predstavnika vlasti Kraljevine Crne Gore. Komandant novoformiranih Jadranskih trupa, zajedno sa vojskom Kraljevine Srbije dolazi na Cetinje, sa ciljem da se pripremi teren za bezuslovno ujedinjenje Crne Gore i Srbije, i slom crnogorske državnosti, čemu se protivi veći broj stanovnika Crne Gore. Narod je podijeljen, jedni su za kralja Nikolu, jedni za kralja Aleksandra što će dovesti do krvoprolića i oružanih sukoba. Po srijedi je i ljubavna priča između Jelene, najljepše Cetinjanke i kćerke predstavnika kraljeve Vlade, Todora, i Danila, koji se vratio iz Rusije, sada kao komunista, čije stavovi i djelovanje dovode do kraha patrijarhalne porodice, zavade među braćom i gubitka ljubavi.",
    "thumb": "https:\/\/m.media-amazon.com\/images\/M\/MV5BOTUxMzE4MTktYTJkOC00M2E4LTliYTQtZGU5MzRkZmVmNGIzXkEyXkFqcGc@._V1_FMjpg_UX1000_.jpg",
    "type": "serije",
    "created_at": "2025-05-28 20:38:44",
    "year": 2017,
    "seasons": {
        "1": {
            "title": "Sezona 1",
            "episodes": [
                {
                    "episode_number": 1,
                    "title": "Epizoda 1",
                    "link_groups": {
                        "glavni": [
                            "https:\/\/www.file-upload.org\/f4wi74tojchm"
                        ],
                        "alternativni_1": [],
                        "alternativni_2": []
                    }
                },
                {
                    "episode_number": 2,
                    "title": "Epizoda 2",
                    "link_groups": {
                        "glavni": [
                            "https:\/\/www.file-upload.org\/9d272gmcx670"
                        ],
                        "alternativni_1": [],
                        "alternativni_2": []
                    }
                },
                {
                    "episode_number": 3,
                    "title": "Epizoda 3",
                    "link_groups": {
                        "glavni": [
                            "https:\/\/www.file-upload.org\/plnyevh5xlzq"
                        ],
                        "alternativni_1": [],
                        "alternativni_2": []
                    }
                },
                {
                    "episode_number": 4,
                    "title": "Epizoda 4",
                    "link_groups": {
                        "glavni": [
                            "https:\/\/www.file-upload.org\/0qb98errglwl"
                        ],
                        "alternativni_1": [],
                        "alternativni_2": []
                    }
                },
                {
                    "episode_number": 5,
                    "title": "Epizoda 5",
                    "link_groups": {
                        "glavni": [
                            "https:\/\/www.file-upload.org\/9jeenx8gh5bs"
                        ],
                        "alternativni_1": [],
                        "alternativni_2": []
                    }
                },
                {
                    "episode_number": 6,
                    "title": "Epizoda 6",
                    "link_groups": {
                        "glavni": [
                            "https:\/\/www.file-upload.org\/rwg0vrnm1pyg"
                        ],
                        "alternativni_1": [],
                        "alternativni_2": []
                    }
                },
                {
                    "episode_number": 7,
                    "title": "Epizoda 7",
                    "link_groups": {
                        "glavni": [
                            "https:\/\/www.file-upload.org\/o79votpgwhyw"
                        ],
                        "alternativni_1": [],
                        "alternativni_2": []
                    }
                },
                {
                    "episode_number": 8,
                    "title": "Epizoda 8",
                    "link_groups": {
                        "glavni": [
                            "https:\/\/www.file-upload.org\/wzqocpqil2do"
                        ],
                        "alternativni_1": [],
                        "alternativni_2": []
                    }
                },
                {
                    "episode_number": 9,
                    "title": "Epizoda 9",
                    "link_groups": {
                        "glavni": [
                            "https:\/\/www.file-upload.org\/7r68h6g793jm"
                        ],
                        "alternativni_1": [],
                        "alternativni_2": []
                    }
                }
            ]
        }
    }
}