{
    "title": "Tuzni Bogatas",
    "plot": "\"Tužni bogataš\" kriminalistička je priča smještena u tranzicijsku Hrvatsku. Zaplet počinje tajanstvenim nestankom jednog od poštenijih domaćih tajkuna. Glavni lik serije Remetin (Damir Lončar) urednik je \"Crne kronike\" u jednom od zagrebačkih dnevnih listova. Služeći se novinarskim sredstvima i izvorima i uz pomoć mlađeg redakcijskog kolege Luke (Kristijan Ugrina), on u istrazi \"asistira\" policijskom inspektoru Šoštaru (Siniša Popović). Novinara Remetina i policajca Šoštara veže dugogodišnje prijateljstvo, zajedničko iskustvo iz prijašnjih slučajeva i donekle slični karakteri. Njihov odnos temelji se na uzajamnom poštovanju, a surađujući njih dvojica se međusobno dopunjuju, ali i natječu...",
    "thumb": "https:\/\/m.media-amazon.com\/images\/M\/MV5BMWUzOWRmMDQtNGIwYS00N2VlLWI3OTQtN2FmY2EyNjMxNWRjXkEyXkFqcGc@._V1_QL75_UX190_CR0,6,190,281_.jpg",
    "type": "serije",
    "created_at": "2025-06-12 12:03:51",
    "year": 2008,
    "seasons": {
        "1": {
            "title": "Sezona 1",
            "episodes": [
                {
                    "episode_number": 1,
                    "title": "Epizoda 1",
                    "link_groups": {
                        "glavni": [
                            "https:\/\/www.file-upload.org\/t50dnvhz9rzs"
                        ],
                        "alternativni_1": [],
                        "alternativni_2": []
                    }
                },
                {
                    "episode_number": 2,
                    "title": "Epizoda 2",
                    "link_groups": {
                        "glavni": [
                            "https:\/\/www.file-upload.org\/uqdk2el9wfmm"
                        ],
                        "alternativni_1": [],
                        "alternativni_2": []
                    }
                },
                {
                    "episode_number": 3,
                    "title": "Epizoda 3",
                    "link_groups": {
                        "glavni": [
                            "https:\/\/www.file-upload.org\/fbmrzn4oc576"
                        ],
                        "alternativni_1": [],
                        "alternativni_2": []
                    }
                },
                {
                    "episode_number": 4,
                    "title": "Epizoda 4",
                    "link_groups": {
                        "glavni": [
                            "https:\/\/www.file-upload.org\/ko015kyakzk3"
                        ],
                        "alternativni_1": [],
                        "alternativni_2": []
                    }
                }
            ]
        }
    }
}