{
    "title": "Samac U Braku",
    "plot": "Radmilo je advokat koji je godinama zaljubljen u Ljiljanu. Iako je najpoželjniji neženja u Palanci, svom malom gradu, on odbija sve bračne ponude, i želi da se oženi Ljiljanom, koja planira da se uda za Momčila, ali on u poslednjem trenutku pokazuje svoje pravo lice i odbija da se oženi Ljiljanom. Iznervirana i besna zbog toga Ljiljana se iz inata udaje za Radmila iako nije zaljubljena u njega. Iako ubrzo poželi da se raziđu, Radmilo je moli da ostane neko vreme dok ne smisli kako da to prođe bez skandala, u njihovom mestu, nakon čega njihov odnos prerasta u veliku ljubav i ostaju da žive zajedno.",
    "thumb": "https:\/\/m.media-amazon.com\/images\/M\/MV5BYTUzZDFjMDUtNTgyMS00Y2M5LTk4MzAtMzhkZWVjY2M3MzNjXkEyXkFqcGc@._V1_.jpg",
    "type": "serije",
    "created_at": "2025-06-10 19:05:46",
    "year": 2014,
    "seasons": {
        "1": {
            "title": "Sezona 1",
            "episodes": [
                {
                    "episode_number": 1,
                    "title": "Epizoda 1",
                    "link_groups": {
                        "glavni": [
                            "https:\/\/www.file-upload.org\/9vuafv6qs5u1"
                        ],
                        "alternativni_1": [],
                        "alternativni_2": []
                    }
                },
                {
                    "episode_number": 2,
                    "title": "Epizoda 2",
                    "link_groups": {
                        "glavni": [
                            "https:\/\/www.file-upload.org\/h8bgod8399hl"
                        ],
                        "alternativni_1": [],
                        "alternativni_2": []
                    }
                },
                {
                    "episode_number": 3,
                    "title": "Epizoda 3",
                    "link_groups": {
                        "glavni": [
                            "https:\/\/www.file-upload.org\/zzluq25gcox9"
                        ],
                        "alternativni_1": [],
                        "alternativni_2": []
                    }
                },
                {
                    "episode_number": 4,
                    "title": "Epizoda 4",
                    "link_groups": {
                        "glavni": [
                            "https:\/\/www.file-upload.org\/tqmtyz7tli8l"
                        ],
                        "alternativni_1": [],
                        "alternativni_2": []
                    }
                },
                {
                    "episode_number": 5,
                    "title": "Epizoda 5",
                    "link_groups": {
                        "glavni": [
                            "https:\/\/www.file-upload.org\/z0z2cglpdujx"
                        ],
                        "alternativni_1": [],
                        "alternativni_2": []
                    }
                },
                {
                    "episode_number": 6,
                    "title": "Epizoda 6",
                    "link_groups": {
                        "glavni": [
                            "https:\/\/www.file-upload.org\/jvhhmczeiwh3"
                        ],
                        "alternativni_1": [],
                        "alternativni_2": []
                    }
                },
                {
                    "episode_number": 7,
                    "title": "Epizoda 7",
                    "link_groups": {
                        "glavni": [
                            "https:\/\/www.file-upload.org\/e1nrnuuz62w5"
                        ],
                        "alternativni_1": [],
                        "alternativni_2": []
                    }
                },
                {
                    "episode_number": 8,
                    "title": "Epizoda 8",
                    "link_groups": {
                        "glavni": [
                            "https:\/\/www.file-upload.org\/tb8zw00v6ilj"
                        ],
                        "alternativni_1": [],
                        "alternativni_2": []
                    }
                },
                {
                    "episode_number": 9,
                    "title": "Epizoda 9",
                    "link_groups": {
                        "glavni": [
                            "https:\/\/www.file-upload.org\/he6kuhuys1vw"
                        ],
                        "alternativni_1": [],
                        "alternativni_2": []
                    }
                }
            ]
        }
    }
}