{
    "title": "Ekipa",
    "plot": "Nakon derbija, Zdravko – zvezda Partizana (Rade Ćosić), Klupa koji je njegov brat od tetke, a ujedno navijač Crvene zvezde (Andrija Milošević) i Stefke dobar drug iz detinjstva (Lazar Đukić), nailaze na Italijanku, ženu svačijeg života (Ivana Dudić). Posle lude večeri, oni kao ekipa odlaze da vrate dug Skaretu lovatoru (Dragan Jovanović), koji već godinama pokušava da potpiše ugovor sa Zdravkom. On i dalje odbija saradnju, što ekipi stvara velike probleme – kako da nađu pare za tri dana i kako da se oslobode čuvenog prevaranta Dekija Be-em-vea",
    "thumb": "https:\/\/upload.wikimedia.org\/wikipedia\/sr\/thumb\/2\/23\/Ekipa_2019.jpg\/1200px-Ekipa_2019.jpg",
    "type": "serije",
    "created_at": "2025-05-29 23:16:39",
    "year": 2019,
    "seasons": {
        "1": {
            "title": "Sezona 1",
            "episodes": [
                {
                    "episode_number": 1,
                    "title": "Epizoda 1",
                    "link_groups": {
                        "glavni": [
                            "https:\/\/www.file-upload.org\/jw4ljl6qte6x"
                        ],
                        "alternativni_1": [],
                        "alternativni_2": []
                    }
                },
                {
                    "episode_number": 2,
                    "title": "Epizoda 2",
                    "link_groups": {
                        "glavni": [
                            "https:\/\/www.file-upload.org\/qxg5q80js6mq"
                        ],
                        "alternativni_1": [],
                        "alternativni_2": []
                    }
                },
                {
                    "episode_number": 3,
                    "title": "Epizoda 3",
                    "link_groups": {
                        "glavni": [
                            "https:\/\/www.file-upload.org\/x8wckhxnos13"
                        ],
                        "alternativni_1": [],
                        "alternativni_2": []
                    }
                },
                {
                    "episode_number": 4,
                    "title": "Epizoda 4",
                    "link_groups": {
                        "glavni": [
                            "https:\/\/www.file-upload.org\/67hg46jrs90i"
                        ],
                        "alternativni_1": [],
                        "alternativni_2": []
                    }
                }
            ]
        }
    }
}