{
    "title": "Cetrdeset Osma",
    "plot": "Serija je snimljena povodom četrdesetogodišnjice donošenja Rezolucije Informbiroa i prati odnose između rukovodstava Jugoslavije i Sovjetskog Saveza uoči rezolucije, donošenje Rezolucije, odnos jugoslovenskog rukovodstva i naroda prema Rezoluciji, događaje oko Petog kongresa KPJ i prihvatanje Rezolucije od strane nekih članova jugoslovenskog rukovodstva.",
    "thumb": "https:\/\/i.ytimg.com\/vi\/wm2LTz1mQPM\/hqdefault.jpg?v=6565fc96",
    "type": "serije",
    "created_at": "2025-05-28 23:28:15",
    "year": 1988,
    "seasons": {
        "1": {
            "title": "Sezona 1",
            "episodes": [
                {
                    "episode_number": 1,
                    "title": "Epizoda 1",
                    "link_groups": {
                        "glavni": [
                            "https:\/\/www.file-upload.org\/i3px5kh1ie2x"
                        ],
                        "alternativni_1": [],
                        "alternativni_2": []
                    }
                },
                {
                    "episode_number": 2,
                    "title": "Epizoda 2",
                    "link_groups": {
                        "glavni": [
                            "https:\/\/www.file-upload.org\/2dc8dixbmzsa"
                        ],
                        "alternativni_1": [],
                        "alternativni_2": []
                    }
                },
                {
                    "episode_number": 3,
                    "title": "Epizoda 3",
                    "link_groups": {
                        "glavni": [
                            "https:\/\/www.file-upload.org\/48o6bdi1f6cx"
                        ],
                        "alternativni_1": [],
                        "alternativni_2": []
                    }
                }
            ]
        }
    }
}