{
    "title": "Opasni Susreti",
    "plot": "Opasni susreti je jugoslavenska igrana televizijska serija u produkciji TV Sarajevo originalno emitirana na programu JRT 1973. godine. Po žanru pripada kriminalističkom, odnosno špijunskom žanru, a radnja je smještena u Jugoslaviju prvih pet godina nakon završetka Drugog svjetskog rata. Protagonisti su pripadnici službi bezbjednosti nove komunističke Jugoslavije - OZNA-e, odnosno UDBA-e - koji se suprostavljaju ostacima u ratu poraženih ustaša i četnika.",
    "thumb": "https:\/\/domaceserije.net\/slika\/opasni-susreti.jpg",
    "type": "serije",
    "created_at": "2025-06-07 22:29:31",
    "year": 1973,
    "seasons": {
        "1": {
            "title": "Sezona 1",
            "episodes": [
                {
                    "episode_number": 1,
                    "title": "Epizoda 1",
                    "link_groups": {
                        "glavni": [
                            "https:\/\/www.file-upload.org\/h3a3tt6mt3mv"
                        ],
                        "alternativni_1": [],
                        "alternativni_2": []
                    }
                },
                {
                    "episode_number": 2,
                    "title": "Epizoda 2",
                    "link_groups": {
                        "glavni": [
                            "https:\/\/www.file-upload.org\/sbvwiurp1ubq"
                        ],
                        "alternativni_1": [],
                        "alternativni_2": []
                    }
                },
                {
                    "episode_number": 3,
                    "title": "Epizoda 3",
                    "link_groups": {
                        "glavni": [
                            "https:\/\/www.file-upload.org\/9575ieqb3gob"
                        ],
                        "alternativni_1": [],
                        "alternativni_2": []
                    }
                },
                {
                    "episode_number": 4,
                    "title": "Epizoda 4",
                    "link_groups": {
                        "glavni": [
                            "https:\/\/www.file-upload.org\/ou5wwcu47733"
                        ],
                        "alternativni_1": [],
                        "alternativni_2": []
                    }
                },
                {
                    "episode_number": 5,
                    "title": "Epizoda 5",
                    "link_groups": {
                        "glavni": [
                            "https:\/\/www.file-upload.org\/ejdivvn7pnb9"
                        ],
                        "alternativni_1": [],
                        "alternativni_2": []
                    }
                }
            ]
        }
    }
}