{
    "title": "Banjica",
    "plot": "Serija je snimljena povodom četrdesetogodišnjice oslobođenja Beograda, oktobra 1944. godine. Serija prati život logoraša u poslednjoj godini zloglasnog Banjičkog logora.\r\n\r\nNa osnovu kazivanja preživelih logoraša, pisanih i sačuvanih dokumenata i ličnih poruka, kao i rekonstruisanog ambijenta u Muzeju banjičkog logora, scenarista Pavić i reditelj Mrmak snimili su TV seriju o potresnim ljudskim sudbinama i strahotama koncentracionog logora u Beogradu.",
    "thumb": "https:\/\/upload.wikimedia.org\/wikipedia\/sr\/0\/0d\/%D0%91%D0%B0%D1%9A%D0%B8%D1%86%D0%B0_%28%D0%A2%D0%92_%D1%81%D0%B5%D1%80%D0%B8%D1%98%D0%B0%29.jpg",
    "type": "serije",
    "created_at": "2025-05-27 13:02:52",
    "year": 1984,
    "seasons": {
        "1": {
            "title": "Sezona 1",
            "episodes": [
                {
                    "episode_number": 1,
                    "title": "Epizoda 1",
                    "link_groups": {
                        "glavni": [
                            "https:\/\/www.file-upload.org\/mt3lhu7wlbjr"
                        ],
                        "alternativni_1": [],
                        "alternativni_2": []
                    }
                },
                {
                    "episode_number": 2,
                    "title": "Epizoda 2",
                    "link_groups": {
                        "glavni": [
                            "https:\/\/www.file-upload.org\/1w9aw707s06c"
                        ],
                        "alternativni_1": [],
                        "alternativni_2": []
                    }
                },
                {
                    "episode_number": 3,
                    "title": "Epizoda 3",
                    "link_groups": {
                        "glavni": [
                            "https:\/\/www.file-upload.org\/p48uao7g14bx"
                        ],
                        "alternativni_1": [],
                        "alternativni_2": []
                    }
                },
                {
                    "episode_number": 4,
                    "title": "Epizoda 4",
                    "link_groups": {
                        "glavni": [
                            "https:\/\/www.file-upload.org\/1ihe5lf0cq1d"
                        ],
                        "alternativni_1": [],
                        "alternativni_2": []
                    }
                }
            ]
        }
    }
}