{
    "title": "Macak Pod Sljemom",
    "plot": "Ovo je duboka i tragikomična priča o drvoseči, seljaku koji se za vreme 2. svetskog rata pridružuje partizanima. Tamo, kao desetar, sa svojom četom uspešno i hrabro ispunjava borbene zadatke. Međutim, sve se menja kad ga komandant pošalje na specijalni zadatak...\r\n\r\nOvaj film prikazuje sve užase i strahote uz dozu humora i optimizma.",
    "thumb": "https:\/\/m.media-amazon.com\/images\/M\/MV5BMzI4OTZhNTAtNDQyYi00YWFhLTk0NzgtNDM5NjJhYTIwNjZiXkEyXkFqcGc@._V1_.jpg",
    "type": "serije",
    "created_at": "2025-05-31 13:09:12",
    "year": 1962,
    "seasons": {
        "1": {
            "title": "Sezona 1",
            "episodes": [
                {
                    "episode_number": 1,
                    "title": "Epizoda 1",
                    "link_groups": {
                        "glavni": [
                            "https:\/\/www.file-upload.org\/lgvim8fyy09j"
                        ],
                        "alternativni_1": [],
                        "alternativni_2": []
                    }
                },
                {
                    "episode_number": 2,
                    "title": "Epizoda 2",
                    "link_groups": {
                        "glavni": [
                            "https:\/\/www.file-upload.org\/iy1boc38qiij"
                        ],
                        "alternativni_1": [],
                        "alternativni_2": []
                    }
                },
                {
                    "episode_number": 3,
                    "title": "Epizoda 3",
                    "link_groups": {
                        "glavni": [
                            "https:\/\/www.file-upload.org\/w0od7lx58x8r"
                        ],
                        "alternativni_1": [],
                        "alternativni_2": []
                    }
                },
                {
                    "episode_number": 4,
                    "title": "Epizoda 4",
                    "link_groups": {
                        "glavni": [
                            "https:\/\/www.file-upload.org\/p7fuc2zfwk5s"
                        ],
                        "alternativni_1": [],
                        "alternativni_2": []
                    }
                },
                {
                    "episode_number": 5,
                    "title": "Epizoda 5",
                    "link_groups": {
                        "glavni": [
                            "https:\/\/www.file-upload.org\/fjqqjk0ie07f"
                        ],
                        "alternativni_1": [],
                        "alternativni_2": []
                    }
                },
                {
                    "episode_number": 6,
                    "title": "Epizoda 6",
                    "link_groups": {
                        "glavni": [
                            "https:\/\/www.file-upload.org\/8y9al2u5y94p"
                        ],
                        "alternativni_1": [],
                        "alternativni_2": []
                    }
                }
            ]
        }
    }
}