{
    "title": "Cedomir Ilic",
    "plot": "Čedomir Ilić je jugoslovenska televizijska serija snimljena 1971. godine u produkciji Televizije Beograd. Scenario je zasnovan na istoimenom romanu Milutina Uskokovića.",
    "thumb": "https:\/\/m.media-amazon.com\/images\/M\/MV5BOWJmZGE4ZjMtNmYxOC00NGEwLThjMGEtZDkyOWQzMWQ0YjdhXkEyXkFqcGc@._V1_.jpg",
    "type": "serije",
    "created_at": "2025-05-28 23:21:49",
    "year": 1971,
    "seasons": {
        "1": {
            "title": "Sezona 1",
            "episodes": [
                {
                    "episode_number": 1,
                    "title": "Epizoda 1",
                    "link_groups": {
                        "glavni": [
                            "https:\/\/www.file-upload.org\/n7n1ljja0m2y"
                        ],
                        "alternativni_1": [],
                        "alternativni_2": []
                    }
                },
                {
                    "episode_number": 2,
                    "title": "Epizoda 2",
                    "link_groups": {
                        "glavni": [
                            "https:\/\/www.file-upload.org\/ku2g5xya2g94"
                        ],
                        "alternativni_1": [],
                        "alternativni_2": []
                    }
                },
                {
                    "episode_number": 3,
                    "title": "Epizoda 3",
                    "link_groups": {
                        "glavni": [
                            "https:\/\/www.file-upload.org\/dr0s66sdzef4"
                        ],
                        "alternativni_1": [],
                        "alternativni_2": []
                    }
                },
                {
                    "episode_number": 4,
                    "title": "Epizoda 4",
                    "link_groups": {
                        "glavni": [
                            "https:\/\/www.file-upload.org\/ahtpv09iwg4p"
                        ],
                        "alternativni_1": [],
                        "alternativni_2": []
                    }
                },
                {
                    "episode_number": 5,
                    "title": "Epizoda 5",
                    "link_groups": {
                        "glavni": [
                            "https:\/\/www.file-upload.org\/4oyfddrmeksx"
                        ],
                        "alternativni_1": [],
                        "alternativni_2": []
                    }
                }
            ]
        }
    }
}