{
    "title": "Setnja Sa Lavom",
    "plot": "Serija se bavi stradanjem stvaralaca i svih onih, u svim vremenima, koji su iskreno tragali za istinom. Govori i o traženju smisla stvaralaštva, pa i života. Dominantan je motiv ljubavi koja preobražava svakog ko joj se otvori. Takođe, prikazuje čovekovu duhovnu glad koja se mora nečim ispuniti, te u zavisnosti od toga čime se hrani, čovek preobražava ka zveri ili ka anđelu.",
    "thumb": "https:\/\/m.media-amazon.com\/images\/M\/MV5BZGI5Y2ZjMmEtN2M2Yy00N2YzLTlkZDAtMjJlNGJlZTUyNDBhXkEyXkFqcGc@._V1_FMjpg_UX1000_.jpg",
    "type": "serije",
    "created_at": "2025-06-10 19:43:30",
    "year": 2022,
    "seasons": {
        "1": {
            "title": "Sezona 1",
            "episodes": [
                {
                    "episode_number": 1,
                    "title": "Epizoda 1",
                    "link_groups": {
                        "glavni": [
                            "https:\/\/www.file-upload.org\/x2wt70fc3tyx"
                        ],
                        "alternativni_1": [],
                        "alternativni_2": []
                    }
                },
                {
                    "episode_number": 2,
                    "title": "Epizoda 2",
                    "link_groups": {
                        "glavni": [
                            "https:\/\/www.file-upload.org\/jr1whhi4bjws"
                        ],
                        "alternativni_1": [],
                        "alternativni_2": []
                    }
                },
                {
                    "episode_number": 3,
                    "title": "Epizoda 3",
                    "link_groups": {
                        "glavni": [
                            "https:\/\/www.file-upload.org\/r9fpjmmw8d9j"
                        ],
                        "alternativni_1": [],
                        "alternativni_2": []
                    }
                },
                {
                    "episode_number": 4,
                    "title": "Epizoda 4",
                    "link_groups": {
                        "glavni": [
                            "https:\/\/www.file-upload.org\/inyoxatsv92q"
                        ],
                        "alternativni_1": [],
                        "alternativni_2": []
                    }
                },
                {
                    "episode_number": 5,
                    "title": "Epizoda 5",
                    "link_groups": {
                        "glavni": [
                            "https:\/\/www.file-upload.org\/hi9scv016i21"
                        ],
                        "alternativni_1": [],
                        "alternativni_2": []
                    }
                },
                {
                    "episode_number": 6,
                    "title": "Epizoda 6",
                    "link_groups": {
                        "glavni": [
                            "https:\/\/www.file-upload.org\/vl8miwpotb0n"
                        ],
                        "alternativni_1": [],
                        "alternativni_2": []
                    }
                },
                {
                    "episode_number": 7,
                    "title": "Epizoda 7",
                    "link_groups": {
                        "glavni": [
                            "https:\/\/www.file-upload.org\/qylmm7kaez51"
                        ],
                        "alternativni_1": [],
                        "alternativni_2": []
                    }
                },
                {
                    "episode_number": 8,
                    "title": "Epizoda 8",
                    "link_groups": {
                        "glavni": [
                            "https:\/\/www.file-upload.org\/q8qbpzlo4gxk"
                        ],
                        "alternativni_1": [],
                        "alternativni_2": []
                    }
                },
                {
                    "episode_number": 9,
                    "title": "Epizoda 9",
                    "link_groups": {
                        "glavni": [
                            "https:\/\/www.file-upload.org\/f3d16dgqqe4y"
                        ],
                        "alternativni_1": [],
                        "alternativni_2": []
                    }
                },
                {
                    "episode_number": 10,
                    "title": "Epizoda 10",
                    "link_groups": {
                        "glavni": [
                            "https:\/\/www.file-upload.org\/685hbtlp2xem"
                        ],
                        "alternativni_1": [],
                        "alternativni_2": []
                    }
                }
            ]
        }
    }
}