{
    "title": "Spanac",
    "plot": "Serija prati život revolucionara i narodnog heroja Žikice Jovanovića Španca od početka rata u Jugoslaviji, aprila 1941. do početka ustanka, jula 1941. godine. U seriji je slikovito prikazana prva ustanička akcija u Srbiji, koja se odigrala 7. jula 1941. godine u Beloj Crkvi.",
    "thumb": "https:\/\/m.media-amazon.com\/images\/M\/MV5BZmQyOWQxNTctMzBlNi00MjBiLTk5ZjMtNmM2MzZkZDdlZTBmXkEyXkFqcGc@._V1_.jpg",
    "type": "serije",
    "created_at": "2025-06-10 22:16:32",
    "year": 1982,
    "seasons": {
        "1": {
            "title": "Sezona 1",
            "episodes": [
                {
                    "episode_number": 1,
                    "title": "Epizoda 1",
                    "link_groups": {
                        "glavni": [
                            "https:\/\/www.file-upload.org\/dq8sap0xt4pn"
                        ],
                        "alternativni_1": [],
                        "alternativni_2": []
                    }
                },
                {
                    "episode_number": 2,
                    "title": "Epizoda 2",
                    "link_groups": {
                        "glavni": [
                            "https:\/\/www.file-upload.org\/jqkh64m4tigu"
                        ],
                        "alternativni_1": [],
                        "alternativni_2": []
                    }
                }
            ]
        }
    }
}