{
    "title": "Na Mlecnom Putu",
    "plot": "Ratno je proleće. Svakog dana, mlekadžija prelazi borbenu liniju na magarcu izbegavajući metke kako bi preneo svoj dragoceni tovar vojnicima. U toj misiji prati ga sreća, voli ga prelepa seljanka, pred njim je mirna budućnost... I sve biva baš tako do dolaska misteriozne Italijanke koja će preokrenuti njegov život naglavačke. Tu otpočinje priča o strastvenoj i zabranjenoj ljubavi koja će ih oboje ubaciti u niz fantastičnih i opasnih avantura. Pridružiće im se sudbina i čini se da niko i ništa neće moći da ih zaustavi...\r\n\r\nNarativ filma sastoji se iz tri dela, u kojima se prikazuju tri razdoblja u životu jednog čoveka: vreme u kome je srećni mlekadžija tokom rata, zatim njegove rizične podvige i bujajuću romansu sa ženom koju voli, kao i njegov kasniji monaški život, kada se priseća burne prošlosti, kako sopstvene, tako i svoje zemlje. Priča o ljubavi i ratu",
    "thumb": "https:\/\/m.media-amazon.com\/images\/M\/MV5BMGY5YzQ3ZTMtZWU3OC00OGY0LTk1NTAtZDJlMTM0N2ZkNWFmXkEyXkFqcGc@._V1_.jpg",
    "type": "serije",
    "created_at": "2025-06-04 23:35:18",
    "year": 2018,
    "seasons": {
        "1": {
            "title": "Sezona 1",
            "episodes": [
                {
                    "episode_number": 1,
                    "title": "Epizoda 1",
                    "link_groups": {
                        "glavni": [
                            "https:\/\/www.file-upload.org\/yadzf0zvt1kl"
                        ],
                        "alternativni_1": [],
                        "alternativni_2": []
                    }
                },
                {
                    "episode_number": 2,
                    "title": "Epizoda 2",
                    "link_groups": {
                        "glavni": [
                            "https:\/\/www.file-upload.org\/6ory8mlzg7ry"
                        ],
                        "alternativni_1": [],
                        "alternativni_2": []
                    }
                },
                {
                    "episode_number": 3,
                    "title": "Epizoda 3",
                    "link_groups": {
                        "glavni": [
                            "https:\/\/www.file-upload.org\/qy1ac1taoo74"
                        ],
                        "alternativni_1": [],
                        "alternativni_2": []
                    }
                },
                {
                    "episode_number": 4,
                    "title": "Epizoda 4",
                    "link_groups": {
                        "glavni": [
                            "https:\/\/www.file-upload.org\/4rfsxoa4gam8"
                        ],
                        "alternativni_1": [],
                        "alternativni_2": []
                    }
                },
                {
                    "episode_number": 5,
                    "title": "Epizoda 5",
                    "link_groups": {
                        "glavni": [
                            "https:\/\/www.file-upload.org\/5tz2d3vsf1bb"
                        ],
                        "alternativni_1": [],
                        "alternativni_2": []
                    }
                }
            ]
        }
    }
}