{
    "title": "Broz I Ja",
    "plot": "Priča o desetogodišnjaku Zoranu koji, kao i sva deca u Jugoslaviji 1950-ih godina, teško može da zamisli bilo koji deo svog života bez velikog vođe nacije - maršala Tita.\r\n\r\nU svojoj školi, ovaj dečak pobeđuje na konkursu za najbolji sastav o Titu. Nagrada mu je učešće na maršu „Titovim rodnim krajem\". Zoran je do pobede došao tako što je napisao pesmu u kojoj tvrdi da Tita više voli od oca i majke!",
    "thumb": "https:\/\/m.media-amazon.com\/images\/M\/MV5BNGU2MjNmODEtYTk4Yi00ZDU4LTk4ZTQtODc5NDNmZDQxN2Y5XkEyXkFqcGc@._V1_QL75_UY281_CR155,0,190,281_.jpg",
    "type": "serije",
    "created_at": "2025-05-28 20:46:48",
    "year": 1993,
    "seasons": {
        "1": {
            "title": "Sezona 1",
            "episodes": [
                {
                    "episode_number": 1,
                    "title": "Epizoda 1",
                    "link_groups": {
                        "glavni": [
                            "https:\/\/www.file-upload.org\/zf9caztv5m5r"
                        ],
                        "alternativni_1": [],
                        "alternativni_2": []
                    }
                },
                {
                    "episode_number": 2,
                    "title": "Epizoda 2",
                    "link_groups": {
                        "glavni": [
                            "https:\/\/www.file-upload.org\/38bb5mo9atkv"
                        ],
                        "alternativni_1": [],
                        "alternativni_2": []
                    }
                },
                {
                    "episode_number": 3,
                    "title": "Epizoda 3",
                    "link_groups": {
                        "glavni": [
                            "https:\/\/www.file-upload.org\/q51iyixgnhz6"
                        ],
                        "alternativni_1": [],
                        "alternativni_2": []
                    }
                },
                {
                    "episode_number": 4,
                    "title": "Epizoda 4",
                    "link_groups": {
                        "glavni": [
                            "https:\/\/www.file-upload.org\/ikeakbjkgrpi"
                        ],
                        "alternativni_1": [],
                        "alternativni_2": []
                    }
                }
            ]
        }
    }
}