{
    "title": "Otac I Sin",
    "plot": "Otac Marko (Zlatan Zuhrić Zuhra) i sin Žarko (Tin Sedlar), koji je upravo navršio 18 godina, po prvi put u životu počinju živjeti sami, što im obojici bude šok, ali i izvor duhovitog suživota. Kako je otac Marko bio trgovački putnik, tako u sinovu djetinjstvu nije mogao sudjelovati. No sada kad je samohrani otac bez posla koji živi sa sinom, sve se promijenilo. Iako veoma ozbiljno shvaća svoju novu ulogu i pokušava naći posao, sin Žarko je 18-godišnjak, što sa sobom nosi lude situacije. Otac se prvi put susreće sa sinovim stilom života, što će dovesti do urnebesnih situacija. \r\n\r\nSin je, naravno, totalno nezainteresiran za tatine savjete i pokušava neometano živjeti svoju tek nedavno stečenu slobodu punoljetne osobe. Tko ima vremena slušati životne savjete kad je vani toliko života, djevojaka, izlazaka?  „Zuhra je veoma jak u improvizaciji i dodavanju materijala pa je uvijek zabavno kad se neke stvari dogovorimo prije snimanja određene scene, a onda za vrijeme snimanja Zuhra ode u malo drukčijem smjeru pa ga moram 'hvatat'“, kaže zgodni glumac Tin Sedlar o svome serijskom tati.",
    "thumb": "https:\/\/m.media-amazon.com\/images\/M\/MV5BNWVhNzEwMzctZTFmMS00MGQ2LTkzZDQtOTI4NzBmNjMwMDE3XkEyXkFqcGc@._V1_.jpg",
    "type": "serije",
    "created_at": "2025-06-07 22:39:44",
    "year": 2018,
    "seasons": {
        "1": {
            "title": "Sezona 1",
            "episodes": [
                {
                    "episode_number": 1,
                    "title": "Epizoda 1",
                    "link_groups": {
                        "glavni": [
                            "https:\/\/www.file-upload.org\/6z1odcx2agmr"
                        ],
                        "alternativni_1": [],
                        "alternativni_2": []
                    }
                },
                {
                    "episode_number": 2,
                    "title": "Epizoda 2",
                    "link_groups": {
                        "glavni": [
                            "https:\/\/www.file-upload.org\/qnkbzmcf22hb"
                        ],
                        "alternativni_1": [],
                        "alternativni_2": []
                    }
                },
                {
                    "episode_number": 3,
                    "title": "Epizoda 3",
                    "link_groups": {
                        "glavni": [
                            "https:\/\/www.file-upload.org\/8x0b3szlt598"
                        ],
                        "alternativni_1": [],
                        "alternativni_2": []
                    }
                },
                {
                    "episode_number": 4,
                    "title": "Epizoda 4",
                    "link_groups": {
                        "glavni": [
                            "https:\/\/www.file-upload.org\/g43n5sniuh5x"
                        ],
                        "alternativni_1": [],
                        "alternativni_2": []
                    }
                },
                {
                    "episode_number": 5,
                    "title": "Epizoda 5",
                    "link_groups": {
                        "glavni": [
                            "https:\/\/www.file-upload.org\/xhengy5b18s2"
                        ],
                        "alternativni_1": [],
                        "alternativni_2": []
                    }
                },
                {
                    "episode_number": 6,
                    "title": "Epizoda 6",
                    "link_groups": {
                        "glavni": [
                            "https:\/\/www.file-upload.org\/d8j7ump9833u"
                        ],
                        "alternativni_1": [],
                        "alternativni_2": []
                    }
                },
                {
                    "episode_number": 7,
                    "title": "Epizoda 7",
                    "link_groups": {
                        "glavni": [
                            "https:\/\/www.file-upload.org\/banzym3rif6v"
                        ],
                        "alternativni_1": [],
                        "alternativni_2": []
                    }
                },
                {
                    "episode_number": 8,
                    "title": "Epizoda 8",
                    "link_groups": {
                        "glavni": [
                            "https:\/\/www.file-upload.org\/wym3zuqlvvp5"
                        ],
                        "alternativni_1": [],
                        "alternativni_2": []
                    }
                },
                {
                    "episode_number": 9,
                    "title": "Epizoda 9",
                    "link_groups": {
                        "glavni": [
                            "https:\/\/www.file-upload.org\/kdejk43vclk7"
                        ],
                        "alternativni_1": [],
                        "alternativni_2": []
                    }
                },
                {
                    "episode_number": 10,
                    "title": "Epizoda 10",
                    "link_groups": {
                        "glavni": [
                            "https:\/\/www.file-upload.org\/jaepi5s1mp84"
                        ],
                        "alternativni_1": [],
                        "alternativni_2": []
                    }
                }
            ]
        }
    }
}