{
    "title": "Moja Generacija Z",
    "plot": "Serija govori o onima koji su nasledili čuvene „milenijalce“ (generacija „Y“) ili generaciji „Z“, odnosno o maturantima jedne beogradske gimnazije (rođenim 2000-e, u godini zmaja po kineskoj astrologiji). U serijalu o odrastanju, tradicionalno jednom od najpopularnijih podžanrova na ovim prostorima, pratimo junake iz dva razreda (iz crvene i plave smene) u prvim danima nove školske godine u kojoj će doneti važne životne odluke. Dramski zapleti, oplemenjeni humorom i muzikom govore o dilemama i problemima ali i radostima u životu mladih u Srbiji, njihovim roditeljima i profesorima.",
    "thumb": "https:\/\/m.media-amazon.com\/images\/M\/MV5BOTAwZTI3M2ItMjRlNi00M2U2LWJlY2ItNDVkMDJiYzkzMGIxXkEyXkFqcGc@._V1_.jpg",
    "type": "serije",
    "created_at": "2025-06-03 23:44:14",
    "year": 2019,
    "seasons": {
        "1": {
            "title": "Sezona 1",
            "episodes": [
                {
                    "episode_number": 1,
                    "title": "Epizoda 1",
                    "link_groups": {
                        "glavni": [
                            "https:\/\/www.file-upload.org\/njgejo611ayi"
                        ],
                        "alternativni_1": [],
                        "alternativni_2": []
                    }
                },
                {
                    "episode_number": 2,
                    "title": "Epizoda 2",
                    "link_groups": {
                        "glavni": [
                            "https:\/\/www.file-upload.org\/1m2cmk8f1ewr"
                        ],
                        "alternativni_1": [],
                        "alternativni_2": []
                    }
                },
                {
                    "episode_number": 3,
                    "title": "Epizoda 3",
                    "link_groups": {
                        "glavni": [
                            "https:\/\/www.file-upload.org\/57yjut5bjimn"
                        ],
                        "alternativni_1": [],
                        "alternativni_2": []
                    }
                },
                {
                    "episode_number": 4,
                    "title": "Epizoda 4",
                    "link_groups": {
                        "glavni": [
                            "https:\/\/www.file-upload.org\/7fm7ahm9u3kf"
                        ],
                        "alternativni_1": [],
                        "alternativni_2": []
                    }
                },
                {
                    "episode_number": 5,
                    "title": "Epizoda 5",
                    "link_groups": {
                        "glavni": [
                            "https:\/\/www.file-upload.org\/1j4gb9nakxt0"
                        ],
                        "alternativni_1": [],
                        "alternativni_2": []
                    }
                },
                {
                    "episode_number": 6,
                    "title": "Epizoda 6",
                    "link_groups": {
                        "glavni": [
                            "https:\/\/www.file-upload.org\/vpn1tu0lkwu7"
                        ],
                        "alternativni_1": [],
                        "alternativni_2": []
                    }
                },
                {
                    "episode_number": 7,
                    "title": "Epizoda 7",
                    "link_groups": {
                        "glavni": [
                            "https:\/\/www.file-upload.org\/23k0aunnu6v4"
                        ],
                        "alternativni_1": [],
                        "alternativni_2": []
                    }
                },
                {
                    "episode_number": 8,
                    "title": "Epizoda 8",
                    "link_groups": {
                        "glavni": [
                            "https:\/\/www.file-upload.org\/nrkwwgw7vd62"
                        ],
                        "alternativni_1": [],
                        "alternativni_2": []
                    }
                },
                {
                    "episode_number": 9,
                    "title": "Epizoda 9",
                    "link_groups": {
                        "glavni": [
                            "https:\/\/www.file-upload.org\/4ca3nm6ydt00"
                        ],
                        "alternativni_1": [],
                        "alternativni_2": []
                    }
                },
                {
                    "episode_number": 10,
                    "title": "Epizoda 10",
                    "link_groups": {
                        "glavni": [
                            "https:\/\/www.file-upload.org\/klnhjr0qfyid"
                        ],
                        "alternativni_1": [],
                        "alternativni_2": []
                    }
                },
                {
                    "episode_number": 11,
                    "title": "Epizoda 11",
                    "link_groups": {
                        "glavni": [
                            "https:\/\/www.file-upload.org\/n5efg7uehojm"
                        ],
                        "alternativni_1": [],
                        "alternativni_2": []
                    }
                },
                {
                    "episode_number": 12,
                    "title": "Epizoda 12",
                    "link_groups": {
                        "glavni": [
                            "https:\/\/www.file-upload.org\/6ushl12m6m54"
                        ],
                        "alternativni_1": [],
                        "alternativni_2": []
                    }
                },
                {
                    "episode_number": 13,
                    "title": "Epizoda 13",
                    "link_groups": {
                        "glavni": [
                            "https:\/\/www.file-upload.org\/fgzylsq491gu"
                        ],
                        "alternativni_1": [],
                        "alternativni_2": []
                    }
                },
                {
                    "episode_number": 14,
                    "title": "Epizoda 14",
                    "link_groups": {
                        "glavni": [
                            "https:\/\/www.file-upload.org\/f5a43lsttbyn"
                        ],
                        "alternativni_1": [],
                        "alternativni_2": []
                    }
                },
                {
                    "episode_number": 15,
                    "title": "Epizoda 15",
                    "link_groups": {
                        "glavni": [
                            "https:\/\/www.file-upload.org\/dbxv2nsqh5ro"
                        ],
                        "alternativni_1": [],
                        "alternativni_2": []
                    }
                },
                {
                    "episode_number": 16,
                    "title": "Epizoda 16",
                    "link_groups": {
                        "glavni": [
                            "https:\/\/www.file-upload.org\/vkroba0gf1gr"
                        ],
                        "alternativni_1": [],
                        "alternativni_2": []
                    }
                },
                {
                    "episode_number": 17,
                    "title": "Epizoda 17",
                    "link_groups": {
                        "glavni": [
                            "https:\/\/www.file-upload.org\/1rdgnoivnvy1"
                        ],
                        "alternativni_1": [],
                        "alternativni_2": []
                    }
                },
                {
                    "episode_number": 18,
                    "title": "Epizoda 18",
                    "link_groups": {
                        "glavni": [
                            "https:\/\/www.file-upload.org\/vbcbyoip9ycs"
                        ],
                        "alternativni_1": [],
                        "alternativni_2": []
                    }
                },
                {
                    "episode_number": 19,
                    "title": "Epizoda 19",
                    "link_groups": {
                        "glavni": [
                            "https:\/\/www.file-upload.org\/ic8r9qjgagmb"
                        ],
                        "alternativni_1": [],
                        "alternativni_2": []
                    }
                },
                {
                    "episode_number": 20,
                    "title": "Epizoda 20",
                    "link_groups": {
                        "glavni": [
                            "https:\/\/www.file-upload.org\/57rof7yobzt7"
                        ],
                        "alternativni_1": [],
                        "alternativni_2": []
                    }
                },
                {
                    "episode_number": 21,
                    "title": "Epizoda 21",
                    "link_groups": {
                        "glavni": [
                            "https:\/\/www.file-upload.org\/3r7hv8psisni"
                        ],
                        "alternativni_1": [],
                        "alternativni_2": []
                    }
                },
                {
                    "episode_number": 22,
                    "title": "Epizoda 22",
                    "link_groups": {
                        "glavni": [
                            "https:\/\/www.file-upload.org\/vimv8thqramm"
                        ],
                        "alternativni_1": [],
                        "alternativni_2": []
                    }
                },
                {
                    "episode_number": 23,
                    "title": "Epizoda 23",
                    "link_groups": {
                        "glavni": [
                            "https:\/\/www.file-upload.org\/4vux7nmpjhrf"
                        ],
                        "alternativni_1": [],
                        "alternativni_2": []
                    }
                },
                {
                    "episode_number": 24,
                    "title": "Epizoda 24",
                    "link_groups": {
                        "glavni": [
                            "https:\/\/www.file-upload.org\/b7ycgq8zao3q"
                        ],
                        "alternativni_1": [],
                        "alternativni_2": []
                    }
                },
                {
                    "episode_number": 25,
                    "title": "Epizoda 25",
                    "link_groups": {
                        "glavni": [
                            "https:\/\/www.file-upload.org\/lotin7usqnbh"
                        ],
                        "alternativni_1": [],
                        "alternativni_2": []
                    }
                },
                {
                    "episode_number": 26,
                    "title": "Epizoda 26",
                    "link_groups": {
                        "glavni": [
                            "https:\/\/www.file-upload.org\/mi21lrbeo4qg"
                        ],
                        "alternativni_1": [],
                        "alternativni_2": []
                    }
                },
                {
                    "episode_number": 27,
                    "title": "Epizoda 27",
                    "link_groups": {
                        "glavni": [
                            "https:\/\/www.file-upload.org\/r9ex1zk7tyq1"
                        ],
                        "alternativni_1": [],
                        "alternativni_2": []
                    }
                },
                {
                    "episode_number": 28,
                    "title": "Epizoda 28",
                    "link_groups": {
                        "glavni": [
                            "https:\/\/www.file-upload.org\/sdq49qw1nz5y"
                        ],
                        "alternativni_1": [],
                        "alternativni_2": []
                    }
                },
                {
                    "episode_number": 29,
                    "title": "Epizoda 29",
                    "link_groups": {
                        "glavni": [
                            "https:\/\/www.file-upload.org\/05e4xjg02yy2"
                        ],
                        "alternativni_1": [],
                        "alternativni_2": []
                    }
                },
                {
                    "episode_number": 30,
                    "title": "Epizoda 30",
                    "link_groups": {
                        "glavni": [
                            "https:\/\/www.file-upload.org\/fxmgdq97xomb"
                        ],
                        "alternativni_1": [],
                        "alternativni_2": []
                    }
                },
                {
                    "episode_number": 31,
                    "title": "Epizoda 31",
                    "link_groups": {
                        "glavni": [
                            "https:\/\/www.file-upload.org\/7nyg11nrbj4q"
                        ],
                        "alternativni_1": [],
                        "alternativni_2": []
                    }
                },
                {
                    "episode_number": 32,
                    "title": "Epizoda 32",
                    "link_groups": {
                        "glavni": [
                            "https:\/\/www.file-upload.org\/z5aqyoiss0vc"
                        ],
                        "alternativni_1": [],
                        "alternativni_2": []
                    }
                },
                {
                    "episode_number": 33,
                    "title": "Epizoda 33",
                    "link_groups": {
                        "glavni": [
                            "https:\/\/www.file-upload.org\/nfwaeudrr3tx"
                        ],
                        "alternativni_1": [],
                        "alternativni_2": []
                    }
                },
                {
                    "episode_number": 34,
                    "title": "Epizoda 34",
                    "link_groups": {
                        "glavni": [
                            "https:\/\/www.file-upload.org\/0sla5d1zqzx3"
                        ],
                        "alternativni_1": [],
                        "alternativni_2": []
                    }
                },
                {
                    "episode_number": 35,
                    "title": "Epizoda 35",
                    "link_groups": {
                        "glavni": [
                            "https:\/\/www.file-upload.org\/ck6e0zts8afq"
                        ],
                        "alternativni_1": [],
                        "alternativni_2": []
                    }
                },
                {
                    "episode_number": 36,
                    "title": "Epizoda 36",
                    "link_groups": {
                        "glavni": [
                            "https:\/\/www.file-upload.org\/zgsz2lbmp47k"
                        ],
                        "alternativni_1": [],
                        "alternativni_2": []
                    }
                },
                {
                    "episode_number": 37,
                    "title": "Epizoda 37",
                    "link_groups": {
                        "glavni": [
                            "https:\/\/www.file-upload.org\/9eayj29n0e1t"
                        ],
                        "alternativni_1": [],
                        "alternativni_2": []
                    }
                },
                {
                    "episode_number": 38,
                    "title": "Epizoda 38",
                    "link_groups": {
                        "glavni": [
                            "https:\/\/www.file-upload.org\/chk63cigawru"
                        ],
                        "alternativni_1": [],
                        "alternativni_2": []
                    }
                },
                {
                    "episode_number": 39,
                    "title": "Epizoda 39",
                    "link_groups": {
                        "glavni": [
                            "https:\/\/www.file-upload.org\/5gtgdlhgq294"
                        ],
                        "alternativni_1": [],
                        "alternativni_2": []
                    }
                },
                {
                    "episode_number": 40,
                    "title": "Epizoda 40",
                    "link_groups": {
                        "glavni": [
                            "https:\/\/www.file-upload.org\/9righlcwqaxm"
                        ],
                        "alternativni_1": [],
                        "alternativni_2": []
                    }
                },
                {
                    "episode_number": 41,
                    "title": "Epizoda 41",
                    "link_groups": {
                        "glavni": [
                            "https:\/\/www.file-upload.org\/vyzw60vlqvcm"
                        ],
                        "alternativni_1": [],
                        "alternativni_2": []
                    }
                },
                {
                    "episode_number": 42,
                    "title": "Epizoda 42",
                    "link_groups": {
                        "glavni": [
                            "https:\/\/www.file-upload.org\/kbnxk2izsyof"
                        ],
                        "alternativni_1": [],
                        "alternativni_2": []
                    }
                },
                {
                    "episode_number": 43,
                    "title": "Epizoda 43",
                    "link_groups": {
                        "glavni": [
                            "https:\/\/www.file-upload.org\/qig34b12hrqi"
                        ],
                        "alternativni_1": [],
                        "alternativni_2": []
                    }
                }
            ]
        }
    }
}