{
    "title": "Tajkun",
    "plot": "U centru priče je Vladan Simonović, u Srbiji omražen zbog bogatstva koje je stekao tokom raspada Jugoslavije 90-ih godina prošlog veka. Ako je ranije iz senke mogao da upravlja svojom kompanijom, a donekle i privredom cele zemlje, političari na vlasti sada ga po potrebi stavljaju na svojevrsni stub srama, koristeći ga za jačanje svog političkog autoriteta.\r\n\r\nIstovremeno, isti političari sarađuju sa Simonovićevom konkurencijom i planiraju da sebe ili ljude iz svog najbližeg okruženja pretvore u novu klasu njima bespogovorno lojalnih tajkuna, sa prividno čistom prošlošću. Stoga pokušaj atentata na Simonovića neće od njega načiniti žrtvu u očima političara i medija pod njihovom kontrolom.",
    "thumb": "https:\/\/m.media-amazon.com\/images\/M\/MV5BYzk0ZWY5ODctNDA2MC00MDg4LThjNDEtOGY0N2FjZGViMTg4XkEyXkFqcGc@._V1_.jpg",
    "type": "serije",
    "created_at": "2025-06-11 00:52:16",
    "year": 2020,
    "seasons": {
        "1": {
            "title": "Sezona 1",
            "episodes": [
                {
                    "episode_number": 1,
                    "title": "Epizoda 1",
                    "link_groups": {
                        "glavni": [
                            "https:\/\/www.file-upload.org\/c6o6fyhyhk6b"
                        ],
                        "alternativni_1": [],
                        "alternativni_2": []
                    }
                },
                {
                    "episode_number": 2,
                    "title": "Epizoda 2",
                    "link_groups": {
                        "glavni": [
                            "https:\/\/www.file-upload.org\/krk2naovuib5"
                        ],
                        "alternativni_1": [],
                        "alternativni_2": []
                    }
                },
                {
                    "episode_number": 3,
                    "title": "Epizoda 3",
                    "link_groups": {
                        "glavni": [
                            "https:\/\/www.file-upload.org\/onx6jnnwcxd8"
                        ],
                        "alternativni_1": [],
                        "alternativni_2": []
                    }
                },
                {
                    "episode_number": 4,
                    "title": "Epizoda 4",
                    "link_groups": {
                        "glavni": [
                            "https:\/\/www.file-upload.org\/wnincrxdp1j2"
                        ],
                        "alternativni_1": [],
                        "alternativni_2": []
                    }
                },
                {
                    "episode_number": 5,
                    "title": "Epizoda 5",
                    "link_groups": {
                        "glavni": [
                            "https:\/\/www.file-upload.org\/rnus8nc6yi3b"
                        ],
                        "alternativni_1": [],
                        "alternativni_2": []
                    }
                },
                {
                    "episode_number": 6,
                    "title": "Epizoda 6",
                    "link_groups": {
                        "glavni": [
                            "https:\/\/www.file-upload.org\/6fczy26iks4l"
                        ],
                        "alternativni_1": [],
                        "alternativni_2": []
                    }
                },
                {
                    "episode_number": 7,
                    "title": "Epizoda 7",
                    "link_groups": {
                        "glavni": [
                            "https:\/\/www.file-upload.org\/43cm6h44hzxo"
                        ],
                        "alternativni_1": [],
                        "alternativni_2": []
                    }
                },
                {
                    "episode_number": 8,
                    "title": "Epizoda 8",
                    "link_groups": {
                        "glavni": [
                            "https:\/\/www.file-upload.org\/gyc1fi4gc6b3"
                        ],
                        "alternativni_1": [],
                        "alternativni_2": []
                    }
                },
                {
                    "episode_number": 9,
                    "title": "Epizoda 9",
                    "link_groups": {
                        "glavni": [
                            "https:\/\/www.file-upload.org\/xhjdbf1oap7c"
                        ],
                        "alternativni_1": [],
                        "alternativni_2": []
                    }
                },
                {
                    "episode_number": 10,
                    "title": "Epizoda 10",
                    "link_groups": {
                        "glavni": [
                            "https:\/\/www.file-upload.org\/0yh37a02ffaw"
                        ],
                        "alternativni_1": [],
                        "alternativni_2": []
                    }
                }
            ]
        }
    }
}