{
    "title": "Ime Naroda",
    "plot": "Serija prati život i rad uglednog advokata Svetozara Miletića, člana ugarskog parlamenta i doživotnog borca za prava i nezavisnost Srba u austrougarskoj Vojvodini.\r\n\r\nNakon što je više puta politički osuđivan njegovu borbu nastavljaju njegova ćerka i prva žena - novinar u Srbiji Milica Miletić i Jaša Tomić, Miletićev naslednik u Srpskoj slobodoumnoj stranci koji će i proglasiti prisajedinjenje Vojvodine Kraljevini Srbiji 1918 godine.\r\n\r\nOvo je ispreplitana priča o njima i njihovoj borbi, vlasti u Srbiji i problemima sa kojima se i društvo i dan danas suočava.\r\n\r\nPriča je ispričana kroz vizuru Svetozareve ćerke Milice Miletić - Tomić.",
    "thumb": "https:\/\/zillionfilm.com\/wp-content\/uploads\/2020\/09\/plakat-ime-naroda-zillion-film.jpg",
    "type": "serije",
    "created_at": "2025-05-30 12:07:23",
    "year": 2021,
    "seasons": {
        "1": {
            "title": "Sezona 1",
            "episodes": [
                {
                    "episode_number": 1,
                    "title": "Epizoda 1",
                    "link_groups": {
                        "glavni": [
                            "https:\/\/www.file-upload.org\/vgzzjk1v6l5h"
                        ],
                        "alternativni_1": [],
                        "alternativni_2": []
                    }
                },
                {
                    "episode_number": 2,
                    "title": "Epizoda 2",
                    "link_groups": {
                        "glavni": [
                            "https:\/\/www.file-upload.org\/txlw8ydapegw"
                        ],
                        "alternativni_1": [],
                        "alternativni_2": []
                    }
                },
                {
                    "episode_number": 3,
                    "title": "Epizoda 3",
                    "link_groups": {
                        "glavni": [
                            "https:\/\/www.file-upload.org\/yu810sfbsqac"
                        ],
                        "alternativni_1": [],
                        "alternativni_2": []
                    }
                },
                {
                    "episode_number": 4,
                    "title": "Epizoda 4",
                    "link_groups": {
                        "glavni": [
                            "https:\/\/www.file-upload.org\/89e7pc1cl2k3"
                        ],
                        "alternativni_1": [],
                        "alternativni_2": []
                    }
                },
                {
                    "episode_number": 5,
                    "title": "Epizoda 5",
                    "link_groups": {
                        "glavni": [
                            "https:\/\/www.file-upload.org\/58rf4j50ke6b"
                        ],
                        "alternativni_1": [],
                        "alternativni_2": []
                    }
                }
            ]
        }
    }
}