{
    "title": "Cetiri Ruze",
    "plot": "Šule u Beograd dolazi iz provincije, i već prvog dana uz posao obezbeđenja u lokalnom klubu, dobija nadimak Tarzan. U želji da bude deo gradske ekipe, on postaje “momak za sve”. Ispunjava svaki zahtev nadređenih. Tarzan želi da stekne poverenje svih. To će mu donekle i poći za rukom, i niko neće naslutiti da se iza njegovog pitomog lica krije velika tajna. Kada na beogradske ulice padne noć, klub „Četiri ruže“ otvoriće svoja vrata. Ka njemu će se sa periferije grada uputiti četiri devojke da proslave ugradnju silikona, večiti student Momčilo, fatalna glumica Tijana, vidovita Biki i ostala otkačena ekipa iz kraja. Svaka noć u klubu Četiri ruže pamtiće se po nečemu. Međutim, baš ova noć, u kojoj Tarzan iznenada nestaje, za sobom će povući niz događaja koji će do jutra svima njima promeniti živote",
    "thumb": "https:\/\/upload.wikimedia.org\/wikipedia\/sr\/thumb\/5\/59\/%C4%8Cetiri_ru%C5%BEe.jpeg\/250px-%C4%8Cetiri_ru%C5%BEe.jpeg",
    "type": "serije",
    "created_at": "2025-05-28 23:26:20",
    "year": 2019,
    "seasons": {
        "1": {
            "title": "Sezona 1",
            "episodes": [
                {
                    "episode_number": 1,
                    "title": "Epizoda 1",
                    "link_groups": {
                        "glavni": [
                            "https:\/\/www.file-upload.org\/xo96i5waypcg"
                        ],
                        "alternativni_1": [],
                        "alternativni_2": []
                    }
                },
                {
                    "episode_number": 2,
                    "title": "Epizoda 2",
                    "link_groups": {
                        "glavni": [
                            "https:\/\/www.file-upload.org\/q8qk4s4br8he"
                        ],
                        "alternativni_1": [],
                        "alternativni_2": []
                    }
                },
                {
                    "episode_number": 3,
                    "title": "Epizoda 3",
                    "link_groups": {
                        "glavni": [
                            "https:\/\/www.file-upload.org\/4yryv88t80vk"
                        ],
                        "alternativni_1": [],
                        "alternativni_2": []
                    }
                },
                {
                    "episode_number": 4,
                    "title": "Epizoda 4",
                    "link_groups": {
                        "glavni": [
                            "https:\/\/www.file-upload.org\/zwjku1cwfzlc"
                        ],
                        "alternativni_1": [],
                        "alternativni_2": []
                    }
                },
                {
                    "episode_number": 5,
                    "title": "Epizoda 5",
                    "link_groups": {
                        "glavni": [
                            "https:\/\/www.file-upload.org\/q3khh1lfh3lt"
                        ],
                        "alternativni_1": [],
                        "alternativni_2": []
                    }
                },
                {
                    "episode_number": 6,
                    "title": "Epizoda 6",
                    "link_groups": {
                        "glavni": [
                            "https:\/\/www.file-upload.org\/5iuvoo6a41yn"
                        ],
                        "alternativni_1": [],
                        "alternativni_2": []
                    }
                }
            ]
        }
    }
}