{
    "title": "Inspektore Gavricu, Nije On Takav",
    "plot": "Glavni junak Boško je inteligentan, obrazovan, oprezan, šarmantan, romantičan i magično privlačan za žene. Ostavlja utisak čoveka u koga se možete pouzdati. S druge strane, on je prevarant koji svoje manipulatorske metode najčešće primenjuje u gradskoj železnici, udvarajući se isključivo lepim, usamljenim ženama i kada one \"zagrizu mamac\" od njih izvlači novac.\r\n\r\nSve će krenuti naopako kada stupi u vezu sa sestrom moćnog tajkuna, koja će zbog neuzvraćene ljubavi sebi prerezati vene, a želeći se osvetiti, brat će u poteru za Boškom poslati opasne tipove.",
    "thumb": "https:\/\/cinesseum.com\/img\/auto\/auto\/series\/maNijeOnTakavSerija\/ma-nije-on-takav-serija-poster.jpg",
    "type": "serije",
    "created_at": "2025-05-30 12:09:57",
    "year": 2010,
    "seasons": {
        "1": {
            "title": "Sezona 1",
            "episodes": [
                {
                    "episode_number": 1,
                    "title": "Epizoda 1",
                    "link_groups": {
                        "glavni": [
                            "https:\/\/www.file-upload.org\/6iroo63eq2nu"
                        ],
                        "alternativni_1": [],
                        "alternativni_2": []
                    }
                },
                {
                    "episode_number": 2,
                    "title": "Epizoda 2",
                    "link_groups": {
                        "glavni": [
                            "https:\/\/www.file-upload.org\/cznpbtoiwpur"
                        ],
                        "alternativni_1": [],
                        "alternativni_2": []
                    }
                },
                {
                    "episode_number": 3,
                    "title": "Epizoda 3",
                    "link_groups": {
                        "glavni": [
                            "https:\/\/www.file-upload.org\/xpqrcv1s9p4z"
                        ],
                        "alternativni_1": [],
                        "alternativni_2": []
                    }
                },
                {
                    "episode_number": 4,
                    "title": "Epizoda 4",
                    "link_groups": {
                        "glavni": [
                            "https:\/\/www.file-upload.org\/xbi5u2h0dgw1"
                        ],
                        "alternativni_1": [],
                        "alternativni_2": []
                    }
                }
            ]
        }
    }
}