{
    "title": "Jelena",
    "plot": "Jelena je naziv prve srpske telenovele ikada snimljene. Seriju je za tadašnju BK TV snimala produkcijska kuća PowerHouse Entertainment, čiji je vlasnik Saša D. Karić.\r\n\r\nOva telenovela je snimana 2004. i 2005. godine. Radnja bazira na scenariju od 110 epizoda, čiji je autor Meksikanac Hoakin Herero Kasasola (Joaquín Guerrero Casasola). Seriju su režirali Andrej Aćin i Dejan Zečević, dok je urednik serije bila Katarina Aleksić. Glavnu muzičku temu „Sada znam”, izvodili su Danica Karić i Dušan Zrnić, dok je instrumentalnu verziju za odjavnu špicu izveo orkestar starogradske muzike „Triole”. Pesmu „Mrva sreće”, koja je takođe često korišćena kao muzička podloga, izvodila je Milica Babić. Serija je rađena po ugledu na latinoameričke telenovele, ali je radnja prilagođena našem podneblju. Jelena je imala izuzetno visok budžet (oko 4 miliona evra), i snimalo je se na ekskluzivnim lokacijama u Beogradu. Kako bi se Jelena što bolje promovisala, prva epizoda je 18. oktobra 2004. emitovana na Trgu republike, putem video-bima. Za novinare je bila posebna projekcija u takvud sinepleksu (Tuckwood Cineplex). Grad je bio oblepljen reklamnim plakatima sa natpisima: „Šta Ratko smera?”, „Šta razdvaja Sašu i Helen?”, „Koga sanja Jelena?” i drugim.\r\nJelena je još 2004. godine, tokom snimanja prodata u 12 država. Na prostoru bivše Jugoslavije je bila jako uspešna (čak uspešnija nego u samoj Srbiji) i doživela je brojne reprize. Na godišnjem samitu televizijske igrane forme u Budimpešti je nagrađena za najbolji scenario, još ispred američke sapunice Odvažni i lepi (The Bold and the Beautiful).",
    "thumb": "https:\/\/m.media-amazon.com\/images\/M\/MV5BZWRjZTY5MjctZTZmNC00ZDZlLWE2NzEtMWMyN2NmZWRiY2Q2XkEyXkFqcGc@._V1_.jpg",
    "type": "serije",
    "created_at": "2025-05-30 12:33:26",
    "year": 2004,
    "seasons": {
        "1": {
            "title": "Sezona 1",
            "episodes": [
                {
                    "episode_number": 1,
                    "title": "Epizoda 1",
                    "link_groups": {
                        "glavni": [
                            "https:\/\/www.file-upload.org\/zb1awxyv577s"
                        ],
                        "alternativni_1": [],
                        "alternativni_2": []
                    }
                },
                {
                    "episode_number": 2,
                    "title": "Epizoda 2",
                    "link_groups": {
                        "glavni": [
                            "https:\/\/www.file-upload.org\/t9jsz661q9cm"
                        ],
                        "alternativni_1": [],
                        "alternativni_2": []
                    }
                },
                {
                    "episode_number": 3,
                    "title": "Epizoda 3",
                    "link_groups": {
                        "glavni": [
                            "https:\/\/www.file-upload.org\/4r3ikaoimsoz"
                        ],
                        "alternativni_1": [],
                        "alternativni_2": []
                    }
                },
                {
                    "episode_number": 4,
                    "title": "Epizoda 4",
                    "link_groups": {
                        "glavni": [
                            "https:\/\/www.file-upload.org\/djiyhj22oxwa"
                        ],
                        "alternativni_1": [],
                        "alternativni_2": []
                    }
                },
                {
                    "episode_number": 5,
                    "title": "Epizoda 5",
                    "link_groups": {
                        "glavni": [
                            "https:\/\/www.file-upload.org\/yghzqgmvhgm0"
                        ],
                        "alternativni_1": [],
                        "alternativni_2": []
                    }
                },
                {
                    "episode_number": 6,
                    "title": "Epizoda 6",
                    "link_groups": {
                        "glavni": [
                            "https:\/\/www.file-upload.org\/ok0tnectl4jk"
                        ],
                        "alternativni_1": [],
                        "alternativni_2": []
                    }
                },
                {
                    "episode_number": 7,
                    "title": "Epizoda 7",
                    "link_groups": {
                        "glavni": [
                            "https:\/\/www.file-upload.org\/ga4dqxkt24kn"
                        ],
                        "alternativni_1": [],
                        "alternativni_2": []
                    }
                },
                {
                    "episode_number": 8,
                    "title": "Epizoda 8",
                    "link_groups": {
                        "glavni": [
                            "https:\/\/www.file-upload.org\/x6pguwq9eoow"
                        ],
                        "alternativni_1": [],
                        "alternativni_2": []
                    }
                },
                {
                    "episode_number": 9,
                    "title": "Epizoda 9",
                    "link_groups": {
                        "glavni": [
                            "https:\/\/www.file-upload.org\/flvddljrds8k"
                        ],
                        "alternativni_1": [],
                        "alternativni_2": []
                    }
                },
                {
                    "episode_number": 10,
                    "title": "Epizoda 10",
                    "link_groups": {
                        "glavni": [
                            "https:\/\/www.file-upload.org\/8obupw6jyh8c"
                        ],
                        "alternativni_1": [],
                        "alternativni_2": []
                    }
                },
                {
                    "episode_number": 11,
                    "title": "Epizoda 11",
                    "link_groups": {
                        "glavni": [
                            "https:\/\/www.file-upload.org\/xneb1gv2o6mb"
                        ],
                        "alternativni_1": [],
                        "alternativni_2": []
                    }
                },
                {
                    "episode_number": 12,
                    "title": "Epizoda 12",
                    "link_groups": {
                        "glavni": [
                            "https:\/\/www.file-upload.org\/tkj7eh9ub82n"
                        ],
                        "alternativni_1": [],
                        "alternativni_2": []
                    }
                },
                {
                    "episode_number": 13,
                    "title": "Epizoda 13",
                    "link_groups": {
                        "glavni": [
                            "https:\/\/www.file-upload.org\/mkukzat7h61e"
                        ],
                        "alternativni_1": [],
                        "alternativni_2": []
                    }
                },
                {
                    "episode_number": 14,
                    "title": "Epizoda 14",
                    "link_groups": {
                        "glavni": [
                            "https:\/\/www.file-upload.org\/ztwejqo8zipn"
                        ],
                        "alternativni_1": [],
                        "alternativni_2": []
                    }
                },
                {
                    "episode_number": 15,
                    "title": "Epizoda 15",
                    "link_groups": {
                        "glavni": [
                            "https:\/\/www.file-upload.org\/363qr1rqg26h"
                        ],
                        "alternativni_1": [],
                        "alternativni_2": []
                    }
                },
                {
                    "episode_number": 16,
                    "title": "Epizoda 16",
                    "link_groups": {
                        "glavni": [
                            "https:\/\/www.file-upload.org\/2dzsr5q1ter9"
                        ],
                        "alternativni_1": [],
                        "alternativni_2": []
                    }
                },
                {
                    "episode_number": 17,
                    "title": "Epizoda 17",
                    "link_groups": {
                        "glavni": [
                            "https:\/\/www.file-upload.org\/4t08z94hdoby"
                        ],
                        "alternativni_1": [],
                        "alternativni_2": []
                    }
                },
                {
                    "episode_number": 18,
                    "title": "Epizoda 18",
                    "link_groups": {
                        "glavni": [
                            "https:\/\/www.file-upload.org\/ym04krpcts44"
                        ],
                        "alternativni_1": [],
                        "alternativni_2": []
                    }
                },
                {
                    "episode_number": 19,
                    "title": "Epizoda 19",
                    "link_groups": {
                        "glavni": [
                            "https:\/\/www.file-upload.org\/hkxdlucr7jmm"
                        ],
                        "alternativni_1": [],
                        "alternativni_2": []
                    }
                },
                {
                    "episode_number": 20,
                    "title": "Epizoda 20",
                    "link_groups": {
                        "glavni": [
                            "https:\/\/www.file-upload.org\/8v5vauq1v2v6"
                        ],
                        "alternativni_1": [],
                        "alternativni_2": []
                    }
                },
                {
                    "episode_number": 21,
                    "title": "Epizoda 21",
                    "link_groups": {
                        "glavni": [
                            "https:\/\/www.file-upload.org\/lh6v4ht3k5ur"
                        ],
                        "alternativni_1": [],
                        "alternativni_2": []
                    }
                },
                {
                    "episode_number": 22,
                    "title": "Epizoda 22",
                    "link_groups": {
                        "glavni": [
                            "https:\/\/www.file-upload.org\/7dk6rfyn1bmu"
                        ],
                        "alternativni_1": [],
                        "alternativni_2": []
                    }
                },
                {
                    "episode_number": 23,
                    "title": "Epizoda 23",
                    "link_groups": {
                        "glavni": [
                            "https:\/\/www.file-upload.org\/ohbaqw6wv7zz"
                        ],
                        "alternativni_1": [],
                        "alternativni_2": []
                    }
                },
                {
                    "episode_number": 24,
                    "title": "Epizoda 24",
                    "link_groups": {
                        "glavni": [
                            "https:\/\/www.file-upload.org\/qn5uq0ddxoqy"
                        ],
                        "alternativni_1": [],
                        "alternativni_2": []
                    }
                },
                {
                    "episode_number": 25,
                    "title": "Epizoda 25",
                    "link_groups": {
                        "glavni": [
                            "https:\/\/www.file-upload.org\/npy8dsm8mtmd"
                        ],
                        "alternativni_1": [],
                        "alternativni_2": []
                    }
                },
                {
                    "episode_number": 26,
                    "title": "Epizoda 26",
                    "link_groups": {
                        "glavni": [
                            "https:\/\/www.file-upload.org\/83mubulrpntn"
                        ],
                        "alternativni_1": [],
                        "alternativni_2": []
                    }
                },
                {
                    "episode_number": 27,
                    "title": "Epizoda 27",
                    "link_groups": {
                        "glavni": [
                            "https:\/\/www.file-upload.org\/lexavk5gheat"
                        ],
                        "alternativni_1": [],
                        "alternativni_2": []
                    }
                },
                {
                    "episode_number": 28,
                    "title": "Epizoda 28",
                    "link_groups": {
                        "glavni": [
                            "https:\/\/www.file-upload.org\/h82nyks4w0g3"
                        ],
                        "alternativni_1": [],
                        "alternativni_2": []
                    }
                },
                {
                    "episode_number": 29,
                    "title": "Epizoda 29",
                    "link_groups": {
                        "glavni": [
                            "https:\/\/www.file-upload.org\/hw3fw3b1jobg"
                        ],
                        "alternativni_1": [],
                        "alternativni_2": []
                    }
                },
                {
                    "episode_number": 30,
                    "title": "Epizoda 30",
                    "link_groups": {
                        "glavni": [
                            "https:\/\/www.file-upload.org\/pv7dherlfq6b"
                        ],
                        "alternativni_1": [],
                        "alternativni_2": []
                    }
                },
                {
                    "episode_number": 31,
                    "title": "Epizoda 31",
                    "link_groups": {
                        "glavni": [
                            "https:\/\/www.file-upload.org\/b5fkur0alncd"
                        ],
                        "alternativni_1": [],
                        "alternativni_2": []
                    }
                },
                {
                    "episode_number": 32,
                    "title": "Epizoda 32",
                    "link_groups": {
                        "glavni": [
                            "https:\/\/www.file-upload.org\/gdv00dj5xxm3"
                        ],
                        "alternativni_1": [],
                        "alternativni_2": []
                    }
                },
                {
                    "episode_number": 33,
                    "title": "Epizoda 33",
                    "link_groups": {
                        "glavni": [
                            "https:\/\/www.file-upload.org\/4a0al7au5s25"
                        ],
                        "alternativni_1": [],
                        "alternativni_2": []
                    }
                },
                {
                    "episode_number": 34,
                    "title": "Epizoda 34",
                    "link_groups": {
                        "glavni": [
                            "https:\/\/www.file-upload.org\/rhaln3qxlvsa"
                        ],
                        "alternativni_1": [],
                        "alternativni_2": []
                    }
                },
                {
                    "episode_number": 35,
                    "title": "Epizoda 35",
                    "link_groups": {
                        "glavni": [
                            "https:\/\/www.file-upload.org\/xxk2hhrsoli5"
                        ],
                        "alternativni_1": [],
                        "alternativni_2": []
                    }
                },
                {
                    "episode_number": 36,
                    "title": "Epizoda 36",
                    "link_groups": {
                        "glavni": [
                            "https:\/\/www.file-upload.org\/txidub0qafut"
                        ],
                        "alternativni_1": [],
                        "alternativni_2": []
                    }
                },
                {
                    "episode_number": 37,
                    "title": "Epizoda 37",
                    "link_groups": {
                        "glavni": [
                            "https:\/\/www.file-upload.org\/7277vmei8sq5"
                        ],
                        "alternativni_1": [],
                        "alternativni_2": []
                    }
                },
                {
                    "episode_number": 38,
                    "title": "Epizoda 38",
                    "link_groups": {
                        "glavni": [
                            "https:\/\/www.file-upload.org\/wqkk4gc3lrvc"
                        ],
                        "alternativni_1": [],
                        "alternativni_2": []
                    }
                },
                {
                    "episode_number": 39,
                    "title": "Epizoda 39",
                    "link_groups": {
                        "glavni": [
                            "https:\/\/www.file-upload.org\/lf43lrnjj7b2"
                        ],
                        "alternativni_1": [],
                        "alternativni_2": []
                    }
                },
                {
                    "episode_number": 40,
                    "title": "Epizoda 40",
                    "link_groups": {
                        "glavni": [
                            "https:\/\/www.file-upload.org\/s1e0edm6brq5"
                        ],
                        "alternativni_1": [],
                        "alternativni_2": []
                    }
                },
                {
                    "episode_number": 41,
                    "title": "Epizoda 41",
                    "link_groups": {
                        "glavni": [
                            "https:\/\/www.file-upload.org\/le9qqhk2d9bj"
                        ],
                        "alternativni_1": [],
                        "alternativni_2": []
                    }
                },
                {
                    "episode_number": 42,
                    "title": "Epizoda 42",
                    "link_groups": {
                        "glavni": [
                            "https:\/\/www.file-upload.org\/pe167x1y729h"
                        ],
                        "alternativni_1": [],
                        "alternativni_2": []
                    }
                },
                {
                    "episode_number": 43,
                    "title": "Epizoda 43",
                    "link_groups": {
                        "glavni": [
                            "https:\/\/www.file-upload.org\/s1n67t39dqs3"
                        ],
                        "alternativni_1": [],
                        "alternativni_2": []
                    }
                },
                {
                    "episode_number": 44,
                    "title": "Epizoda 44",
                    "link_groups": {
                        "glavni": [
                            "https:\/\/www.file-upload.org\/trj6imlt51at"
                        ],
                        "alternativni_1": [],
                        "alternativni_2": []
                    }
                },
                {
                    "episode_number": 45,
                    "title": "Epizoda 45",
                    "link_groups": {
                        "glavni": [
                            "https:\/\/www.file-upload.org\/7myo53hw9b12"
                        ],
                        "alternativni_1": [],
                        "alternativni_2": []
                    }
                },
                {
                    "episode_number": 46,
                    "title": "Epizoda 46",
                    "link_groups": {
                        "glavni": [
                            "https:\/\/www.file-upload.org\/33u883w3xxt5"
                        ],
                        "alternativni_1": [],
                        "alternativni_2": []
                    }
                },
                {
                    "episode_number": 47,
                    "title": "Epizoda 47",
                    "link_groups": {
                        "glavni": [
                            "https:\/\/www.file-upload.org\/4e95s0evjqo8"
                        ],
                        "alternativni_1": [],
                        "alternativni_2": []
                    }
                },
                {
                    "episode_number": 48,
                    "title": "Epizoda 48",
                    "link_groups": {
                        "glavni": [
                            "https:\/\/www.file-upload.org\/3g7n3n3g7sv9"
                        ],
                        "alternativni_1": [],
                        "alternativni_2": []
                    }
                },
                {
                    "episode_number": 49,
                    "title": "Epizoda 49",
                    "link_groups": {
                        "glavni": [
                            "https:\/\/www.file-upload.org\/c2m9676dkie8"
                        ],
                        "alternativni_1": [],
                        "alternativni_2": []
                    }
                },
                {
                    "episode_number": 50,
                    "title": "Epizoda 50",
                    "link_groups": {
                        "glavni": [
                            "https:\/\/www.file-upload.org\/hzxutthoophw"
                        ],
                        "alternativni_1": [],
                        "alternativni_2": []
                    }
                },
                {
                    "episode_number": 51,
                    "title": "Epizoda 51",
                    "link_groups": {
                        "glavni": [
                            "https:\/\/www.file-upload.org\/l5bi27y90fne"
                        ],
                        "alternativni_1": [],
                        "alternativni_2": []
                    }
                },
                {
                    "episode_number": 52,
                    "title": "Epizoda 52",
                    "link_groups": {
                        "glavni": [
                            "https:\/\/www.file-upload.org\/d3s8smc4c2uj"
                        ],
                        "alternativni_1": [],
                        "alternativni_2": []
                    }
                },
                {
                    "episode_number": 53,
                    "title": "Epizoda 53",
                    "link_groups": {
                        "glavni": [
                            "https:\/\/www.file-upload.org\/50z7oei8d81a"
                        ],
                        "alternativni_1": [],
                        "alternativni_2": []
                    }
                },
                {
                    "episode_number": 54,
                    "title": "Epizoda 54",
                    "link_groups": {
                        "glavni": [
                            "https:\/\/www.file-upload.org\/1ekmm5c578j3"
                        ],
                        "alternativni_1": [],
                        "alternativni_2": []
                    }
                },
                {
                    "episode_number": 55,
                    "title": "Epizoda 55",
                    "link_groups": {
                        "glavni": [
                            "https:\/\/www.file-upload.org\/ffywagbnw9ls"
                        ],
                        "alternativni_1": [],
                        "alternativni_2": []
                    }
                },
                {
                    "episode_number": 56,
                    "title": "Epizoda 56",
                    "link_groups": {
                        "glavni": [
                            "https:\/\/www.file-upload.org\/1i7x4bcd15iw"
                        ],
                        "alternativni_1": [],
                        "alternativni_2": []
                    }
                },
                {
                    "episode_number": 57,
                    "title": "Epizoda 57",
                    "link_groups": {
                        "glavni": [
                            "https:\/\/www.file-upload.org\/pzfqzyzbr2gg"
                        ],
                        "alternativni_1": [],
                        "alternativni_2": []
                    }
                },
                {
                    "episode_number": 58,
                    "title": "Epizoda 58",
                    "link_groups": {
                        "glavni": [
                            "https:\/\/www.file-upload.org\/mmtw15nw2ln2"
                        ],
                        "alternativni_1": [],
                        "alternativni_2": []
                    }
                },
                {
                    "episode_number": 59,
                    "title": "Epizoda 59",
                    "link_groups": {
                        "glavni": [
                            "https:\/\/www.file-upload.org\/7py3kwyvyk7d"
                        ],
                        "alternativni_1": [],
                        "alternativni_2": []
                    }
                },
                {
                    "episode_number": 60,
                    "title": "Epizoda 60",
                    "link_groups": {
                        "glavni": [
                            "https:\/\/www.file-upload.org\/11z6r53n7azz"
                        ],
                        "alternativni_1": [],
                        "alternativni_2": []
                    }
                },
                {
                    "episode_number": 61,
                    "title": "Epizoda 61",
                    "link_groups": {
                        "glavni": [
                            "https:\/\/www.file-upload.org\/db5h4s2y3h9s"
                        ],
                        "alternativni_1": [],
                        "alternativni_2": []
                    }
                },
                {
                    "episode_number": 62,
                    "title": "Epizoda 62",
                    "link_groups": {
                        "glavni": [
                            "https:\/\/www.file-upload.org\/ew0ksquvrr8x"
                        ],
                        "alternativni_1": [],
                        "alternativni_2": []
                    }
                },
                {
                    "episode_number": 63,
                    "title": "Epizoda 63",
                    "link_groups": {
                        "glavni": [
                            "https:\/\/www.file-upload.org\/d8yobcq6ubuc"
                        ],
                        "alternativni_1": [],
                        "alternativni_2": []
                    }
                },
                {
                    "episode_number": 64,
                    "title": "Epizoda 64",
                    "link_groups": {
                        "glavni": [
                            "https:\/\/www.file-upload.org\/cxitecn5dlz5"
                        ],
                        "alternativni_1": [],
                        "alternativni_2": []
                    }
                },
                {
                    "episode_number": 65,
                    "title": "Epizoda 65",
                    "link_groups": {
                        "glavni": [
                            "https:\/\/www.file-upload.org\/vbfiaeb63bx3"
                        ],
                        "alternativni_1": [],
                        "alternativni_2": []
                    }
                },
                {
                    "episode_number": 66,
                    "title": "Epizoda 66",
                    "link_groups": {
                        "glavni": [
                            "https:\/\/www.file-upload.org\/wkfvcd94q4n8"
                        ],
                        "alternativni_1": [],
                        "alternativni_2": []
                    }
                },
                {
                    "episode_number": 67,
                    "title": "Epizoda 67",
                    "link_groups": {
                        "glavni": [
                            "https:\/\/www.file-upload.org\/qk6lhjk17plt"
                        ],
                        "alternativni_1": [],
                        "alternativni_2": []
                    }
                },
                {
                    "episode_number": 68,
                    "title": "Epizoda 68",
                    "link_groups": {
                        "glavni": [
                            "https:\/\/www.file-upload.org\/uqw3xhte12oo"
                        ],
                        "alternativni_1": [],
                        "alternativni_2": []
                    }
                },
                {
                    "episode_number": 69,
                    "title": "Epizoda 69",
                    "link_groups": {
                        "glavni": [
                            "https:\/\/www.file-upload.org\/gr9ow7o1d9bq"
                        ],
                        "alternativni_1": [],
                        "alternativni_2": []
                    }
                },
                {
                    "episode_number": 70,
                    "title": "Epizoda 70",
                    "link_groups": {
                        "glavni": [
                            "https:\/\/www.file-upload.org\/l3zs2bc2ia3g"
                        ],
                        "alternativni_1": [],
                        "alternativni_2": []
                    }
                },
                {
                    "episode_number": 71,
                    "title": "Epizoda 71",
                    "link_groups": {
                        "glavni": [
                            "https:\/\/www.file-upload.org\/3prjb8oh2j61"
                        ],
                        "alternativni_1": [],
                        "alternativni_2": []
                    }
                },
                {
                    "episode_number": 72,
                    "title": "Epizoda 72",
                    "link_groups": {
                        "glavni": [
                            "https:\/\/www.file-upload.org\/k31vgd1so91l"
                        ],
                        "alternativni_1": [],
                        "alternativni_2": []
                    }
                },
                {
                    "episode_number": 73,
                    "title": "Epizoda 73",
                    "link_groups": {
                        "glavni": [
                            "https:\/\/www.file-upload.org\/6z70wysfvfhr"
                        ],
                        "alternativni_1": [],
                        "alternativni_2": []
                    }
                },
                {
                    "episode_number": 74,
                    "title": "Epizoda 74",
                    "link_groups": {
                        "glavni": [
                            "https:\/\/www.file-upload.org\/w2q4k811jjhd"
                        ],
                        "alternativni_1": [],
                        "alternativni_2": []
                    }
                },
                {
                    "episode_number": 75,
                    "title": "Epizoda 75",
                    "link_groups": {
                        "glavni": [
                            "https:\/\/www.file-upload.org\/3lg5huq0epic"
                        ],
                        "alternativni_1": [],
                        "alternativni_2": []
                    }
                },
                {
                    "episode_number": 76,
                    "title": "Epizoda 76",
                    "link_groups": {
                        "glavni": [
                            "https:\/\/www.file-upload.org\/s36hp0ypsa1l"
                        ],
                        "alternativni_1": [],
                        "alternativni_2": []
                    }
                },
                {
                    "episode_number": 77,
                    "title": "Epizoda 77",
                    "link_groups": {
                        "glavni": [
                            "https:\/\/www.file-upload.org\/5y5nag6zk5xy"
                        ],
                        "alternativni_1": [],
                        "alternativni_2": []
                    }
                },
                {
                    "episode_number": 78,
                    "title": "Epizoda 78",
                    "link_groups": {
                        "glavni": [
                            "https:\/\/www.file-upload.org\/gh5xkqk80lxq"
                        ],
                        "alternativni_1": [],
                        "alternativni_2": []
                    }
                },
                {
                    "episode_number": 79,
                    "title": "Epizoda 79",
                    "link_groups": {
                        "glavni": [
                            "https:\/\/www.file-upload.org\/9n7nmag2ksah"
                        ],
                        "alternativni_1": [],
                        "alternativni_2": []
                    }
                },
                {
                    "episode_number": 80,
                    "title": "Epizoda 80",
                    "link_groups": {
                        "glavni": [
                            "https:\/\/www.file-upload.org\/mpt0xx62z3lu"
                        ],
                        "alternativni_1": [],
                        "alternativni_2": []
                    }
                },
                {
                    "episode_number": 81,
                    "title": "Epizoda 81",
                    "link_groups": {
                        "glavni": [
                            "https:\/\/www.file-upload.org\/qy36fu4x9h0h"
                        ],
                        "alternativni_1": [],
                        "alternativni_2": []
                    }
                },
                {
                    "episode_number": 82,
                    "title": "Epizoda 82",
                    "link_groups": {
                        "glavni": [
                            "https:\/\/www.file-upload.org\/7pzk23yrxh16"
                        ],
                        "alternativni_1": [],
                        "alternativni_2": []
                    }
                },
                {
                    "episode_number": 83,
                    "title": "Epizoda 83",
                    "link_groups": {
                        "glavni": [
                            "https:\/\/www.file-upload.org\/bryxcqfvyi65"
                        ],
                        "alternativni_1": [],
                        "alternativni_2": []
                    }
                },
                {
                    "episode_number": 84,
                    "title": "Epizoda 84",
                    "link_groups": {
                        "glavni": [
                            "https:\/\/www.file-upload.org\/1gs82yxdkhbz"
                        ],
                        "alternativni_1": [],
                        "alternativni_2": []
                    }
                },
                {
                    "episode_number": 85,
                    "title": "Epizoda 85",
                    "link_groups": {
                        "glavni": [
                            "https:\/\/www.file-upload.org\/5p9r7ig0a7os"
                        ],
                        "alternativni_1": [],
                        "alternativni_2": []
                    }
                },
                {
                    "episode_number": 86,
                    "title": "Epizoda 86",
                    "link_groups": {
                        "glavni": [
                            "https:\/\/www.file-upload.org\/h9q2bwxuay1i"
                        ],
                        "alternativni_1": [],
                        "alternativni_2": []
                    }
                },
                {
                    "episode_number": 87,
                    "title": "Epizoda 87",
                    "link_groups": {
                        "glavni": [
                            "https:\/\/www.file-upload.org\/8lerdkmjsc1n"
                        ],
                        "alternativni_1": [],
                        "alternativni_2": []
                    }
                },
                {
                    "episode_number": 88,
                    "title": "Epizoda 88",
                    "link_groups": {
                        "glavni": [
                            "https:\/\/www.file-upload.org\/yl4uzap1m4ff"
                        ],
                        "alternativni_1": [],
                        "alternativni_2": []
                    }
                },
                {
                    "episode_number": 89,
                    "title": "Epizoda 89",
                    "link_groups": {
                        "glavni": [
                            "https:\/\/www.file-upload.org\/6c8wtkdqdv2r"
                        ],
                        "alternativni_1": [],
                        "alternativni_2": []
                    }
                },
                {
                    "episode_number": 90,
                    "title": "Epizoda 90",
                    "link_groups": {
                        "glavni": [
                            "https:\/\/www.file-upload.org\/lwt402cj30o5"
                        ],
                        "alternativni_1": [],
                        "alternativni_2": []
                    }
                },
                {
                    "episode_number": 91,
                    "title": "Epizoda 91",
                    "link_groups": {
                        "glavni": [
                            "https:\/\/www.file-upload.org\/638ws155u9f0"
                        ],
                        "alternativni_1": [],
                        "alternativni_2": []
                    }
                },
                {
                    "episode_number": 92,
                    "title": "Epizoda 92",
                    "link_groups": {
                        "glavni": [
                            "https:\/\/www.file-upload.org\/vkqih9kkc9jd"
                        ],
                        "alternativni_1": [],
                        "alternativni_2": []
                    }
                },
                {
                    "episode_number": 93,
                    "title": "Epizoda 93",
                    "link_groups": {
                        "glavni": [
                            "https:\/\/www.file-upload.org\/mbmczsjggyt0"
                        ],
                        "alternativni_1": [],
                        "alternativni_2": []
                    }
                },
                {
                    "episode_number": 94,
                    "title": "Epizoda 94",
                    "link_groups": {
                        "glavni": [
                            "https:\/\/www.file-upload.org\/ns4l0dcuy79k"
                        ],
                        "alternativni_1": [],
                        "alternativni_2": []
                    }
                },
                {
                    "episode_number": 95,
                    "title": "Epizoda 95",
                    "link_groups": {
                        "glavni": [
                            "https:\/\/www.file-upload.org\/zmgxz5ehoi3y"
                        ],
                        "alternativni_1": [],
                        "alternativni_2": []
                    }
                },
                {
                    "episode_number": 96,
                    "title": "Epizoda 96",
                    "link_groups": {
                        "glavni": [
                            "https:\/\/www.file-upload.org\/u21t7iu84lov"
                        ],
                        "alternativni_1": [],
                        "alternativni_2": []
                    }
                },
                {
                    "episode_number": 97,
                    "title": "Epizoda 97",
                    "link_groups": {
                        "glavni": [
                            "https:\/\/www.file-upload.org\/qlco2asupx3x"
                        ],
                        "alternativni_1": [],
                        "alternativni_2": []
                    }
                },
                {
                    "episode_number": 98,
                    "title": "Epizoda 98",
                    "link_groups": {
                        "glavni": [
                            "https:\/\/www.file-upload.org\/n9jfuw6lt2ju"
                        ],
                        "alternativni_1": [],
                        "alternativni_2": []
                    }
                },
                {
                    "episode_number": 99,
                    "title": "Epizoda 99",
                    "link_groups": {
                        "glavni": [
                            "https:\/\/www.file-upload.org\/fc5chzz4thj0"
                        ],
                        "alternativni_1": [],
                        "alternativni_2": []
                    }
                },
                {
                    "episode_number": 100,
                    "title": "Epizoda 100",
                    "link_groups": {
                        "glavni": [
                            "https:\/\/www.file-upload.org\/kw2qk9zrtfkz"
                        ],
                        "alternativni_1": [],
                        "alternativni_2": []
                    }
                },
                {
                    "episode_number": 101,
                    "title": "Epizoda 101",
                    "link_groups": {
                        "glavni": [
                            "https:\/\/www.file-upload.org\/8nykge1pa1s0"
                        ],
                        "alternativni_1": [],
                        "alternativni_2": []
                    }
                },
                {
                    "episode_number": 102,
                    "title": "Epizoda 102",
                    "link_groups": {
                        "glavni": [
                            "https:\/\/www.file-upload.org\/t6nyrwokg8ri"
                        ],
                        "alternativni_1": [],
                        "alternativni_2": []
                    }
                },
                {
                    "episode_number": 103,
                    "title": "Epizoda 103",
                    "link_groups": {
                        "glavni": [
                            "https:\/\/www.file-upload.org\/s5vs301ph5l5"
                        ],
                        "alternativni_1": [],
                        "alternativni_2": []
                    }
                },
                {
                    "episode_number": 104,
                    "title": "Epizoda 104",
                    "link_groups": {
                        "glavni": [
                            "https:\/\/www.file-upload.org\/xjsqj8r3ht7c"
                        ],
                        "alternativni_1": [],
                        "alternativni_2": []
                    }
                },
                {
                    "episode_number": 105,
                    "title": "Epizoda 105",
                    "link_groups": {
                        "glavni": [
                            "https:\/\/www.file-upload.org\/t2zpm6le5iyh"
                        ],
                        "alternativni_1": [],
                        "alternativni_2": []
                    }
                },
                {
                    "episode_number": 106,
                    "title": "Epizoda 106",
                    "link_groups": {
                        "glavni": [
                            "https:\/\/www.file-upload.org\/wcywgefx8n0p"
                        ],
                        "alternativni_1": [],
                        "alternativni_2": []
                    }
                },
                {
                    "episode_number": 107,
                    "title": "Epizoda 107",
                    "link_groups": {
                        "glavni": [
                            "https:\/\/www.file-upload.org\/kymrus5vcpz7"
                        ],
                        "alternativni_1": [],
                        "alternativni_2": []
                    }
                },
                {
                    "episode_number": 108,
                    "title": "Epizoda 108",
                    "link_groups": {
                        "glavni": [
                            "https:\/\/www.file-upload.org\/zvno36tvb1hv"
                        ],
                        "alternativni_1": [],
                        "alternativni_2": []
                    }
                },
                {
                    "episode_number": 109,
                    "title": "Epizoda 109",
                    "link_groups": {
                        "glavni": [
                            "https:\/\/www.file-upload.org\/7mkino85gfl5"
                        ],
                        "alternativni_1": [],
                        "alternativni_2": []
                    }
                },
                {
                    "episode_number": 110,
                    "title": "Epizoda 110",
                    "link_groups": {
                        "glavni": [
                            "https:\/\/www.file-upload.org\/r28bakv4sc3o"
                        ],
                        "alternativni_1": [],
                        "alternativni_2": []
                    }
                }
            ]
        }
    }
}