{
    "title": "Kad Susjedi Polude",
    "plot": "Franjo (Damir Lončar) je glavni nositelj ove priče pune humornih obrata, spletki, prijevara i neobičnih događaja. Franjo je osiromašeni plemenitaš koji se mora nositi sa svakodnevnim problemima koje mu upriliče sustanari. Svaka epizoda serije bavi se novom pričom koja humorno reflektira socijalne i državne apsurde.",
    "thumb": "https:\/\/m.media-amazon.com\/images\/M\/MV5BYjk0ZDczZDUtZjYyNC00YzA3LWEzNDctZDYyZjNiYzkyZTFhXkEyXkFqcGc@._V1_FMjpg_UX1000_.jpg",
    "type": "serije",
    "created_at": "2025-05-30 12:52:40",
    "year": 2018,
    "seasons": {
        "1": {
            "title": "Sezona 1",
            "episodes": [
                {
                    "episode_number": 1,
                    "title": "Epizoda 1",
                    "link_groups": {
                        "glavni": [
                            "https:\/\/www.file-upload.org\/9quo8u66w0co"
                        ],
                        "alternativni_1": [],
                        "alternativni_2": []
                    }
                },
                {
                    "episode_number": 2,
                    "title": "Epizoda 2",
                    "link_groups": {
                        "glavni": [
                            "https:\/\/www.file-upload.org\/x1w43rov3fgz"
                        ],
                        "alternativni_1": [],
                        "alternativni_2": []
                    }
                }
            ]
        }
    }
}