{
    "title": "Anka",
    "plot": "Bajka o djevojčici Anki te snazi i moći dječje ljubavi. Bilo je to negdje u srednjoj Europi početkom prošloga stoljeća kad Anku (C. Viljac) iz sirotišta k sebi uzme bogata rođakinja. Ubrzo otmjena rođakinja pokazuje drugo lice, a razočarana i utučena Anka pobjegne jer želi natrag u sirotište. Put je dovodi do ciglane okružene visokim stablima i čudesnom prirodom. Grubih lica i velikoga srca, ciglari joj daju novi privremeni dom. Stave je u sobu buntovnoga ciglara Brazilijanca (É. Cantona), siročeta poput nje, koji je tu noć završio u zatvoru.\r\nU dubini šume gdje se nalazi ciglana s ovozemaljskim se životom isprepleće začudni, bajkoviti svijet šumskih bića koja vide samo djeca bujne mašte...",
    "thumb": "https:\/\/upload.wikimedia.org\/wikipedia\/hr\/thumb\/8\/84\/Anka2017.jpg\/200px-Anka2017.jpg",
    "type": "serije",
    "created_at": "2025-05-27 12:43:37",
    "year": 2017,
    "seasons": {
        "1": {
            "title": "Sezona 1",
            "episodes": [
                {
                    "episode_number": 1,
                    "title": "Epizoda 1",
                    "link_groups": {
                        "glavni": [
                            "https:\/\/www.file-upload.org\/7jdjskspd5ku"
                        ],
                        "alternativni_1": [],
                        "alternativni_2": []
                    }
                },
                {
                    "episode_number": 2,
                    "title": "Epizoda 2",
                    "link_groups": {
                        "glavni": [
                            "https:\/\/www.file-upload.org\/npii7t5txycm"
                        ],
                        "alternativni_1": [],
                        "alternativni_2": []
                    }
                },
                {
                    "episode_number": 3,
                    "title": "Epizoda 3",
                    "link_groups": {
                        "glavni": [
                            "https:\/\/www.file-upload.org\/50jxo2w679k6"
                        ],
                        "alternativni_1": [],
                        "alternativni_2": []
                    }
                }
            ]
        }
    }
}