{
    "title": "Dara Iz Jasenovca",
    "plot": "U uvodu pratimo susret brata i sestre, već odraslih Dare i Bude posle 50 godina pred Zadarsku kristalnu noć i početak raspada Jugoslavije. Takođe pratimo sećanje odrasle Dare na događaje koji su se desili 1942 godine u Jasenovcu.\r\n\r\nPosle hrvatsko—nemačke ofanzive na Kozari, lokalno stanovništvo završava u koncentracionim logorima. Među njima je i desetogodišnja Dara sa svojom majkom i dva brata. O sudbini oca ne znaju ništa. Užas koji će preživeti preko Jasenovca do logora Stara Gradiška učiniće da Dara odraste preko noći. Darinu majku i starijeg brata ubijaju, a smisao njenog života postaje da sačuva život mlađeg brata.",
    "thumb": "https:\/\/upload.wikimedia.org\/wikipedia\/sr\/7\/7a\/%D0%94%D0%B0%D1%80%D0%B0_%D0%B8%D0%B7_%D0%88%D0%B0%D1%81%D0%B5%D0%BD%D0%BE%D0%B2%D1%86%D0%B0-%D0%97%D0%B2%D0%B0%D0%BD%D0%B8%D1%87%D0%BD%D0%B8_%D0%BF%D0%BE%D1%81%D1%82%D0%B5%D1%80.png",
    "type": "serije",
    "created_at": "2025-05-29 00:22:08",
    "year": 2021,
    "seasons": {
        "1": {
            "title": "Sezona 1",
            "episodes": [
                {
                    "episode_number": 1,
                    "title": "Epizoda 1",
                    "link_groups": {
                        "glavni": [
                            "https:\/\/www.file-upload.org\/pzj9o3lvqyjc"
                        ],
                        "alternativni_1": [],
                        "alternativni_2": []
                    }
                },
                {
                    "episode_number": 2,
                    "title": "Epizoda 2",
                    "link_groups": {
                        "glavni": [
                            "https:\/\/www.file-upload.org\/zso4rxd5q3w9"
                        ],
                        "alternativni_1": [],
                        "alternativni_2": []
                    }
                },
                {
                    "episode_number": 3,
                    "title": "Epizoda 3",
                    "link_groups": {
                        "glavni": [
                            "https:\/\/www.file-upload.org\/cem50hnz02cj"
                        ],
                        "alternativni_1": [],
                        "alternativni_2": []
                    }
                },
                {
                    "episode_number": 4,
                    "title": "Epizoda 4",
                    "link_groups": {
                        "glavni": [
                            "https:\/\/www.file-upload.org\/5xz0dmql3teq"
                        ],
                        "alternativni_1": [],
                        "alternativni_2": []
                    }
                }
            ]
        }
    }
}