{
    "title": "Zakon Ljubavi",
    "plot": "Centar priče je život dve zagrebačke porodice, Perković i Nardeli, čije su pozicije u društvu, kao i finansijsko stanje slične, ali moralni stavovi kao i način stvaranja tih pozicija suprotni.\r\n\r\nPetar Perkovića (30), starije dete Perkovićevih je nezrela ličnost. Zaposlen je u advokatskoj kancelariji njegovog oca Zvonimira Perkovića. Žurke i žene su mu važnije od svog braka i zanimanja. Njegova žena Maja Lena Nardeli Perković (30) takođe radi u istoj kancelariji i izuzetno je uspešna advokatkinja.",
    "thumb": "https:\/\/upload.wikimedia.org\/wikipedia\/sr\/1\/15\/Zakon_ljubavi_%28HR%29.jpg",
    "type": "serije",
    "created_at": "2025-06-12 15:20:51",
    "year": 2008,
    "seasons": {
        "1": {
            "title": "Sezona 1",
            "episodes": [
                {
                    "episode_number": 1,
                    "title": "Epizoda 1",
                    "link_groups": {
                        "glavni": [
                            "https:\/\/www.file-upload.org\/rxyvdqpw50dg"
                        ],
                        "alternativni_1": [],
                        "alternativni_2": []
                    }
                },
                {
                    "episode_number": 2,
                    "title": "Epizoda 2",
                    "link_groups": {
                        "glavni": [
                            "https:\/\/www.file-upload.org\/ki9io121glre"
                        ],
                        "alternativni_1": [],
                        "alternativni_2": []
                    }
                },
                {
                    "episode_number": 3,
                    "title": "Epizoda 3",
                    "link_groups": {
                        "glavni": [
                            "https:\/\/www.file-upload.org\/l2om89c10vwh"
                        ],
                        "alternativni_1": [],
                        "alternativni_2": []
                    }
                },
                {
                    "episode_number": 4,
                    "title": "Epizoda 4",
                    "link_groups": {
                        "glavni": [
                            "https:\/\/www.file-upload.org\/gf6g7bdsd47t"
                        ],
                        "alternativni_1": [],
                        "alternativni_2": []
                    }
                },
                {
                    "episode_number": 5,
                    "title": "Epizoda 5",
                    "link_groups": {
                        "glavni": [
                            "https:\/\/www.file-upload.org\/mgv9695j1135"
                        ],
                        "alternativni_1": [],
                        "alternativni_2": []
                    }
                },
                {
                    "episode_number": 6,
                    "title": "Epizoda 6",
                    "link_groups": {
                        "glavni": [
                            "https:\/\/www.file-upload.org\/rtooqqaddvy9"
                        ],
                        "alternativni_1": [],
                        "alternativni_2": []
                    }
                },
                {
                    "episode_number": 7,
                    "title": "Epizoda 7",
                    "link_groups": {
                        "glavni": [
                            "https:\/\/www.file-upload.org\/k4ssqpyqqat2"
                        ],
                        "alternativni_1": [],
                        "alternativni_2": []
                    }
                },
                {
                    "episode_number": 8,
                    "title": "Epizoda 8",
                    "link_groups": {
                        "glavni": [
                            "https:\/\/www.file-upload.org\/nolsspvwuv8x"
                        ],
                        "alternativni_1": [],
                        "alternativni_2": []
                    }
                },
                {
                    "episode_number": 9,
                    "title": "Epizoda 9",
                    "link_groups": {
                        "glavni": [
                            "https:\/\/www.file-upload.org\/mlqhwyq6e1q3"
                        ],
                        "alternativni_1": [],
                        "alternativni_2": []
                    }
                },
                {
                    "episode_number": 10,
                    "title": "Epizoda 10",
                    "link_groups": {
                        "glavni": [
                            "https:\/\/www.file-upload.org\/rplxjc5xs32e"
                        ],
                        "alternativni_1": [],
                        "alternativni_2": []
                    }
                },
                {
                    "episode_number": 11,
                    "title": "Epizoda 11",
                    "link_groups": {
                        "glavni": [
                            "https:\/\/www.file-upload.org\/xcmo8fgi6309"
                        ],
                        "alternativni_1": [],
                        "alternativni_2": []
                    }
                },
                {
                    "episode_number": 12,
                    "title": "Epizoda 12",
                    "link_groups": {
                        "glavni": [
                            "https:\/\/www.file-upload.org\/w90mrr7swdsc"
                        ],
                        "alternativni_1": [],
                        "alternativni_2": []
                    }
                },
                {
                    "episode_number": 13,
                    "title": "Epizoda 13",
                    "link_groups": {
                        "glavni": [
                            "https:\/\/www.file-upload.org\/s321vegpcp47"
                        ],
                        "alternativni_1": [],
                        "alternativni_2": []
                    }
                },
                {
                    "episode_number": 14,
                    "title": "Epizoda 14",
                    "link_groups": {
                        "glavni": [
                            "https:\/\/www.file-upload.org\/qs9k0y8tqtwv"
                        ],
                        "alternativni_1": [],
                        "alternativni_2": []
                    }
                },
                {
                    "episode_number": 15,
                    "title": "Epizoda 15",
                    "link_groups": {
                        "glavni": [
                            "https:\/\/www.file-upload.org\/xnb1e1v9s43x"
                        ],
                        "alternativni_1": [],
                        "alternativni_2": []
                    }
                },
                {
                    "episode_number": 16,
                    "title": "Epizoda 16",
                    "link_groups": {
                        "glavni": [
                            "https:\/\/www.file-upload.org\/vm3zg06srl2w"
                        ],
                        "alternativni_1": [],
                        "alternativni_2": []
                    }
                },
                {
                    "episode_number": 17,
                    "title": "Epizoda 17",
                    "link_groups": {
                        "glavni": [
                            "https:\/\/www.file-upload.org\/x0n20h43ce6z"
                        ],
                        "alternativni_1": [],
                        "alternativni_2": []
                    }
                },
                {
                    "episode_number": 18,
                    "title": "Epizoda 18",
                    "link_groups": {
                        "glavni": [
                            "https:\/\/www.file-upload.org\/sw6o2eh9ewvw"
                        ],
                        "alternativni_1": [],
                        "alternativni_2": []
                    }
                },
                {
                    "episode_number": 19,
                    "title": "Epizoda 19",
                    "link_groups": {
                        "glavni": [
                            "https:\/\/www.file-upload.org\/1wx6qutyh48z"
                        ],
                        "alternativni_1": [],
                        "alternativni_2": []
                    }
                },
                {
                    "episode_number": 20,
                    "title": "Epizoda 20",
                    "link_groups": {
                        "glavni": [
                            "https:\/\/www.file-upload.org\/utbxlkvz34pj"
                        ],
                        "alternativni_1": [],
                        "alternativni_2": []
                    }
                },
                {
                    "episode_number": 21,
                    "title": "Epizoda 21",
                    "link_groups": {
                        "glavni": [
                            "https:\/\/www.file-upload.org\/tkxlt7pwkgy1"
                        ],
                        "alternativni_1": [],
                        "alternativni_2": []
                    }
                },
                {
                    "episode_number": 22,
                    "title": "Epizoda 22",
                    "link_groups": {
                        "glavni": [
                            "https:\/\/www.file-upload.org\/bdy97xexgaqu"
                        ],
                        "alternativni_1": [],
                        "alternativni_2": []
                    }
                },
                {
                    "episode_number": 23,
                    "title": "Epizoda 23",
                    "link_groups": {
                        "glavni": [
                            "https:\/\/www.file-upload.org\/xnfnzdrncrtv"
                        ],
                        "alternativni_1": [],
                        "alternativni_2": []
                    }
                },
                {
                    "episode_number": 24,
                    "title": "Epizoda 24",
                    "link_groups": {
                        "glavni": [
                            "https:\/\/www.file-upload.org\/yna2ptkjn2ri"
                        ],
                        "alternativni_1": [],
                        "alternativni_2": []
                    }
                },
                {
                    "episode_number": 25,
                    "title": "Epizoda 25",
                    "link_groups": {
                        "glavni": [
                            "https:\/\/www.file-upload.org\/3hsq7m29osst"
                        ],
                        "alternativni_1": [],
                        "alternativni_2": []
                    }
                },
                {
                    "episode_number": 26,
                    "title": "Epizoda 26",
                    "link_groups": {
                        "glavni": [
                            "https:\/\/www.file-upload.org\/eca9rt1hzrwn"
                        ],
                        "alternativni_1": [],
                        "alternativni_2": []
                    }
                },
                {
                    "episode_number": 27,
                    "title": "Epizoda 27",
                    "link_groups": {
                        "glavni": [
                            "https:\/\/www.file-upload.org\/2o7mxmwcwosz"
                        ],
                        "alternativni_1": [],
                        "alternativni_2": []
                    }
                },
                {
                    "episode_number": 28,
                    "title": "Epizoda 28",
                    "link_groups": {
                        "glavni": [
                            "https:\/\/www.file-upload.org\/2zi87pv4v0pf"
                        ],
                        "alternativni_1": [],
                        "alternativni_2": []
                    }
                },
                {
                    "episode_number": 29,
                    "title": "Epizoda 29",
                    "link_groups": {
                        "glavni": [
                            "https:\/\/www.file-upload.org\/ck1o78facluv"
                        ],
                        "alternativni_1": [],
                        "alternativni_2": []
                    }
                },
                {
                    "episode_number": 30,
                    "title": "Epizoda 30",
                    "link_groups": {
                        "glavni": [
                            "https:\/\/www.file-upload.org\/qyuuct4v75g2"
                        ],
                        "alternativni_1": [],
                        "alternativni_2": []
                    }
                },
                {
                    "episode_number": 31,
                    "title": "Epizoda 31",
                    "link_groups": {
                        "glavni": [
                            "https:\/\/www.file-upload.org\/9w6u91ghl6gz"
                        ],
                        "alternativni_1": [],
                        "alternativni_2": []
                    }
                },
                {
                    "episode_number": 32,
                    "title": "Epizoda 32",
                    "link_groups": {
                        "glavni": [
                            "https:\/\/www.file-upload.org\/bo5jesc32kdk"
                        ],
                        "alternativni_1": [],
                        "alternativni_2": []
                    }
                },
                {
                    "episode_number": 33,
                    "title": "Epizoda 33",
                    "link_groups": {
                        "glavni": [
                            "https:\/\/www.file-upload.org\/djxew011fm15"
                        ],
                        "alternativni_1": [],
                        "alternativni_2": []
                    }
                },
                {
                    "episode_number": 34,
                    "title": "Epizoda 34",
                    "link_groups": {
                        "glavni": [
                            "https:\/\/www.file-upload.org\/bf77htt1yn71"
                        ],
                        "alternativni_1": [],
                        "alternativni_2": []
                    }
                },
                {
                    "episode_number": 35,
                    "title": "Epizoda 35",
                    "link_groups": {
                        "glavni": [
                            "https:\/\/www.file-upload.org\/kfmwqdeg6kg4"
                        ],
                        "alternativni_1": [],
                        "alternativni_2": []
                    }
                },
                {
                    "episode_number": 36,
                    "title": "Epizoda 36",
                    "link_groups": {
                        "glavni": [
                            "https:\/\/www.file-upload.org\/zh4knrjtvtb6"
                        ],
                        "alternativni_1": [],
                        "alternativni_2": []
                    }
                },
                {
                    "episode_number": 37,
                    "title": "Epizoda 37",
                    "link_groups": {
                        "glavni": [
                            "https:\/\/www.file-upload.org\/r157ojvgflwm"
                        ],
                        "alternativni_1": [],
                        "alternativni_2": []
                    }
                },
                {
                    "episode_number": 38,
                    "title": "Epizoda 38",
                    "link_groups": {
                        "glavni": [
                            "https:\/\/www.file-upload.org\/3ae4jdnjmywb"
                        ],
                        "alternativni_1": [],
                        "alternativni_2": []
                    }
                },
                {
                    "episode_number": 39,
                    "title": "Epizoda 39",
                    "link_groups": {
                        "glavni": [
                            "https:\/\/www.file-upload.org\/6wefux9erkbk"
                        ],
                        "alternativni_1": [],
                        "alternativni_2": []
                    }
                },
                {
                    "episode_number": 40,
                    "title": "Epizoda 40",
                    "link_groups": {
                        "glavni": [
                            "https:\/\/www.file-upload.org\/09chzyarr8tn"
                        ],
                        "alternativni_1": [],
                        "alternativni_2": []
                    }
                },
                {
                    "episode_number": 41,
                    "title": "Epizoda 41",
                    "link_groups": {
                        "glavni": [
                            "https:\/\/www.file-upload.org\/mhy6w9pvumw5"
                        ],
                        "alternativni_1": [],
                        "alternativni_2": []
                    }
                },
                {
                    "episode_number": 42,
                    "title": "Epizoda 42",
                    "link_groups": {
                        "glavni": [
                            "https:\/\/www.file-upload.org\/tg0ss9jy00z4"
                        ],
                        "alternativni_1": [],
                        "alternativni_2": []
                    }
                },
                {
                    "episode_number": 43,
                    "title": "Epizoda 43",
                    "link_groups": {
                        "glavni": [
                            "https:\/\/www.file-upload.org\/7ojarcqk9lzg"
                        ],
                        "alternativni_1": [],
                        "alternativni_2": []
                    }
                },
                {
                    "episode_number": 44,
                    "title": "Epizoda 44",
                    "link_groups": {
                        "glavni": [
                            "https:\/\/www.file-upload.org\/8nvj8shx0wwy"
                        ],
                        "alternativni_1": [],
                        "alternativni_2": []
                    }
                },
                {
                    "episode_number": 45,
                    "title": "Epizoda 45",
                    "link_groups": {
                        "glavni": [
                            "https:\/\/www.file-upload.org\/ycfaguidii1z"
                        ],
                        "alternativni_1": [],
                        "alternativni_2": []
                    }
                },
                {
                    "episode_number": 46,
                    "title": "Epizoda 46",
                    "link_groups": {
                        "glavni": [
                            "https:\/\/www.file-upload.org\/5635bt3fo0ae"
                        ],
                        "alternativni_1": [],
                        "alternativni_2": []
                    }
                },
                {
                    "episode_number": 47,
                    "title": "Epizoda 47",
                    "link_groups": {
                        "glavni": [
                            "https:\/\/www.file-upload.org\/rwez6hsvmb5f"
                        ],
                        "alternativni_1": [],
                        "alternativni_2": []
                    }
                },
                {
                    "episode_number": 48,
                    "title": "Epizoda 48",
                    "link_groups": {
                        "glavni": [
                            "https:\/\/www.file-upload.org\/owzwhlbwt8e2"
                        ],
                        "alternativni_1": [],
                        "alternativni_2": []
                    }
                },
                {
                    "episode_number": 49,
                    "title": "Epizoda 49",
                    "link_groups": {
                        "glavni": [
                            "https:\/\/www.file-upload.org\/gxw2a1ueli0s"
                        ],
                        "alternativni_1": [],
                        "alternativni_2": []
                    }
                },
                {
                    "episode_number": 50,
                    "title": "Epizoda 50",
                    "link_groups": {
                        "glavni": [
                            "https:\/\/www.file-upload.org\/q6l2z5q3na41"
                        ],
                        "alternativni_1": [],
                        "alternativni_2": []
                    }
                },
                {
                    "episode_number": 51,
                    "title": "Epizoda 51",
                    "link_groups": {
                        "glavni": [
                            "https:\/\/www.file-upload.org\/d49yk9o41nsf"
                        ],
                        "alternativni_1": [],
                        "alternativni_2": []
                    }
                },
                {
                    "episode_number": 52,
                    "title": "Epizoda 52",
                    "link_groups": {
                        "glavni": [
                            "https:\/\/www.file-upload.org\/j2iagalv0q9z"
                        ],
                        "alternativni_1": [],
                        "alternativni_2": []
                    }
                },
                {
                    "episode_number": 53,
                    "title": "Epizoda 53",
                    "link_groups": {
                        "glavni": [
                            "https:\/\/www.file-upload.org\/p1d0t5s62uv4"
                        ],
                        "alternativni_1": [],
                        "alternativni_2": []
                    }
                },
                {
                    "episode_number": 54,
                    "title": "Epizoda 54",
                    "link_groups": {
                        "glavni": [
                            "https:\/\/www.file-upload.org\/pjhblr1o31f6"
                        ],
                        "alternativni_1": [],
                        "alternativni_2": []
                    }
                },
                {
                    "episode_number": 55,
                    "title": "Epizoda 55",
                    "link_groups": {
                        "glavni": [
                            "https:\/\/www.file-upload.org\/6zl9nec72bns"
                        ],
                        "alternativni_1": [],
                        "alternativni_2": []
                    }
                },
                {
                    "episode_number": 56,
                    "title": "Epizoda 56",
                    "link_groups": {
                        "glavni": [
                            "https:\/\/www.file-upload.org\/zmf3rox88wa3"
                        ],
                        "alternativni_1": [],
                        "alternativni_2": []
                    }
                },
                {
                    "episode_number": 57,
                    "title": "Epizoda 57",
                    "link_groups": {
                        "glavni": [
                            "https:\/\/www.file-upload.org\/o3hs8anueupj"
                        ],
                        "alternativni_1": [],
                        "alternativni_2": []
                    }
                },
                {
                    "episode_number": 58,
                    "title": "Epizoda 58",
                    "link_groups": {
                        "glavni": [
                            "https:\/\/www.file-upload.org\/0avxmz26pbc9"
                        ],
                        "alternativni_1": [],
                        "alternativni_2": []
                    }
                },
                {
                    "episode_number": 59,
                    "title": "Epizoda 59",
                    "link_groups": {
                        "glavni": [
                            "https:\/\/www.file-upload.org\/l3zsodeiudcs"
                        ],
                        "alternativni_1": [],
                        "alternativni_2": []
                    }
                },
                {
                    "episode_number": 60,
                    "title": "Epizoda 60",
                    "link_groups": {
                        "glavni": [
                            "https:\/\/www.file-upload.org\/pt2s4fev581l"
                        ],
                        "alternativni_1": [],
                        "alternativni_2": []
                    }
                }
            ]
        }
    }
}