{
    "title": "Balkanska Medja",
    "plot": "Radnja filma je o malom odredu od 200 ruskih vojnika koji su ubačeni u specijalnu operaciju na Kosovu i Metohiji usred vojnog sukoba 1999. godine. Suočavajući se sa albanskim razbojnicima i vojnicima NATO-a, hrabri padobranci pokušavaju da zadrže strateški važan Aerodrom Slatina i spasu srpske zarobljenike, koji imaju tragičnu sudbinu. Rus Andrej Šatalov ima i lični motiv — njegova devojka Jasna zarobljena je od strane Albanaca zbog šverca organa.",
    "thumb": "https:\/\/m.media-amazon.com\/images\/M\/MV5BMGFiMWQwYjMtYzg2YS00YWFiLTkxNDUtZTEyMDhjYzgxOGI0XkEyXkFqcGc@._V1_.jpg",
    "type": "serije",
    "created_at": "2025-05-27 13:00:24",
    "year": 2019,
    "seasons": {
        "1": {
            "title": "Sezona 1",
            "episodes": [
                {
                    "episode_number": 1,
                    "title": "Epizoda 1",
                    "link_groups": {
                        "glavni": [
                            "https:\/\/www.file-upload.org\/1doi4w9z88fo"
                        ],
                        "alternativni_1": [],
                        "alternativni_2": []
                    }
                },
                {
                    "episode_number": 2,
                    "title": "Epizoda 2",
                    "link_groups": {
                        "glavni": [
                            "https:\/\/www.file-upload.org\/38gwty3vcqb9"
                        ],
                        "alternativni_1": [],
                        "alternativni_2": []
                    }
                },
                {
                    "episode_number": 3,
                    "title": "Epizoda 3",
                    "link_groups": {
                        "glavni": [
                            "https:\/\/www.file-upload.org\/ty3ciups0xho"
                        ],
                        "alternativni_1": [],
                        "alternativni_2": []
                    }
                },
                {
                    "episode_number": 4,
                    "title": "Epizoda 4",
                    "link_groups": {
                        "glavni": [
                            "https:\/\/www.file-upload.org\/y52z7dgootwa"
                        ],
                        "alternativni_1": [],
                        "alternativni_2": []
                    }
                }
            ]
        }
    }
}