{
    "title": "Mlakarova Ljubav",
    "plot": "U šest epizoda serije Mlakarova ljubav pratimo događaje u životu mladoga Ivana Mlakara, zvanog Pes. Pes dolazi iz Varaždina u Zagreb kako bi nastavio školovanje. U đačkome domu upoznaje odgojitelja Zeca, apsolventa sociologije, koji suvremenijim pedagoškim metodama nastoji zadobiti naklonost mladih ljudi. Pes voli golubove, potajno ih pokušava uzgajati na tavanu; voli i konje, posjećuje ih u konjičkom klubu na Kajzerici, te postaje spretan jahač i kaskader. Nakon prilagodbe na novu sredinu, upoznaje i simpatičnu djevojku zvanu Kockica...",
    "thumb": "https:\/\/m.media-amazon.com\/images\/M\/MV5BYTQ2N2RhYTMtYmU2MS00ZWYyLWJjNzAtMzhlMzIzMmNlM2Y3XkEyXkFqcGc@._V1_FMjpg_UX1000_.jpg",
    "type": "serije",
    "created_at": "2025-05-31 13:54:07",
    "year": 1993,
    "seasons": {
        "1": {
            "title": "Sezona 1",
            "episodes": [
                {
                    "episode_number": 1,
                    "title": "Epizoda 1",
                    "link_groups": {
                        "glavni": [
                            "https:\/\/www.file-upload.org\/u0won3i51836"
                        ],
                        "alternativni_1": [],
                        "alternativni_2": []
                    }
                },
                {
                    "episode_number": 2,
                    "title": "Epizoda 2",
                    "link_groups": {
                        "glavni": [
                            "https:\/\/www.file-upload.org\/ekvxerdj91ih"
                        ],
                        "alternativni_1": [],
                        "alternativni_2": []
                    }
                },
                {
                    "episode_number": 3,
                    "title": "Epizoda 3",
                    "link_groups": {
                        "glavni": [
                            "https:\/\/www.file-upload.org\/643xsj77coc4"
                        ],
                        "alternativni_1": [],
                        "alternativni_2": []
                    }
                },
                {
                    "episode_number": 4,
                    "title": "Epizoda 4",
                    "link_groups": {
                        "glavni": [
                            "https:\/\/www.file-upload.org\/fpdadgmyefyb"
                        ],
                        "alternativni_1": [],
                        "alternativni_2": []
                    }
                },
                {
                    "episode_number": 5,
                    "title": "Epizoda 5",
                    "link_groups": {
                        "glavni": [
                            "https:\/\/www.file-upload.org\/4r865ld71ogz"
                        ],
                        "alternativni_1": [],
                        "alternativni_2": []
                    }
                },
                {
                    "episode_number": 6,
                    "title": "Epizoda 6",
                    "link_groups": {
                        "glavni": [
                            "https:\/\/www.file-upload.org\/zrz6o7vqrp36"
                        ],
                        "alternativni_1": [],
                        "alternativni_2": []
                    }
                }
            ]
        }
    }
}