{
    "title": "Jesen Samuraja",
    "plot": "Jesen samuraja je romantična komedija sa elementima sportskog filma. Glavni junak, Vladica (Petar Strugar) je profesionalni karatista, šarmantni bonvivan koji je nekada bio veliki talenat, ali nije napravio veliku karijeru zbog prevelike sklonosti ka provodu i noćnom životu. Po okončanju karijere vraća se u rodni grad i zaljubljuje se u Snežanu (Hristina Popović) i vezuje za nju i njenog malog sina Vukašina. Vladica želi da se brine o njima, ali shvata da ne ume da radi ništa osim karatea. Njegova potraga za poslom koji bi mu omogućio da brine o porodici koju je upravo počeo da stvara, dovodi ga u niz urnebesnih komičnih situacija.",
    "thumb": "https:\/\/m.media-amazon.com\/images\/M\/MV5BY2RjOWNkMWItYTdjNC00YTQ4LWJjODQtOTg2NGM2NGFjZjY4XkEyXkFqcGc@._V1_.jpg",
    "type": "serije",
    "created_at": "2025-05-30 12:36:59",
    "year": 2016,
    "seasons": {
        "1": {
            "title": "Sezona 1",
            "episodes": [
                {
                    "episode_number": 1,
                    "title": "Epizoda 1",
                    "link_groups": {
                        "glavni": [
                            "https:\/\/www.file-upload.org\/xpxvkim2hudd"
                        ],
                        "alternativni_1": [],
                        "alternativni_2": []
                    }
                },
                {
                    "episode_number": 2,
                    "title": "Epizoda 2",
                    "link_groups": {
                        "glavni": [
                            "https:\/\/www.file-upload.org\/ay10bcw7fwne"
                        ],
                        "alternativni_1": [],
                        "alternativni_2": []
                    }
                }
            ]
        }
    }
}